Country,Code,Year,WHORegion,Tobacco,CVDMortality,TobaccoMethod
Albania,ALB,2000,Europe,34.1,349.8244,WHO estimate
Albania,ALB,2001,Europe,33.480000000000004,277.15262,Interpolated between WHO estimates
Albania,ALB,2002,Europe,32.86,298.93408,Interpolated between WHO estimates
Albania,ALB,2003,Europe,32.24,328.60852,Interpolated between WHO estimates
Albania,ALB,2004,Europe,31.62,312.56067,Interpolated between WHO estimates
Albania,ALB,2005,Europe,31.0,294.53677,WHO estimate
Albania,ALB,2006,Europe,30.4,281.12512,Interpolated between WHO estimates
Albania,ALB,2007,Europe,29.8,239.36775,WHO estimate
Albania,ALB,2008,Europe,29.233333333333334,279.01453,Interpolated between WHO estimates
Albania,ALB,2009,Europe,28.666666666666668,264.95486,Interpolated between WHO estimates
Albania,ALB,2010,Europe,28.1,184.45703,WHO estimate
Argentina,ARG,2000,Americas,33.1,216.99747,WHO estimate
Argentina,ARG,2001,Americas,32.64,215.14868,Interpolated between WHO estimates
Argentina,ARG,2002,Americas,32.18,212.10309,Interpolated between WHO estimates
Argentina,ARG,2003,Americas,31.720000000000002,207.15826,Interpolated between WHO estimates
Argentina,ARG,2004,Americas,31.26,194.51419,Interpolated between WHO estimates
Argentina,ARG,2005,Americas,30.8,188.04074,WHO estimate
Argentina,ARG,2006,Americas,30.35,182.73055,Interpolated between WHO estimates
Argentina,ARG,2007,Americas,29.9,187.65993,WHO estimate
Argentina,ARG,2008,Americas,29.5,174.23799,Interpolated between WHO estimates
Argentina,ARG,2009,Americas,29.099999999999998,169.95134,Interpolated between WHO estimates
Argentina,ARG,2010,Americas,28.7,179.86206,WHO estimate
Argentina,ARG,2011,Americas,28.3,173.71593,Interpolated between WHO estimates
Argentina,ARG,2012,Americas,27.9,168.57495,Interpolated between WHO estimates
Argentina,ARG,2013,Americas,27.5,161.67715,Interpolated between WHO estimates
Argentina,ARG,2014,Americas,27.099999999999998,155.36261,Interpolated between WHO estimates
Argentina,ARG,2015,Americas,26.7,159.68933,WHO estimate
Argentina,ARG,2016,Americas,26.32,165.11478,Interpolated between WHO estimates
Argentina,ARG,2017,Americas,25.94,155.17032,Interpolated between WHO estimates
Argentina,ARG,2018,Americas,25.56,150.7534,Interpolated between WHO estimates
Argentina,ARG,2019,Americas,25.18,150.35957,Interpolated between WHO estimates
Argentina,ARG,2020,Americas,24.8,147.20428,WHO estimate
Argentina,ARG,2021,Americas,24.55,159.7745,Interpolated between WHO estimates
Argentina,ARG,2022,Americas,24.3,159.9662,WHO estimate
Armenia,ARM,2000,Europe,34.0,332.6742,WHO estimate
Armenia,ARM,2001,Europe,33.66,330.90414,Interpolated between WHO estimates
Armenia,ARM,2002,Europe,33.32,461.39658,Interpolated between WHO estimates
Armenia,ARM,2003,Europe,32.98,463.36203,Interpolated between WHO estimates
Armenia,ARM,2006,Europe,31.95,364.11295,Interpolated between WHO estimates
Armenia,ARM,2007,Europe,31.6,354.03165,WHO estimate
Armenia,ARM,2008,Europe,31.26666666666667,403.02014,Interpolated between WHO estimates
Armenia,ARM,2009,Europe,30.933333333333334,349.8879,Interpolated between WHO estimates
Armenia,ARM,2010,Europe,30.6,343.95685,WHO estimate
Armenia,ARM,2011,Europe,30.26,323.52078,Interpolated between WHO estimates
Armenia,ARM,2012,Europe,29.92,322.80957,Interpolated between WHO estimates
Armenia,ARM,2013,Europe,29.58,307.88495,Interpolated between WHO estimates
Armenia,ARM,2014,Europe,29.24,312.74008,Interpolated between WHO estimates
Armenia,ARM,2015,Europe,28.9,296.68723,WHO estimate
Armenia,ARM,2016,Europe,28.599999999999998,306.29126,Interpolated between WHO estimates
Armenia,ARM,2017,Europe,28.299999999999997,334.87628,Interpolated between WHO estimates
Armenia,ARM,2018,Europe,28.0,310.9402,Interpolated between WHO estimates
Armenia,ARM,2019,Europe,27.7,304.684,Interpolated between WHO estimates
Armenia,ARM,2020,Europe,27.4,375.8216,WHO estimate
Armenia,ARM,2021,Europe,27.0,352.69336,Interpolated between WHO estimates
Armenia,ARM,2022,Europe,26.6,298.2016,WHO estimate
Armenia,ARM,2023,Europe,26.4,244.60516,WHO estimate
Australia,AUS,2000,Western Pacific,24.9,154.0971,WHO estimate
Australia,AUS,2001,Western Pacific,24.16,147.2651,Interpolated between WHO estimates
Australia,AUS,2002,Western Pacific,23.419999999999998,142.63034,Interpolated between WHO estimates
Australia,AUS,2003,Western Pacific,22.68,134.5257,Interpolated between WHO estimates
Australia,AUS,2004,Western Pacific,21.939999999999998,129.08118,Interpolated between WHO estimates
Australia,AUS,2006,Western Pacific,20.549999999999997,119.39977,Interpolated between WHO estimates
Australia,AUS,2007,Western Pacific,19.9,113.90773,WHO estimate
Australia,AUS,2008,Western Pacific,19.3,113.730995,Interpolated between WHO estimates
Australia,AUS,2009,Western Pacific,18.7,104.66892,Interpolated between WHO estimates
Australia,AUS,2010,Western Pacific,18.1,99.70675,WHO estimate
Australia,AUS,2011,Western Pacific,17.560000000000002,97.5968,Interpolated between WHO estimates
Australia,AUS,2012,Western Pacific,17.02,91.154,Interpolated between WHO estimates
Australia,AUS,2013,Western Pacific,16.48,87.79595,Interpolated between WHO estimates
Australia,AUS,2014,Western Pacific,15.940000000000001,88.21639,Interpolated between WHO estimates
Australia,AUS,2015,Western Pacific,15.4,86.83922,WHO estimate
Australia,AUS,2016,Western Pacific,14.96,82.068214,Interpolated between WHO estimates
Australia,AUS,2017,Western Pacific,14.52,79.26224,Interpolated between WHO estimates
Australia,AUS,2018,Western Pacific,14.08,75.062035,Interpolated between WHO estimates
Australia,AUS,2019,Western Pacific,13.639999999999999,76.41658,Interpolated between WHO estimates
Australia,AUS,2020,Western Pacific,13.2,69.3306,WHO estimate
Australia,AUS,2021,Western Pacific,12.8,70.66705,Interpolated between WHO estimates
Australia,AUS,2022,Western Pacific,12.4,72.59429,WHO estimate
Australia,AUS,2023,Western Pacific,12.0,66.80804,WHO estimate
Austria,AUT,2000,Europe,49.8,235.8798,WHO estimate
Austria,AUT,2001,Europe,48.339999999999996,222.60655,Interpolated between WHO estimates
Austria,AUT,2002,Europe,46.879999999999995,209.40105,Interpolated between WHO estimates
Austria,AUT,2003,Europe,45.42,197.00291,Interpolated between WHO estimates
Austria,AUT,2004,Europe,43.96,180.48369,Interpolated between WHO estimates
Austria,AUT,2005,Europe,42.5,175.24156,WHO estimate
Austria,AUT,2006,Europe,41.2,167.76112,Interpolated between WHO estimates
Austria,AUT,2007,Europe,39.9,163.58752,WHO estimate
Austria,AUT,2008,Europe,38.766666666666666,154.68408,Interpolated between WHO estimates
Austria,AUT,2009,Europe,37.63333333333333,155.2084,Interpolated between WHO estimates
Austria,AUT,2010,Europe,36.5,150.69797,WHO estimate
Austria,AUT,2011,Europe,35.44,142.98404,Interpolated between WHO estimates
Austria,AUT,2012,Europe,34.38,144.6829,Interpolated between WHO estimates
Austria,AUT,2013,Europe,33.32,143.33409,Interpolated between WHO estimates
Austria,AUT,2014,Europe,32.26,135.48659,Interpolated between WHO estimates
Austria,AUT,2015,Europe,31.2,141.64326,WHO estimate
Austria,AUT,2016,Europe,30.32,130.9472,Interpolated between WHO estimates
Austria,AUT,2017,Europe,29.44,127.697716,Interpolated between WHO estimates
Austria,AUT,2018,Europe,28.56,125.111595,Interpolated between WHO estimates
Austria,AUT,2019,Europe,27.68,121.11068,Interpolated between WHO estimates
Austria,AUT,2020,Europe,26.8,120.46285,WHO estimate
Austria,AUT,2021,Europe,26.05,114.95767,Interpolated between WHO estimates
Austria,AUT,2022,Europe,25.3,111.6796,WHO estimate
Austria,AUT,2023,Europe,24.6,106.64756,WHO estimate
Azerbaijan,AZE,2000,Europe,31.5,493.88245,WHO estimate
Azerbaijan,AZE,2001,Europe,30.84,457.93903,Interpolated between WHO estimates
Azerbaijan,AZE,2002,Europe,30.18,469.9084,Interpolated between WHO estimates
Azerbaijan,AZE,2003,Europe,29.52,484.54285,Interpolated between WHO estimates
Azerbaijan,AZE,2004,Europe,28.86,475.9079,Interpolated between WHO estimates
Azerbaijan,AZE,2007,Europe,26.9,416.46802,WHO estimate
Bahamas,BHS,2000,Americas,13.4,221.27394,WHO estimate
Bahamas,BHS,2001,Americas,13.5,233.66866,Interpolated between WHO estimates
Bahamas,BHS,2002,Americas,13.6,249.9995,Interpolated between WHO estimates
Bahamas,BHS,2003,Americas,13.700000000000001,207.32935,Interpolated between WHO estimates
Bahamas,BHS,2004,Americas,13.8,238.57785,Interpolated between WHO estimates
Bahamas,BHS,2005,Americas,13.9,240.10498,WHO estimate
Bahamas,BHS,2006,Americas,14.05,206.22737,Interpolated between WHO estimates
Bahamas,BHS,2007,Americas,14.2,210.66638,WHO estimate
Bahamas,BHS,2008,Americas,14.333333333333332,228.98378,Interpolated between WHO estimates
Bahamas,BHS,2009,Americas,14.466666666666667,248.21465,Interpolated between WHO estimates
Bahamas,BHS,2010,Americas,14.6,246.71785,WHO estimate
Bahamas,BHS,2011,Americas,14.78,243.10075,Interpolated between WHO estimates
Bahamas,BHS,2012,Americas,14.959999999999999,204.78943,Interpolated between WHO estimates
Bahamas,BHS,2013,Americas,15.14,199.8967,Interpolated between WHO estimates
Bahamas,BHS,2014,Americas,15.32,214.66217,Interpolated between WHO estimates
Bahamas,BHS,2015,Americas,15.5,228.0822,WHO estimate
Bahamas,BHS,2016,Americas,15.7,229.55475,Interpolated between WHO estimates
Bahrain,BHR,2000,Eastern Mediterranean,21.1,219.77643,WHO estimate
Bahrain,BHR,2001,Eastern Mediterranean,20.8,210.20467,Interpolated between WHO estimates
Bahrain,BHR,2002,Eastern Mediterranean,20.5,214.20526,Interpolated between WHO estimates
Bahrain,BHR,2003,Eastern Mediterranean,20.200000000000003,248.76419,Interpolated between WHO estimates
Bahrain,BHR,2004,Eastern Mediterranean,19.900000000000002,217.85052,Interpolated between WHO estimates
Bahrain,BHR,2005,Eastern Mediterranean,19.6,153.15858,WHO estimate
Bahrain,BHR,2006,Eastern Mediterranean,19.35,141.33043,Interpolated between WHO estimates
Bahrain,BHR,2007,Eastern Mediterranean,19.1,136.93015,WHO estimate
Bahrain,BHR,2008,Eastern Mediterranean,18.833333333333336,137.42453,Interpolated between WHO estimates
Bahrain,BHR,2009,Eastern Mediterranean,18.566666666666666,129.50404,Interpolated between WHO estimates
Bahrain,BHR,2010,Eastern Mediterranean,18.3,166.06796,WHO estimate
Bahrain,BHR,2011,Eastern Mediterranean,18.080000000000002,168.31404,Interpolated between WHO estimates
Bahrain,BHR,2012,Eastern Mediterranean,17.86,166.51326,Interpolated between WHO estimates
Bahrain,BHR,2013,Eastern Mediterranean,17.64,158.1471,Interpolated between WHO estimates
Bahrain,BHR,2014,Eastern Mediterranean,17.419999999999998,120.86789,Interpolated between WHO estimates
Belarus,BLR,2000,Europe,43.1,498.23938,WHO estimate
Belarus,BLR,2001,Europe,42.44,524.78625,Interpolated between WHO estimates
Belarus,BLR,2002,Europe,41.78,535.832,Interpolated between WHO estimates
Belarus,BLR,2003,Europe,41.12,526.0676,Interpolated between WHO estimates
Belarus,BLR,2007,Europe,38.3,447.37866,WHO estimate
Belarus,BLR,2008,Europe,37.733333333333334,445.19748,Interpolated between WHO estimates
Belarus,BLR,2009,Europe,37.166666666666664,455.19818,Interpolated between WHO estimates
Belarus,BLR,2010,Europe,36.6,458.2694,WHO estimate
Belarus,BLR,2011,Europe,36.02,434.4543,Interpolated between WHO estimates
Belarus,BLR,2013,Europe,34.86,394.8182,Interpolated between WHO estimates
Belarus,BLR,2014,Europe,34.28,395.3987,Interpolated between WHO estimates
Belarus,BLR,2018,Europe,32.14,374.85355,Interpolated between WHO estimates
Belgium,BEL,2000,Europe,29.7,173.59244,WHO estimate
Belgium,BEL,2001,Europe,29.419999999999998,164.27904,Interpolated between WHO estimates
Belgium,BEL,2002,Europe,29.14,165.15546,Interpolated between WHO estimates
Belgium,BEL,2003,Europe,28.86,162.822,Interpolated between WHO estimates
Belgium,BEL,2004,Europe,28.580000000000002,152.66313,Interpolated between WHO estimates
Belgium,BEL,2005,Europe,28.3,145.59904,WHO estimate
Belgium,BEL,2006,Europe,28.05,134.45697,Interpolated between WHO estimates
Belgium,BEL,2007,Europe,27.8,130.86119,WHO estimate
Belgium,BEL,2008,Europe,27.533333333333335,126.94927,Interpolated between WHO estimates
Belgium,BEL,2009,Europe,27.266666666666666,121.2675,Interpolated between WHO estimates
Belgium,BEL,2010,Europe,27.0,117.09027,WHO estimate
Belgium,BEL,2011,Europe,26.74,109.42321,Interpolated between WHO estimates
Belgium,BEL,2012,Europe,26.48,107.25553,Interpolated between WHO estimates
Belgium,BEL,2013,Europe,26.22,103.95497,Interpolated between WHO estimates
Belgium,BEL,2014,Europe,25.96,97.005714,Interpolated between WHO estimates
Belgium,BEL,2015,Europe,25.7,99.18513,WHO estimate
Belgium,BEL,2016,Europe,25.46,92.9712,Interpolated between WHO estimates
Belgium,BEL,2017,Europe,25.22,90.822235,Interpolated between WHO estimates
Belgium,BEL,2018,Europe,24.98,86.02336,Interpolated between WHO estimates
Belgium,BEL,2019,Europe,24.74,79.2536,Interpolated between WHO estimates
Belgium,BEL,2020,Europe,24.5,76.21669,WHO estimate
Belgium,BEL,2021,Europe,24.25,76.82834,Interpolated between WHO estimates
Belize,BLZ,2000,Americas,13.8,518.6093,WHO estimate
Belize,BLZ,2001,Americas,13.520000000000001,233.4651,Interpolated between WHO estimates
Belize,BLZ,2002,Americas,13.24,240.07275,Interpolated between WHO estimates
Belize,BLZ,2003,Americas,12.96,261.64844,Interpolated between WHO estimates
Belize,BLZ,2004,Americas,12.68,251.94215,Interpolated between WHO estimates
Belize,BLZ,2005,Americas,12.4,257.59128,WHO estimate
Belize,BLZ,2006,Americas,12.15,246.64368,Interpolated between WHO estimates
Belize,BLZ,2007,Americas,11.9,232.13118,WHO estimate
Belize,BLZ,2008,Americas,11.666666666666666,195.60446,Interpolated between WHO estimates
Belize,BLZ,2009,Americas,11.433333333333334,229.047,Interpolated between WHO estimates
Belize,BLZ,2010,Americas,11.2,199.51877,WHO estimate
Belize,BLZ,2011,Americas,10.979999999999999,188.01442,Interpolated between WHO estimates
Belize,BLZ,2012,Americas,10.76,181.48393,Interpolated between WHO estimates
Belize,BLZ,2013,Americas,10.54,165.86606,Interpolated between WHO estimates
Belize,BLZ,2014,Americas,10.32,173.33582,Interpolated between WHO estimates
Belize,BLZ,2015,Americas,10.1,177.71635,WHO estimate
Belize,BLZ,2016,Americas,9.9,172.09563,Interpolated between WHO estimates
Belize,BLZ,2017,Americas,9.7,165.77168,Interpolated between WHO estimates
Belize,BLZ,2018,Americas,9.5,175.48262,Interpolated between WHO estimates
Belize,BLZ,2019,Americas,9.299999999999999,184.65611,Interpolated between WHO estimates
Belize,BLZ,2020,Americas,9.1,115.883,WHO estimate
Belize,BLZ,2021,Americas,8.95,186.82808,Interpolated between WHO estimates
Belize,BLZ,2022,Americas,8.8,160.56924,WHO estimate
Bosnia and Herzegovina,BIH,2011,Europe,41.519999999999996,320.89944,Interpolated between WHO estimates
Bosnia and Herzegovina,BIH,2014,Europe,40.38,279.22668,Interpolated between WHO estimates
Bosnia and Herzegovina,BIH,2016,Europe,39.64,329.4472,Interpolated between WHO estimates
Bosnia and Herzegovina,BIH,2017,Europe,39.28,300.38214,Interpolated between WHO estimates
Bosnia and Herzegovina,BIH,2018,Europe,38.92,290.56927,Interpolated between WHO estimates
Bosnia and Herzegovina,BIH,2019,Europe,38.56,251.92137,Interpolated between WHO estimates
Bosnia and Herzegovina,BIH,2020,Europe,38.2,267.74307,WHO estimate
Bosnia and Herzegovina,BIH,2021,Europe,37.900000000000006,244.0013,Interpolated between WHO estimates
Bosnia and Herzegovina,BIH,2022,Europe,37.6,225.31462,WHO estimate
Bosnia and Herzegovina,BIH,2023,Europe,37.3,196.65869,WHO estimate
Brazil,BRA,2000,Americas,23.2,227.87212,WHO estimate
Brazil,BRA,2001,Americas,22.58,220.64336,Interpolated between WHO estimates
Brazil,BRA,2002,Americas,21.96,215.6903,Interpolated between WHO estimates
Brazil,BRA,2003,Americas,21.34,212.65184,Interpolated between WHO estimates
Brazil,BRA,2004,Americas,20.720000000000002,213.84517,Interpolated between WHO estimates
Brazil,BRA,2005,Americas,20.1,205.85777,WHO estimate
Brazil,BRA,2006,Americas,19.55,209.98775,Interpolated between WHO estimates
Brazil,BRA,2007,Americas,19.0,204.98192,WHO estimate
Brazil,BRA,2008,Americas,18.5,202.27617,Interpolated between WHO estimates
Brazil,BRA,2009,Americas,18.0,196.8723,Interpolated between WHO estimates
Brazil,BRA,2010,Americas,17.5,193.46474,WHO estimate
Brazil,BRA,2011,Americas,17.04,189.59349,Interpolated between WHO estimates
Brazil,BRA,2012,Americas,16.58,180.5036,Interpolated between WHO estimates
Brazil,BRA,2013,Americas,16.12,176.5317,Interpolated between WHO estimates
Brazil,BRA,2014,Americas,15.66,170.17558,Interpolated between WHO estimates
Brazil,BRA,2015,Americas,15.2,168.29199,WHO estimate
Brazil,BRA,2016,Americas,14.799999999999999,166.9389,Interpolated between WHO estimates
Brazil,BRA,2017,Americas,14.399999999999999,158.77507,Interpolated between WHO estimates
Brazil,BRA,2018,Americas,14.0,152.26978,Interpolated between WHO estimates
Brazil,BRA,2019,Americas,13.6,144.86647,Interpolated between WHO estimates
Brazil,BRA,2020,Americas,13.2,141.09558,WHO estimate
Brazil,BRA,2021,Americas,12.85,154.83705,Interpolated between WHO estimates
Brunei,BRN,2000,Western Pacific,19.0,239.88377,WHO estimate
Brunei,BRN,2001,Western Pacific,18.76,221.7932,Interpolated between WHO estimates
Brunei,BRN,2002,Western Pacific,18.52,286.4413,Interpolated between WHO estimates
Brunei,BRN,2003,Western Pacific,18.28,294.29205,Interpolated between WHO estimates
Brunei,BRN,2004,Western Pacific,18.04,209.12976,Interpolated between WHO estimates
Brunei,BRN,2005,Western Pacific,17.8,198.38692,WHO estimate
Brunei,BRN,2006,Western Pacific,17.6,211.4921,Interpolated between WHO estimates
Brunei,BRN,2007,Western Pacific,17.4,195.5907,WHO estimate
Brunei,BRN,2008,Western Pacific,17.2,181.6494,Interpolated between WHO estimates
Brunei,BRN,2009,Western Pacific,17.0,173.27469,Interpolated between WHO estimates
Brunei,BRN,2010,Western Pacific,16.8,155.09883,WHO estimate
Brunei,BRN,2011,Western Pacific,16.62,139.88615,Interpolated between WHO estimates
Brunei,BRN,2012,Western Pacific,16.44,121.01305,Interpolated between WHO estimates
Brunei,BRN,2013,Western Pacific,16.26,155.97282,Interpolated between WHO estimates
Brunei,BRN,2014,Western Pacific,16.080000000000002,173.92519,Interpolated between WHO estimates
Brunei,BRN,2015,Western Pacific,15.9,142.12685,WHO estimate
Brunei,BRN,2016,Western Pacific,15.72,117.23448,Interpolated between WHO estimates
Brunei,BRN,2017,Western Pacific,15.540000000000001,169.22372,Interpolated between WHO estimates
Brunei,BRN,2018,Western Pacific,15.36,167.29361,Interpolated between WHO estimates
Brunei,BRN,2019,Western Pacific,15.18,169.3704,Interpolated between WHO estimates
Bulgaria,BGR,2000,Europe,44.0,552.07355,WHO estimate
Bulgaria,BGR,2001,Europe,43.7,532.49554,Interpolated between WHO estimates
Bulgaria,BGR,2002,Europe,43.4,540.55963,Interpolated between WHO estimates
Bulgaria,BGR,2003,Europe,43.1,533.1491,Interpolated between WHO estimates
Bulgaria,BGR,2004,Europe,42.8,514.44604,Interpolated between WHO estimates
Bulgaria,BGR,2005,Europe,42.5,507.25293,WHO estimate
Bulgaria,BGR,2006,Europe,42.35,500.05054,Interpolated between WHO estimates
Bulgaria,BGR,2007,Europe,42.2,483.76373,WHO estimate
Bulgaria,BGR,2008,Europe,41.93333333333334,457.65402,Interpolated between WHO estimates
Bulgaria,BGR,2009,Europe,41.666666666666664,453.55118,Interpolated between WHO estimates
Bulgaria,BGR,2010,Europe,41.4,465.37872,WHO estimate
Bulgaria,BGR,2011,Europe,41.199999999999996,446.6377,Interpolated between WHO estimates
Bulgaria,BGR,2012,Europe,41.0,428.60278,Interpolated between WHO estimates
Bulgaria,BGR,2013,Europe,40.8,404.15805,Interpolated between WHO estimates
Bulgaria,BGR,2014,Europe,40.6,421.17993,Interpolated between WHO estimates
Bulgaria,BGR,2015,Europe,40.4,415.79465,WHO estimate
Bulgaria,BGR,2016,Europe,40.199999999999996,406.7467,Interpolated between WHO estimates
Bulgaria,BGR,2017,Europe,40.0,411.37543,Interpolated between WHO estimates
Bulgaria,BGR,2018,Europe,39.8,401.26984,Interpolated between WHO estimates
Bulgaria,BGR,2019,Europe,39.6,386.06567,Interpolated between WHO estimates
Bulgaria,BGR,2020,Europe,39.4,416.98624,WHO estimate
Bulgaria,BGR,2021,Europe,39.25,451.68094,Interpolated between WHO estimates
Bulgaria,BGR,2022,Europe,39.1,401.58582,WHO estimate
Canada,CAN,2000,Americas,28.9,149.12917,WHO estimate
Canada,CAN,2001,Americas,27.84,141.99028,Interpolated between WHO estimates
Canada,CAN,2002,Americas,26.78,136.96167,Interpolated between WHO estimates
Canada,CAN,2003,Americas,25.72,132.5842,Interpolated between WHO estimates
Canada,CAN,2004,Americas,24.66,125.865074,Interpolated between WHO estimates
Canada,CAN,2005,Americas,23.6,120.25072,WHO estimate
Canada,CAN,2006,Americas,22.700000000000003,111.96003,Interpolated between WHO estimates
Canada,CAN,2007,Americas,21.8,109.37128,WHO estimate
Canada,CAN,2008,Americas,20.96666666666667,105.82216,Interpolated between WHO estimates
Canada,CAN,2009,Americas,20.133333333333333,100.6836,Interpolated between WHO estimates
Canada,CAN,2010,Americas,19.3,96.02603,WHO estimate
Canada,CAN,2011,Americas,18.62,90.69756,Interpolated between WHO estimates
Canada,CAN,2012,Americas,17.94,88.81053,Interpolated between WHO estimates
Canada,CAN,2013,Americas,17.26,88.26132,Interpolated between WHO estimates
Canada,CAN,2014,Americas,16.580000000000002,87.230034,Interpolated between WHO estimates
Canada,CAN,2015,Americas,15.9,85.90887,WHO estimate
Canada,CAN,2016,Americas,15.32,83.32171,Interpolated between WHO estimates
Canada,CAN,2017,Americas,14.74,83.07278,Interpolated between WHO estimates
Canada,CAN,2018,Americas,14.16,82.328,Interpolated between WHO estimates
Canada,CAN,2019,Americas,13.58,80.14352,Interpolated between WHO estimates
Canada,CAN,2020,Americas,13.0,80.53017,WHO estimate
Canada,CAN,2021,Americas,12.55,78.677986,Interpolated between WHO estimates
Canada,CAN,2022,Americas,12.1,79.05831,WHO estimate
Cape Verde,CPV,2011,Africa,14.9,210.88269,Interpolated between WHO estimates
Chile,CHL,2000,Americas,47.0,159.4578,WHO estimate
Chile,CHL,2001,Americas,45.94,157.20663,Interpolated between WHO estimates
Chile,CHL,2002,Americas,44.88,149.16745,Interpolated between WHO estimates
Chile,CHL,2003,Americas,43.82,152.02802,Interpolated between WHO estimates
Chile,CHL,2004,Americas,42.760000000000005,149.33183,Interpolated between WHO estimates
Chile,CHL,2005,Americas,41.7,143.94734,WHO estimate
Chile,CHL,2006,Americas,40.7,136.31746,Interpolated between WHO estimates
Chile,CHL,2007,Americas,39.7,136.18826,WHO estimate
Chile,CHL,2008,Americas,38.800000000000004,124.654755,Interpolated between WHO estimates
Chile,CHL,2009,Americas,37.9,124.32382,Interpolated between WHO estimates
Chile,CHL,2010,Americas,37.0,130.3549,WHO estimate
Chile,CHL,2011,Americas,36.18,118.59695,Interpolated between WHO estimates
Chile,CHL,2012,Americas,35.36,119.849106,Interpolated between WHO estimates
Chile,CHL,2013,Americas,34.54,117.7857,Interpolated between WHO estimates
Chile,CHL,2014,Americas,33.72,114.603355,Interpolated between WHO estimates
Chile,CHL,2015,Americas,32.9,111.060036,WHO estimate
Chile,CHL,2016,Americas,32.18,105.69701,Interpolated between WHO estimates
Chile,CHL,2017,Americas,31.46,102.70462,Interpolated between WHO estimates
Chile,CHL,2018,Americas,30.74,98.176285,Interpolated between WHO estimates
Chile,CHL,2019,Americas,30.02,94.80325,Interpolated between WHO estimates
Chile,CHL,2020,Americas,29.3,94.64348,WHO estimate
Chile,CHL,2021,Americas,28.6,99.49422,Interpolated between WHO estimates
Chile,CHL,2022,Americas,27.9,101.31169,WHO estimate
Colombia,COL,2000,Americas,14.4,201.25258,WHO estimate
Colombia,COL,2001,Americas,14.06,191.09113,Interpolated between WHO estimates
Colombia,COL,2002,Americas,13.72,185.45618,Interpolated between WHO estimates
Colombia,COL,2003,Americas,13.379999999999999,184.61188,Interpolated between WHO estimates
Colombia,COL,2004,Americas,13.04,180.45999,Interpolated between WHO estimates
Colombia,COL,2005,Americas,12.7,179.07567,WHO estimate
Colombia,COL,2006,Americas,12.399999999999999,177.22792,Interpolated between WHO estimates
Colombia,COL,2007,Americas,12.1,168.7902,WHO estimate
Colombia,COL,2008,Americas,11.799999999999999,165.55554,Interpolated between WHO estimates
Colombia,COL,2009,Americas,11.5,155.23746,Interpolated between WHO estimates
Colombia,COL,2010,Americas,11.2,154.93643,WHO estimate
Colombia,COL,2011,Americas,10.94,146.75282,Interpolated between WHO estimates
Colombia,COL,2012,Americas,10.68,145.92729,Interpolated between WHO estimates
Colombia,COL,2013,Americas,10.42,143.56909,Interpolated between WHO estimates
Colombia,COL,2014,Americas,10.16,145.66122,Interpolated between WHO estimates
Colombia,COL,2015,Americas,9.9,147.54681,WHO estimate
Colombia,COL,2016,Americas,9.68,142.53273,Interpolated between WHO estimates
Colombia,COL,2017,Americas,9.46,139.78357,Interpolated between WHO estimates
Colombia,COL,2018,Americas,9.24,139.86932,Interpolated between WHO estimates
Colombia,COL,2019,Americas,9.020000000000001,134.32149,Interpolated between WHO estimates
Colombia,COL,2020,Americas,8.8,144.24635,WHO estimate
Colombia,COL,2021,Americas,8.55,153.8411,Interpolated between WHO estimates
Costa Rica,CRI,2000,Americas,17.3,169.33978,WHO estimate
Costa Rica,CRI,2001,Americas,16.76,166.18573,Interpolated between WHO estimates
Costa Rica,CRI,2002,Americas,16.22,146.80995,Interpolated between WHO estimates
Costa Rica,CRI,2003,Americas,15.68,139.95476,Interpolated between WHO estimates
Costa Rica,CRI,2004,Americas,15.14,142.41058,Interpolated between WHO estimates
Costa Rica,CRI,2005,Americas,14.6,130.2183,WHO estimate
Costa Rica,CRI,2006,Americas,14.149999999999999,130.8118,Interpolated between WHO estimates
Costa Rica,CRI,2007,Americas,13.7,122.67919,WHO estimate
Costa Rica,CRI,2008,Americas,13.266666666666666,116.28164,Interpolated between WHO estimates
Costa Rica,CRI,2009,Americas,12.833333333333334,114.91408,Interpolated between WHO estimates
Costa Rica,CRI,2010,Americas,12.4,128.15616,WHO estimate
Costa Rica,CRI,2011,Americas,12.02,118.67789,Interpolated between WHO estimates
Costa Rica,CRI,2012,Americas,11.64,119.38208,Interpolated between WHO estimates
Costa Rica,CRI,2013,Americas,11.26,110.57931,Interpolated between WHO estimates
Costa Rica,CRI,2014,Americas,10.88,113.701164,Interpolated between WHO estimates
Costa Rica,CRI,2015,Americas,10.5,104.175285,WHO estimate
Costa Rica,CRI,2016,Americas,10.2,101.24894,Interpolated between WHO estimates
Costa Rica,CRI,2017,Americas,9.9,98.8513,Interpolated between WHO estimates
Costa Rica,CRI,2018,Americas,9.6,102.09066,Interpolated between WHO estimates
Costa Rica,CRI,2019,Americas,9.3,109.81276,Interpolated between WHO estimates
Costa Rica,CRI,2020,Americas,9.0,85.3978,WHO estimate
Costa Rica,CRI,2021,Americas,8.7,99.07266,Interpolated between WHO estimates
Costa Rica,CRI,2022,Americas,8.4,103.23353,WHO estimate
Croatia,HRV,2000,Europe,35.3,418.54465,WHO estimate
Croatia,HRV,2001,Europe,35.22,360.32635,Interpolated between WHO estimates
Croatia,HRV,2002,Europe,35.14,355.3682,Interpolated between WHO estimates
Croatia,HRV,2003,Europe,35.059999999999995,367.73395,Interpolated between WHO estimates
Croatia,HRV,2004,Europe,34.98,311.26816,Interpolated between WHO estimates
Croatia,HRV,2005,Europe,34.9,323.78583,WHO estimate
Croatia,HRV,2006,Europe,34.9,308.35083,Interpolated between WHO estimates
Croatia,HRV,2007,Europe,34.9,308.09537,WHO estimate
Croatia,HRV,2008,Europe,34.86666666666667,296.92084,Interpolated between WHO estimates
Croatia,HRV,2009,Europe,34.83333333333333,285.24414,Interpolated between WHO estimates
Croatia,HRV,2010,Europe,34.8,273.45764,WHO estimate
Croatia,HRV,2011,Europe,34.76,258.43024,Interpolated between WHO estimates
Croatia,HRV,2012,Europe,34.72,252.61618,Interpolated between WHO estimates
Croatia,HRV,2013,Europe,34.68,238.25114,Interpolated between WHO estimates
Croatia,HRV,2014,Europe,34.64,231.17282,Interpolated between WHO estimates
Croatia,HRV,2015,Europe,34.6,242.89713,WHO estimate
Croatia,HRV,2016,Europe,34.58,214.64229,Interpolated between WHO estimates
Croatia,HRV,2017,Europe,34.56,213.03223,Interpolated between WHO estimates
Croatia,HRV,2018,Europe,34.54,194.58427,Interpolated between WHO estimates
Croatia,HRV,2019,Europe,34.52,191.35922,Interpolated between WHO estimates
Croatia,HRV,2020,Europe,34.5,193.4958,WHO estimate
Croatia,HRV,2021,Europe,34.5,202.70038,Interpolated between WHO estimates
Cuba,CUB,2000,Americas,40.5,225.66106,WHO estimate
Cuba,CUB,2001,Americas,39.04,226.81714,Interpolated between WHO estimates
Cuba,CUB,2002,Americas,37.58,203.88655,Interpolated between WHO estimates
Cuba,CUB,2003,Americas,36.120000000000005,208.50139,Interpolated between WHO estimates
Cuba,CUB,2004,Americas,34.660000000000004,208.58325,Interpolated between WHO estimates
Cuba,CUB,2005,Americas,33.2,217.06586,WHO estimate
Cuba,CUB,2006,Americas,31.950000000000003,199.5867,Interpolated between WHO estimates
Cuba,CUB,2007,Americas,30.7,193.90698,WHO estimate
Cuba,CUB,2008,Americas,29.566666666666666,201.2191,Interpolated between WHO estimates
Cuba,CUB,2009,Americas,28.433333333333334,194.61469,Interpolated between WHO estimates
Cuba,CUB,2010,Americas,27.3,202.49342,WHO estimate
Cuba,CUB,2011,Americas,26.34,180.24068,Interpolated between WHO estimates
Cuba,CUB,2012,Americas,25.38,179.08131,Interpolated between WHO estimates
Cuba,CUB,2013,Americas,24.42,177.95169,Interpolated between WHO estimates
Cuba,CUB,2014,Americas,23.46,181.84674,Interpolated between WHO estimates
Cuba,CUB,2015,Americas,22.5,181.1167,WHO estimate
Cuba,CUB,2016,Americas,21.72,175.76997,Interpolated between WHO estimates
Cuba,CUB,2017,Americas,20.94,188.82724,Interpolated between WHO estimates
Cuba,CUB,2018,Americas,20.16,179.1055,Interpolated between WHO estimates
Cuba,CUB,2019,Americas,19.380000000000003,181.30461,Interpolated between WHO estimates
Cuba,CUB,2020,Americas,18.6,192.6597,WHO estimate
Cuba,CUB,2021,Americas,17.950000000000003,263.82138,Interpolated between WHO estimates
Cyprus,CYP,2000,Europe,40.0,177.823,WHO estimate
Cyprus,CYP,2004,Europe,38.56,171.24675,Interpolated between WHO estimates
Cyprus,CYP,2005,Europe,38.2,174.50798,WHO estimate
Cyprus,CYP,2006,Europe,37.85,161.97072,Interpolated between WHO estimates
Cyprus,CYP,2007,Europe,37.5,159.99689,WHO estimate
Cyprus,CYP,2008,Europe,37.13333333333333,150.01004,Interpolated between WHO estimates
Cyprus,CYP,2009,Europe,36.766666666666666,137.87968,Interpolated between WHO estimates
Cyprus,CYP,2010,Europe,36.4,133.20065,WHO estimate
Cyprus,CYP,2011,Europe,36.08,141.3397,Interpolated between WHO estimates
Cyprus,CYP,2012,Europe,35.76,135.17795,Interpolated between WHO estimates
Cyprus,CYP,2013,Europe,35.44,118.385185,Interpolated between WHO estimates
Cyprus,CYP,2014,Europe,35.12,122.02325,Interpolated between WHO estimates
Cyprus,CYP,2015,Europe,34.8,126.29488,WHO estimate
Cyprus,CYP,2016,Europe,34.559999999999995,107.337814,Interpolated between WHO estimates
Cyprus,CYP,2017,Europe,34.32,112.09315,Interpolated between WHO estimates
Cyprus,CYP,2018,Europe,34.08,97.42582,Interpolated between WHO estimates
Cyprus,CYP,2019,Europe,33.84,93.192215,Interpolated between WHO estimates
Cyprus,CYP,2020,Europe,33.6,96.89648,WHO estimate
Cyprus,CYP,2021,Europe,33.2,96.00899,Interpolated between WHO estimates
Cyprus,CYP,2022,Europe,32.8,94.119835,WHO estimate
Czechia,CZE,2000,Europe,34.7,342.27258,WHO estimate
Czechia,CZE,2001,Europe,34.42,336.5012,Interpolated between WHO estimates
Czechia,CZE,2002,Europe,34.14,335.61566,Interpolated between WHO estimates
Czechia,CZE,2003,Europe,33.86,338.78726,Interpolated between WHO estimates
Czechia,CZE,2004,Europe,33.58,316.61298,Interpolated between WHO estimates
Czechia,CZE,2005,Europe,33.3,307.7241,WHO estimate
Czechia,CZE,2006,Europe,33.0,284.18994,Interpolated between WHO estimates
Czechia,CZE,2007,Europe,32.7,272.68494,WHO estimate
Czechia,CZE,2008,Europe,32.43333333333334,261.88007,Interpolated between WHO estimates
Czechia,CZE,2009,Europe,32.166666666666664,262.1858,Interpolated between WHO estimates
Czechia,CZE,2010,Europe,31.9,253.08017,WHO estimate
Czechia,CZE,2011,Europe,31.64,243.75755,Interpolated between WHO estimates
Czechia,CZE,2012,Europe,31.38,238.45242,Interpolated between WHO estimates
Czechia,CZE,2013,Europe,31.12,227.14525,Interpolated between WHO estimates
Czechia,CZE,2014,Europe,30.86,208.39964,Interpolated between WHO estimates
Czechia,CZE,2015,Europe,30.6,213.09843,WHO estimate
Czechia,CZE,2016,Europe,30.34,195.02919,Interpolated between WHO estimates
Czechia,CZE,2017,Europe,30.080000000000002,197.51462,Interpolated between WHO estimates
Czechia,CZE,2018,Europe,29.82,191.01944,Interpolated between WHO estimates
Czechia,CZE,2019,Europe,29.560000000000002,182.1192,Interpolated between WHO estimates
Czechia,CZE,2020,Europe,29.3,190.07057,WHO estimate
Czechia,CZE,2021,Europe,29.05,182.69455,Interpolated between WHO estimates
Czechia,CZE,2022,Europe,28.8,172.5478,WHO estimate
Czechia,CZE,2023,Europe,28.5,159.7214,WHO estimate
Denmark,DNK,2000,Europe,38.3,183.12325,WHO estimate
Denmark,DNK,2001,Europe,37.0,184.06049,Interpolated between WHO estimates
Denmark,DNK,2002,Europe,35.699999999999996,178.67288,Interpolated between WHO estimates
Denmark,DNK,2003,Europe,34.4,172.57683,Interpolated between WHO estimates
Denmark,DNK,2004,Europe,33.1,160.3947,Interpolated between WHO estimates
Denmark,DNK,2005,Europe,31.8,149.4766,WHO estimate
Denmark,DNK,2006,Europe,30.700000000000003,142.48097,Interpolated between WHO estimates
Denmark,DNK,2007,Europe,29.6,132.15442,WHO estimate
Denmark,DNK,2008,Europe,28.533333333333335,122.059845,Interpolated between WHO estimates
Denmark,DNK,2009,Europe,27.466666666666665,117.38041,Interpolated between WHO estimates
Denmark,DNK,2010,Europe,26.4,113.5158,WHO estimate
Denmark,DNK,2011,Europe,25.52,102.056435,Interpolated between WHO estimates
Denmark,DNK,2012,Europe,24.64,99.66162,Interpolated between WHO estimates
Denmark,DNK,2013,Europe,23.759999999999998,95.17665,Interpolated between WHO estimates
Denmark,DNK,2014,Europe,22.88,89.047035,Interpolated between WHO estimates
Denmark,DNK,2015,Europe,22.0,90.36159,WHO estimate
Denmark,DNK,2016,Europe,21.24,90.24752,Interpolated between WHO estimates
Denmark,DNK,2017,Europe,20.48,86.14533,Interpolated between WHO estimates
Denmark,DNK,2018,Europe,19.72,82.2612,Interpolated between WHO estimates
Denmark,DNK,2019,Europe,18.96,77.142006,Interpolated between WHO estimates
Denmark,DNK,2020,Europe,18.2,74.201675,WHO estimate
Denmark,DNK,2021,Europe,17.6,72.90937,Interpolated between WHO estimates
Denmark,DNK,2022,Europe,17.0,75.263824,WHO estimate
Ecuador,ECU,2000,Americas,14.1,151.84665,WHO estimate
Ecuador,ECU,2001,Americas,13.9,144.5497,Interpolated between WHO estimates
Ecuador,ECU,2002,Americas,13.7,144.33179,Interpolated between WHO estimates
Ecuador,ECU,2003,Americas,13.5,135.48927,Interpolated between WHO estimates
Ecuador,ECU,2004,Americas,13.299999999999999,126.07738,Interpolated between WHO estimates
Ecuador,ECU,2005,Americas,13.1,128.51773,WHO estimate
Ecuador,ECU,2006,Americas,12.899999999999999,127.83986,Interpolated between WHO estimates
Ecuador,ECU,2007,Americas,12.7,123.99479,WHO estimate
Ecuador,ECU,2008,Americas,12.5,124.04325,Interpolated between WHO estimates
Ecuador,ECU,2009,Americas,12.299999999999999,112.37742,Interpolated between WHO estimates
Ecuador,ECU,2010,Americas,12.1,112.988464,WHO estimate
Ecuador,ECU,2011,Americas,11.94,109.16169,Interpolated between WHO estimates
Ecuador,ECU,2012,Americas,11.78,110.94924,Interpolated between WHO estimates
Ecuador,ECU,2013,Americas,11.620000000000001,107.53527,Interpolated between WHO estimates
Ecuador,ECU,2014,Americas,11.46,103.9668,Interpolated between WHO estimates
Ecuador,ECU,2015,Americas,11.3,104.44651,WHO estimate
Ecuador,ECU,2016,Americas,11.18,110.30145,Interpolated between WHO estimates
Ecuador,ECU,2017,Americas,11.06,112.29959,Interpolated between WHO estimates
Ecuador,ECU,2018,Americas,10.94,113.49277,Interpolated between WHO estimates
Ecuador,ECU,2019,Americas,10.82,112.82131,Interpolated between WHO estimates
Ecuador,ECU,2020,Americas,10.7,167.46765,WHO estimate
Ecuador,ECU,2021,Americas,10.55,138.85449,Interpolated between WHO estimates
Ecuador,ECU,2022,Americas,10.4,134.66649,WHO estimate
Egypt,EGY,2000,Eastern Mediterranean,19.7,343.8625,WHO estimate
Egypt,EGY,2001,Eastern Mediterranean,19.84,370.43494,Interpolated between WHO estimates
Egypt,EGY,2002,Eastern Mediterranean,19.98,388.4109,Interpolated between WHO estimates
Egypt,EGY,2003,Eastern Mediterranean,20.119999999999997,398.87482,Interpolated between WHO estimates
Egypt,EGY,2004,Eastern Mediterranean,20.259999999999998,410.57364,Interpolated between WHO estimates
Egypt,EGY,2005,Eastern Mediterranean,20.4,415.0234,WHO estimate
Egypt,EGY,2006,Eastern Mediterranean,20.6,415.83582,Interpolated between WHO estimates
Egypt,EGY,2007,Eastern Mediterranean,20.8,408.6981,WHO estimate
Egypt,EGY,2008,Eastern Mediterranean,21.033333333333335,413.64447,Interpolated between WHO estimates
Egypt,EGY,2009,Eastern Mediterranean,21.266666666666666,420.17242,Interpolated between WHO estimates
Egypt,EGY,2010,Eastern Mediterranean,21.5,422.1846,WHO estimate
Egypt,EGY,2011,Eastern Mediterranean,21.72,402.42648,Interpolated between WHO estimates
Egypt,EGY,2012,Eastern Mediterranean,21.94,431.08328,Interpolated between WHO estimates
Egypt,EGY,2013,Eastern Mediterranean,22.16,375.15604,Interpolated between WHO estimates
Egypt,EGY,2014,Eastern Mediterranean,22.380000000000003,525.55804,Interpolated between WHO estimates
Egypt,EGY,2015,Eastern Mediterranean,22.6,456.01837,WHO estimate
Egypt,EGY,2016,Eastern Mediterranean,22.86,421.99384,Interpolated between WHO estimates
Egypt,EGY,2017,Eastern Mediterranean,23.12,422.62415,Interpolated between WHO estimates
Egypt,EGY,2018,Eastern Mediterranean,23.38,445.49695,Interpolated between WHO estimates
Egypt,EGY,2019,Eastern Mediterranean,23.64,459.27567,Interpolated between WHO estimates
El Salvador,SLV,2000,Americas,15.3,154.4828,WHO estimate
El Salvador,SLV,2001,Americas,14.92,147.80168,Interpolated between WHO estimates
El Salvador,SLV,2002,Americas,14.540000000000001,136.93172,Interpolated between WHO estimates
El Salvador,SLV,2003,Americas,14.16,137.79686,Interpolated between WHO estimates
El Salvador,SLV,2004,Americas,13.780000000000001,130.76103,Interpolated between WHO estimates
El Salvador,SLV,2005,Americas,13.4,128.42879,WHO estimate
El Salvador,SLV,2006,Americas,13.0,127.23934,Interpolated between WHO estimates
El Salvador,SLV,2007,Americas,12.6,115.76989,WHO estimate
El Salvador,SLV,2008,Americas,12.299999999999999,118.56806,Interpolated between WHO estimates
El Salvador,SLV,2009,Americas,12.0,118.0668,Interpolated between WHO estimates
El Salvador,SLV,2010,Americas,11.7,116.83455,WHO estimate
El Salvador,SLV,2011,Americas,11.42,115.87059,Interpolated between WHO estimates
El Salvador,SLV,2012,Americas,11.14,101.47315,Interpolated between WHO estimates
El Salvador,SLV,2013,Americas,10.86,96.00634,Interpolated between WHO estimates
El Salvador,SLV,2014,Americas,10.58,97.9766,Interpolated between WHO estimates
El Salvador,SLV,2015,Americas,10.3,144.93712,WHO estimate
El Salvador,SLV,2016,Americas,10.040000000000001,120.03221,Interpolated between WHO estimates
El Salvador,SLV,2017,Americas,9.780000000000001,149.79337,Interpolated between WHO estimates
El Salvador,SLV,2018,Americas,9.52,116.26953,Interpolated between WHO estimates
Estonia,EST,2000,Europe,47.8,418.51855,WHO estimate
Estonia,EST,2001,Europe,46.64,412.61246,Interpolated between WHO estimates
Estonia,EST,2002,Europe,45.48,411.14386,Interpolated between WHO estimates
Estonia,EST,2003,Europe,44.32,403.63034,Interpolated between WHO estimates
Estonia,EST,2004,Europe,43.16,377.1333,Interpolated between WHO estimates
Estonia,EST,2005,Europe,42.0,364.5939,WHO estimate
Estonia,EST,2006,Europe,41.0,356.51855,Interpolated between WHO estimates
Estonia,EST,2007,Europe,40.0,341.78543,WHO estimate
Estonia,EST,2008,Europe,39.03333333333333,332.69943,Interpolated between WHO estimates
Estonia,EST,2009,Europe,38.06666666666667,311.14386,Interpolated between WHO estimates
Estonia,EST,2010,Europe,37.1,299.7598,WHO estimate
Estonia,EST,2011,Europe,36.2,270.76248,Interpolated between WHO estimates
Estonia,EST,2012,Europe,35.300000000000004,266.76788,Interpolated between WHO estimates
Estonia,EST,2013,Europe,34.4,257.8074,Interpolated between WHO estimates
Estonia,EST,2014,Europe,33.5,249.62689,Interpolated between WHO estimates
Estonia,EST,2015,Europe,32.6,234.79692,WHO estimate
Estonia,EST,2016,Europe,31.86,228.69485,Interpolated between WHO estimates
Estonia,EST,2017,Europe,31.12,220.38667,Interpolated between WHO estimates
Estonia,EST,2018,Europe,30.38,214.42567,Interpolated between WHO estimates
Estonia,EST,2019,Europe,29.64,203.89206,Interpolated between WHO estimates
Estonia,EST,2020,Europe,28.9,200.67957,WHO estimate
Estonia,EST,2021,Europe,28.2,211.18497,Interpolated between WHO estimates
Estonia,EST,2022,Europe,27.5,198.76707,WHO estimate
Fiji,FJI,2001,Western Pacific,34.44,712.7391,Interpolated between WHO estimates
Fiji,FJI,2002,Western Pacific,33.98,594.2188,Interpolated between WHO estimates
Fiji,FJI,2003,Western Pacific,33.52,588.29767,Interpolated between WHO estimates
Fiji,FJI,2004,Western Pacific,33.06,512.16254,Interpolated between WHO estimates
Fiji,FJI,2005,Western Pacific,32.6,546.7559,WHO estimate
Fiji,FJI,2006,Western Pacific,32.2,470.9208,Interpolated between WHO estimates
Fiji,FJI,2007,Western Pacific,31.8,419.18555,WHO estimate
Fiji,FJI,2008,Western Pacific,31.400000000000002,417.51755,Interpolated between WHO estimates
Fiji,FJI,2009,Western Pacific,31.0,506.37152,Interpolated between WHO estimates
Fiji,FJI,2011,Western Pacific,30.220000000000002,449.4886,Interpolated between WHO estimates
Fiji,FJI,2012,Western Pacific,29.84,409.63254,Interpolated between WHO estimates
Finland,FIN,2000,Europe,39.0,216.72484,WHO estimate
Finland,FIN,2001,Europe,38.08,204.01494,Interpolated between WHO estimates
Finland,FIN,2002,Europe,37.16,202.93417,Interpolated between WHO estimates
Finland,FIN,2003,Europe,36.24,195.67595,Interpolated between WHO estimates
Finland,FIN,2004,Europe,35.32,183.5047,Interpolated between WHO estimates
Finland,FIN,2005,Europe,34.4,177.1626,WHO estimate
Finland,FIN,2006,Europe,33.599999999999994,172.63411,Interpolated between WHO estimates
Finland,FIN,2007,Europe,32.8,169.939,WHO estimate
Finland,FIN,2008,Europe,31.966666666666665,164.55388,Interpolated between WHO estimates
Finland,FIN,2009,Europe,31.133333333333333,160.57681,Interpolated between WHO estimates
Finland,FIN,2010,Europe,30.3,156.82567,WHO estimate
Finland,FIN,2011,Europe,29.6,149.4482,Interpolated between WHO estimates
Finland,FIN,2012,Europe,28.900000000000002,145.75644,Interpolated between WHO estimates
Finland,FIN,2013,Europe,28.2,137.10394,Interpolated between WHO estimates
Finland,FIN,2014,Europe,27.5,133.01434,Interpolated between WHO estimates
Finland,FIN,2015,Europe,26.8,128.76431,WHO estimate
Finland,FIN,2016,Europe,26.18,127.27719,Interpolated between WHO estimates
Finland,FIN,2017,Europe,25.56,121.44699,Interpolated between WHO estimates
Finland,FIN,2018,Europe,24.94,117.55106,Interpolated between WHO estimates
Finland,FIN,2019,Europe,24.32,111.606544,Interpolated between WHO estimates
Finland,FIN,2020,Europe,23.7,111.13455,WHO estimate
Finland,FIN,2021,Europe,23.049999999999997,109.57672,Interpolated between WHO estimates
Finland,FIN,2022,Europe,22.4,112.86014,WHO estimate
France,FRA,2000,Europe,34.5,123.24474,WHO estimate
France,FRA,2001,Europe,34.44,120.396965,Interpolated between WHO estimates
France,FRA,2002,Europe,34.38,117.754364,Interpolated between WHO estimates
France,FRA,2003,Europe,34.32,117.48878,Interpolated between WHO estimates
France,FRA,2004,Europe,34.260000000000005,106.60366,Interpolated between WHO estimates
France,FRA,2005,Europe,34.2,104.80716,WHO estimate
France,FRA,2006,Europe,34.2,97.508545,Interpolated between WHO estimates
France,FRA,2007,Europe,34.2,93.52184,WHO estimate
France,FRA,2008,Europe,34.13333333333333,91.38275,Interpolated between WHO estimates
France,FRA,2009,Europe,34.06666666666667,87.338234,Interpolated between WHO estimates
France,FRA,2010,Europe,34.0,83.51001,WHO estimate
France,FRA,2011,Europe,33.94,78.52397,Interpolated between WHO estimates
France,FRA,2012,Europe,33.88,77.15069,Interpolated between WHO estimates
France,FRA,2013,Europe,33.82,74.093636,Interpolated between WHO estimates
France,FRA,2014,Europe,33.760000000000005,70.93563,Interpolated between WHO estimates
France,FRA,2015,Europe,33.7,71.84106,WHO estimate
France,FRA,2016,Europe,33.72,69.30401,Interpolated between WHO estimates
France,FRA,2017,Europe,33.74,68.016174,Interpolated between WHO estimates
France,FRA,2018,Europe,33.76,66.98589,Interpolated between WHO estimates
France,FRA,2019,Europe,33.78,63.408577,Interpolated between WHO estimates
France,FRA,2020,Europe,33.8,61.39927,WHO estimate
France,FRA,2021,Europe,33.75,62.00982,Interpolated between WHO estimates
France,FRA,2022,Europe,33.7,62.61863,WHO estimate
Georgia,GEO,2000,Europe,35.4,508.78705,WHO estimate
Georgia,GEO,2001,Europe,35.28,480.57352,Interpolated between WHO estimates
Georgia,GEO,2004,Europe,34.919999999999995,515.55206,Interpolated between WHO estimates
Georgia,GEO,2005,Europe,34.8,435.14157,WHO estimate
Georgia,GEO,2006,Europe,34.65,425.71997,Interpolated between WHO estimates
Georgia,GEO,2007,Europe,34.5,403.2449,WHO estimate
Georgia,GEO,2009,Europe,34.166666666666664,361.98102,Interpolated between WHO estimates
Georgia,GEO,2010,Europe,34.0,188.34387,WHO estimate
Georgia,GEO,2011,Europe,33.92,222.69722,Interpolated between WHO estimates
Georgia,GEO,2012,Europe,33.84,244.17152,Interpolated between WHO estimates
Georgia,GEO,2013,Europe,33.76,223.99146,Interpolated between WHO estimates
Georgia,GEO,2014,Europe,33.68,292.80533,Interpolated between WHO estimates
Georgia,GEO,2015,Europe,33.6,308.6975,WHO estimate
Georgia,GEO,2016,Europe,33.54,265.23315,Interpolated between WHO estimates
Georgia,GEO,2017,Europe,33.48,292.37363,Interpolated between WHO estimates
Georgia,GEO,2018,Europe,33.42,317.1119,Interpolated between WHO estimates
Georgia,GEO,2019,Europe,33.36,315.5584,Interpolated between WHO estimates
Georgia,GEO,2020,Europe,33.3,321.16718,WHO estimate
Georgia,GEO,2021,Europe,33.05,325.75684,Interpolated between WHO estimates
Georgia,GEO,2023,Europe,33.1,252.92833,WHO estimate
Germany,DEU,2000,Europe,34.9,215.06265,WHO estimate
Germany,DEU,2001,Europe,34.24,209.78607,Interpolated between WHO estimates
Germany,DEU,2002,Europe,33.58,209.12198,Interpolated between WHO estimates
Germany,DEU,2003,Europe,32.92,209.81192,Interpolated between WHO estimates
Germany,DEU,2004,Europe,32.26,192.4521,Interpolated between WHO estimates
Germany,DEU,2005,Europe,31.6,185.7733,WHO estimate
Germany,DEU,2006,Europe,31.0,175.27658,Interpolated between WHO estimates
Germany,DEU,2007,Europe,30.4,169.63908,WHO estimate
Germany,DEU,2008,Europe,29.833333333333332,163.34212,Interpolated between WHO estimates
Germany,DEU,2009,Europe,29.266666666666666,158.88637,Interpolated between WHO estimates
Germany,DEU,2010,Europe,28.7,152.61641,WHO estimate
Germany,DEU,2011,Europe,28.18,143.6206,Interpolated between WHO estimates
Germany,DEU,2012,Europe,27.66,142.56642,Interpolated between WHO estimates
Germany,DEU,2013,Europe,27.14,145.48692,Interpolated between WHO estimates
Germany,DEU,2014,Europe,26.62,135.62076,Interpolated between WHO estimates
Germany,DEU,2015,Europe,26.1,139.02193,WHO estimate
Germany,DEU,2016,Europe,25.62,129.45697,Interpolated between WHO estimates
Germany,DEU,2017,Europe,25.14,128.4568,Interpolated between WHO estimates
Germany,DEU,2018,Europe,24.66,127.02289,Interpolated between WHO estimates
Germany,DEU,2019,Europe,24.18,119.028015,Interpolated between WHO estimates
Germany,DEU,2020,Europe,23.7,118.52573,WHO estimate
Greece,GRC,2000,Europe,52.2,248.34215,WHO estimate
Greece,GRC,2001,Europe,51.04,241.73756,Interpolated between WHO estimates
Greece,GRC,2002,Europe,49.88,237.50545,Interpolated between WHO estimates
Greece,GRC,2003,Europe,48.72,238.32616,Interpolated between WHO estimates
Greece,GRC,2004,Europe,47.56,229.08528,Interpolated between WHO estimates
Greece,GRC,2005,Europe,46.4,214.1032,WHO estimate
Greece,GRC,2006,Europe,45.3,207.37254,Interpolated between WHO estimates
Greece,GRC,2007,Europe,44.2,200.5237,WHO estimate
Greece,GRC,2008,Europe,43.233333333333334,189.0351,Interpolated between WHO estimates
Greece,GRC,2009,Europe,42.266666666666666,179.13646,Interpolated between WHO estimates
Greece,GRC,2010,Europe,41.3,167.68398,WHO estimate
Greece,GRC,2011,Europe,40.379999999999995,161.46231,Interpolated between WHO estimates
Greece,GRC,2012,Europe,39.46,160.4481,Interpolated between WHO estimates
Greece,GRC,2013,Europe,38.54,146.49432,Interpolated between WHO estimates
Greece,GRC,2014,Europe,37.620000000000005,138.75427,Interpolated between WHO estimates
Greece,GRC,2015,Europe,36.7,138.75545,WHO estimate
Greece,GRC,2016,Europe,35.96,130.12901,Interpolated between WHO estimates
Greece,GRC,2017,Europe,35.22,133.82706,Interpolated between WHO estimates
Greece,GRC,2018,Europe,34.480000000000004,124.91584,Interpolated between WHO estimates
Greece,GRC,2019,Europe,33.74,122.66516,Interpolated between WHO estimates
Greece,GRC,2020,Europe,33.0,122.889305,WHO estimate
Greece,GRC,2021,Europe,32.25,126.03786,Interpolated between WHO estimates
Greece,GRC,2022,Europe,31.5,118.77363,WHO estimate
Guatemala,GTM,2000,Americas,14.3,132.72223,WHO estimate
Guatemala,GTM,2001,Americas,14.14,129.5208,Interpolated between WHO estimates
Guatemala,GTM,2002,Americas,13.98,119.49749,Interpolated between WHO estimates
Guatemala,GTM,2003,Americas,13.82,152.3809,Interpolated between WHO estimates
Guatemala,GTM,2004,Americas,13.66,125.31807,Interpolated between WHO estimates
Guatemala,GTM,2005,Americas,13.5,134.28586,WHO estimate
Guatemala,GTM,2006,Americas,13.35,142.72949,Interpolated between WHO estimates
Guatemala,GTM,2007,Americas,13.2,148.06018,WHO estimate
Guatemala,GTM,2008,Americas,13.066666666666666,139.14426,Interpolated between WHO estimates
Guatemala,GTM,2009,Americas,12.933333333333334,123.1029,Interpolated between WHO estimates
Guatemala,GTM,2010,Americas,12.8,127.315865,WHO estimate
Guatemala,GTM,2011,Americas,12.68,132.25389,Interpolated between WHO estimates
Guatemala,GTM,2012,Americas,12.56,132.26907,Interpolated between WHO estimates
Guatemala,GTM,2013,Americas,12.44,132.40915,Interpolated between WHO estimates
Guatemala,GTM,2014,Americas,12.32,134.76042,Interpolated between WHO estimates
Guatemala,GTM,2015,Americas,12.2,129.68787,WHO estimate
Guatemala,GTM,2016,Americas,12.1,124.776535,Interpolated between WHO estimates
Guatemala,GTM,2017,Americas,12.0,120.902435,Interpolated between WHO estimates
Guatemala,GTM,2018,Americas,11.899999999999999,116.634636,Interpolated between WHO estimates
Guatemala,GTM,2019,Americas,11.799999999999999,116.84735,Interpolated between WHO estimates
Guatemala,GTM,2020,Americas,11.7,137.88995,WHO estimate
Guatemala,GTM,2021,Americas,11.55,166.2121,Interpolated between WHO estimates
Guatemala,GTM,2022,Americas,11.4,134.07932,WHO estimate
Guyana,GUY,2001,Americas,28.080000000000002,373.83777,Interpolated between WHO estimates
Guyana,GUY,2002,Americas,27.060000000000002,381.06177,Interpolated between WHO estimates
Guyana,GUY,2003,Americas,26.04,403.06305,Interpolated between WHO estimates
Guyana,GUY,2004,Americas,25.02,415.5307,Interpolated between WHO estimates
Guyana,GUY,2005,Americas,24.0,397.62433,WHO estimate
Guyana,GUY,2006,Americas,23.05,371.84204,Interpolated between WHO estimates
Guyana,GUY,2007,Americas,22.1,382.4071,WHO estimate
Guyana,GUY,2008,Americas,21.3,395.4799,Interpolated between WHO estimates
Guyana,GUY,2009,Americas,20.5,393.15497,Interpolated between WHO estimates
Guyana,GUY,2010,Americas,19.7,422.1226,WHO estimate
Guyana,GUY,2011,Americas,19.02,394.808,Interpolated between WHO estimates
Guyana,GUY,2012,Americas,18.34,394.27765,Interpolated between WHO estimates
Guyana,GUY,2013,Americas,17.66,360.0578,Interpolated between WHO estimates
Guyana,GUY,2014,Americas,16.98,364.8779,Interpolated between WHO estimates
Guyana,GUY,2015,Americas,16.3,355.39993,WHO estimate
Guyana,GUY,2016,Americas,15.74,306.2971,Interpolated between WHO estimates
Guyana,GUY,2017,Americas,15.18,317.1992,Interpolated between WHO estimates
Guyana,GUY,2018,Americas,14.620000000000001,282.1803,Interpolated between WHO estimates
Guyana,GUY,2019,Americas,14.06,216.11969,Interpolated between WHO estimates
Guyana,GUY,2020,Americas,13.5,220.89395,WHO estimate
Hungary,HUN,2000,Europe,38.3,408.47653,WHO estimate
Hungary,HUN,2001,Europe,37.94,375.53665,Interpolated between WHO estimates
Hungary,HUN,2002,Europe,37.58,375.01923,Interpolated between WHO estimates
Hungary,HUN,2003,Europe,37.22,378.04776,Interpolated between WHO estimates
Hungary,HUN,2004,Europe,36.86,362.99548,Interpolated between WHO estimates
Hungary,HUN,2005,Europe,36.5,374.6169,WHO estimate
Hungary,HUN,2006,Europe,36.1,343.5287,Interpolated between WHO estimates
Hungary,HUN,2007,Europe,35.7,335.8393,WHO estimate
Hungary,HUN,2008,Europe,35.43333333333334,319.84146,Interpolated between WHO estimates
Hungary,HUN,2009,Europe,35.166666666666664,313.78836,Interpolated between WHO estimates
Hungary,HUN,2010,Europe,34.9,311.54776,WHO estimate
Hungary,HUN,2011,Europe,34.58,298.91806,Interpolated between WHO estimates
Hungary,HUN,2012,Europe,34.26,297.01614,Interpolated between WHO estimates
Hungary,HUN,2013,Europe,33.94,286.3813,Interpolated between WHO estimates
Hungary,HUN,2014,Europe,33.62,281.53854,Interpolated between WHO estimates
Hungary,HUN,2015,Europe,33.3,288.4191,WHO estimate
Hungary,HUN,2016,Europe,33.04,274.13177,Interpolated between WHO estimates
Hungary,HUN,2017,Europe,32.78,281.79315,Interpolated between WHO estimates
Hungary,HUN,2018,Europe,32.519999999999996,275.0003,Interpolated between WHO estimates
Hungary,HUN,2019,Europe,32.26,266.44943,Interpolated between WHO estimates
Hungary,HUN,2020,Europe,32.0,278.66412,WHO estimate
Hungary,HUN,2021,Europe,31.65,275.45114,Interpolated between WHO estimates
Hungary,HUN,2022,Europe,31.3,260.3408,WHO estimate
Hungary,HUN,2023,Europe,31.1,258.4217,WHO estimate
Iceland,ISL,2000,Europe,31.1,166.58582,WHO estimate
Iceland,ISL,2001,Europe,29.68,153.20316,Interpolated between WHO estimates
Iceland,ISL,2002,Europe,28.26,161.58913,Interpolated between WHO estimates
Iceland,ISL,2003,Europe,26.84,151.32216,Interpolated between WHO estimates
Iceland,ISL,2004,Europe,25.42,151.962,Interpolated between WHO estimates
Iceland,ISL,2005,Europe,24.0,130.57668,WHO estimate
Iceland,ISL,2006,Europe,22.85,136.958,Interpolated between WHO estimates
Iceland,ISL,2007,Europe,21.7,127.98319,WHO estimate
Iceland,ISL,2008,Europe,20.666666666666668,126.73408,Interpolated between WHO estimates
Iceland,ISL,2009,Europe,19.633333333333333,125.87849,Interpolated between WHO estimates
Iceland,ISL,2010,Europe,18.6,120.39073,WHO estimate
Iceland,ISL,2011,Europe,17.76,112.190155,Interpolated between WHO estimates
Iceland,ISL,2012,Europe,16.92,103.604774,Interpolated between WHO estimates
Iceland,ISL,2013,Europe,16.080000000000002,107.49279,Interpolated between WHO estimates
Iceland,ISL,2014,Europe,15.24,99.97064,Interpolated between WHO estimates
Iceland,ISL,2015,Europe,14.4,108.610535,WHO estimate
Iceland,ISL,2016,Europe,13.780000000000001,101.01311,Interpolated between WHO estimates
Iceland,ISL,2017,Europe,13.16,96.340805,Interpolated between WHO estimates
Iceland,ISL,2018,Europe,12.540000000000001,90.83586,Interpolated between WHO estimates
Iceland,ISL,2019,Europe,11.920000000000002,92.97593,Interpolated between WHO estimates
Iceland,ISL,2020,Europe,11.3,90.26332,WHO estimate
Iceland,ISL,2021,Europe,10.75,85.59636,Interpolated between WHO estimates
Iceland,ISL,2022,Europe,10.2,91.35075,WHO estimate
Iran,IRN,2013,Eastern Mediterranean,15.64,228.4941,Interpolated between WHO estimates
Iran,IRN,2014,Eastern Mediterranean,15.22,218.43591,Interpolated between WHO estimates
Iran,IRN,2015,Eastern Mediterranean,14.8,249.09448,WHO estimate
Iran,IRN,2016,Eastern Mediterranean,14.440000000000001,212.16447,Interpolated between WHO estimates
Iran,IRN,2017,Eastern Mediterranean,14.08,230.30803,Interpolated between WHO estimates
Iraq,IRQ,2008,Eastern Mediterranean,21.566666666666666,360.16647,Interpolated between WHO estimates
Iraq,IRQ,2015,Eastern Mediterranean,20.8,280.06818,WHO estimate
Iraq,IRQ,2016,Eastern Mediterranean,20.7,307.7126,Interpolated between WHO estimates
Ireland,IRL,2000,Europe,36.2,234.03299,WHO estimate
Ireland,IRL,2001,Europe,35.2,214.84377,Interpolated between WHO estimates
Ireland,IRL,2002,Europe,34.2,205.79167,Interpolated between WHO estimates
Ireland,IRL,2003,Europe,33.2,190.20445,Interpolated between WHO estimates
Ireland,IRL,2004,Europe,32.2,179.05388,Interpolated between WHO estimates
Ireland,IRL,2005,Europe,31.2,164.22404,WHO estimate
Ireland,IRL,2006,Europe,30.299999999999997,158.0811,Interpolated between WHO estimates
Ireland,IRL,2007,Europe,29.4,154.3781,WHO estimate
Ireland,IRL,2008,Europe,28.599999999999998,148.87445,Interpolated between WHO estimates
Ireland,IRL,2009,Europe,27.8,141.66309,Interpolated between WHO estimates
Ireland,IRL,2010,Europe,27.0,133.9125,WHO estimate
Ireland,IRL,2011,Europe,26.28,126.45774,Interpolated between WHO estimates
Ireland,IRL,2012,Europe,25.56,125.91924,Interpolated between WHO estimates
Ireland,IRL,2013,Europe,24.84,122.15439,Interpolated between WHO estimates
Ireland,IRL,2014,Europe,24.119999999999997,116.58649,Interpolated between WHO estimates
Ireland,IRL,2015,Europe,23.4,114.09944,WHO estimate
Ireland,IRL,2016,Europe,22.779999999999998,108.37151,Interpolated between WHO estimates
Ireland,IRL,2017,Europe,22.16,100.97972,Interpolated between WHO estimates
Ireland,IRL,2018,Europe,21.54,100.59688,Interpolated between WHO estimates
Ireland,IRL,2019,Europe,20.92,95.431496,Interpolated between WHO estimates
Ireland,IRL,2020,Europe,20.3,91.87105,WHO estimate
Ireland,IRL,2021,Europe,19.75,94.171455,Interpolated between WHO estimates
Ireland,IRL,2022,Europe,19.2,95.09137,WHO estimate
Israel,ISR,2000,Europe,30.1,146.48653,WHO estimate
Israel,ISR,2001,Europe,29.64,138.5854,Interpolated between WHO estimates
Israel,ISR,2002,Europe,29.18,133.20407,Interpolated between WHO estimates
Israel,ISR,2003,Europe,28.720000000000002,128.12213,Interpolated between WHO estimates
Israel,ISR,2004,Europe,28.26,121.86941,Interpolated between WHO estimates
Israel,ISR,2005,Europe,27.8,118.04507,WHO estimate
Israel,ISR,2006,Europe,27.5,110.21231,Interpolated between WHO estimates
Israel,ISR,2007,Europe,27.2,111.700584,WHO estimate
Israel,ISR,2008,Europe,26.766666666666666,98.24576,Interpolated between WHO estimates
Israel,ISR,2009,Europe,26.333333333333332,89.023766,Interpolated between WHO estimates
Israel,ISR,2010,Europe,25.9,87.528145,WHO estimate
Israel,ISR,2011,Europe,25.54,86.284355,Interpolated between WHO estimates
Israel,ISR,2012,Europe,25.18,81.780334,Interpolated between WHO estimates
Israel,ISR,2013,Europe,24.82,78.97137,Interpolated between WHO estimates
Israel,ISR,2014,Europe,24.46,76.29861,Interpolated between WHO estimates
Israel,ISR,2015,Europe,24.1,76.69726,WHO estimate
Israel,ISR,2016,Europe,23.76,73.987785,Interpolated between WHO estimates
Israel,ISR,2017,Europe,23.42,70.817406,Interpolated between WHO estimates
Israel,ISR,2018,Europe,23.08,66.528854,Interpolated between WHO estimates
Israel,ISR,2019,Europe,22.74,67.589264,Interpolated between WHO estimates
Israel,ISR,2020,Europe,22.4,65.72757,WHO estimate
Israel,ISR,2021,Europe,22.1,63.32023,Interpolated between WHO estimates
Israel,ISR,2022,Europe,21.8,61.702034,WHO estimate
Italy,ITA,2000,Europe,25.9,174.53062,WHO estimate
Italy,ITA,2001,Europe,25.74,165.55501,Interpolated between WHO estimates
Italy,ITA,2002,Europe,25.58,160.6849,Interpolated between WHO estimates
Italy,ITA,2003,Europe,25.42,160.22546,Interpolated between WHO estimates
Italy,ITA,2004,Europe,25.26,145.32668,Interpolated between WHO estimates
Italy,ITA,2005,Europe,25.1,146.52666,WHO estimate
Italy,ITA,2006,Europe,24.950000000000003,133.5276,Interpolated between WHO estimates
Italy,ITA,2007,Europe,24.8,130.33586,WHO estimate
Italy,ITA,2008,Europe,24.666666666666668,126.50934,Interpolated between WHO estimates
Italy,ITA,2009,Europe,24.53333333333333,121.99988,Interpolated between WHO estimates
Italy,ITA,2010,Europe,24.4,116.20376,WHO estimate
Italy,ITA,2011,Europe,24.259999999999998,115.71926,Interpolated between WHO estimates
Italy,ITA,2012,Europe,24.119999999999997,115.42607,Interpolated between WHO estimates
Italy,ITA,2013,Europe,23.98,108.26857,Interpolated between WHO estimates
Italy,ITA,2014,Europe,23.84,104.279594,Interpolated between WHO estimates
Italy,ITA,2015,Europe,23.7,110.12326,WHO estimate
Italy,ITA,2016,Europe,23.56,100.028244,Interpolated between WHO estimates
Italy,ITA,2017,Europe,23.419999999999998,102.26082,Interpolated between WHO estimates
Italy,ITA,2018,Europe,23.28,96.29613,Interpolated between WHO estimates
Italy,ITA,2019,Europe,23.14,90.439316,Interpolated between WHO estimates
Italy,ITA,2020,Europe,23.0,94.55776,WHO estimate
Italy,ITA,2021,Europe,22.85,90.38306,Interpolated between WHO estimates
Italy,ITA,2022,Europe,22.7,87.85139,WHO estimate
Jamaica,JAM,2000,Americas,18.8,185.97723,WHO estimate
Jamaica,JAM,2001,Americas,18.400000000000002,169.39175,Interpolated between WHO estimates
Jamaica,JAM,2002,Americas,18.0,145.90721,Interpolated between WHO estimates
Jamaica,JAM,2003,Americas,17.6,164.59619,Interpolated between WHO estimates
Jamaica,JAM,2004,Americas,17.2,172.57121,Interpolated between WHO estimates
Jamaica,JAM,2005,Americas,16.8,160.09557,WHO estimate
Jamaica,JAM,2006,Americas,16.450000000000003,156.8966,Interpolated between WHO estimates
Jamaica,JAM,2009,Americas,15.433333333333334,165.14346,Interpolated between WHO estimates
Jamaica,JAM,2010,Americas,15.1,164.9189,WHO estimate
Jamaica,JAM,2011,Americas,14.799999999999999,162.80417,Interpolated between WHO estimates
Jamaica,JAM,2012,Americas,14.5,164.14581,Interpolated between WHO estimates
Jamaica,JAM,2013,Americas,14.2,171.18051,Interpolated between WHO estimates
Jamaica,JAM,2014,Americas,13.9,199.11005,Interpolated between WHO estimates
Japan,JPN,2000,Western Pacific,33.4,109.44353,WHO estimate
Japan,JPN,2001,Western Pacific,32.58,105.766556,Interpolated between WHO estimates
Japan,JPN,2002,Western Pacific,31.759999999999998,102.76297,Interpolated between WHO estimates
Japan,JPN,2003,Western Pacific,30.94,101.97732,Interpolated between WHO estimates
Japan,JPN,2004,Western Pacific,30.12,97.963104,Interpolated between WHO estimates
Japan,JPN,2005,Western Pacific,29.3,99.09297,WHO estimate
Japan,JPN,2006,Western Pacific,28.450000000000003,93.96492,Interpolated between WHO estimates
Japan,JPN,2007,Western Pacific,27.6,91.0557,WHO estimate
Japan,JPN,2008,Western Pacific,26.900000000000002,89.60151,Interpolated between WHO estimates
Japan,JPN,2009,Western Pacific,26.2,85.44193,Interpolated between WHO estimates
Japan,JPN,2010,Western Pacific,25.5,84.88826,WHO estimate
Japan,JPN,2011,Western Pacific,24.86,83.703995,Interpolated between WHO estimates
Japan,JPN,2012,Western Pacific,24.22,81.06149,Interpolated between WHO estimates
Japan,JPN,2013,Western Pacific,23.580000000000002,77.33594,Interpolated between WHO estimates
Japan,JPN,2014,Western Pacific,22.94,74.48358,Interpolated between WHO estimates
Japan,JPN,2015,Western Pacific,22.3,71.88557,WHO estimate
Japan,JPN,2016,Western Pacific,21.740000000000002,70.211044,Interpolated between WHO estimates
Japan,JPN,2017,Western Pacific,21.18,69.77603,Interpolated between WHO estimates
Japan,JPN,2018,Western Pacific,20.62,68.42335,Interpolated between WHO estimates
Japan,JPN,2019,Western Pacific,20.06,66.68943,Interpolated between WHO estimates
Japan,JPN,2020,Western Pacific,19.5,65.08896,WHO estimate
Japan,JPN,2021,Western Pacific,19.0,65.42859,Interpolated between WHO estimates
Japan,JPN,2022,Western Pacific,18.5,68.23437,WHO estimate
Jordan,JOR,2008,Eastern Mediterranean,32.83333333333333,192.21967,Interpolated between WHO estimates
Jordan,JOR,2009,Eastern Mediterranean,32.86666666666667,188.01389,Interpolated between WHO estimates
Jordan,JOR,2010,Eastern Mediterranean,32.9,191.5881,WHO estimate
Jordan,JOR,2011,Eastern Mediterranean,32.96,199.09685,Interpolated between WHO estimates
Jordan,JOR,2012,Eastern Mediterranean,33.02,186.7356,Interpolated between WHO estimates
Jordan,JOR,2015,Eastern Mediterranean,33.2,169.21841,WHO estimate
Jordan,JOR,2016,Eastern Mediterranean,33.28,180.141,Interpolated between WHO estimates
Jordan,JOR,2017,Eastern Mediterranean,33.36,181.39755,Interpolated between WHO estimates
Jordan,JOR,2018,Eastern Mediterranean,33.440000000000005,146.88702,Interpolated between WHO estimates
Kazakhstan,KAZ,2000,Europe,35.1,597.82,WHO estimate
Kazakhstan,KAZ,2001,Europe,34.36,608.9984,Interpolated between WHO estimates
Kazakhstan,KAZ,2002,Europe,33.62,617.3408,Interpolated between WHO estimates
Kazakhstan,KAZ,2003,Europe,32.88,647.9952,Interpolated between WHO estimates
Kazakhstan,KAZ,2004,Europe,32.14,620.5657,Interpolated between WHO estimates
Kazakhstan,KAZ,2005,Europe,31.4,635.6732,WHO estimate
Kazakhstan,KAZ,2006,Europe,30.799999999999997,623.8633,Interpolated between WHO estimates
Kazakhstan,KAZ,2007,Europe,30.2,613.28564,WHO estimate
Kazakhstan,KAZ,2008,Europe,29.599999999999998,565.0008,Interpolated between WHO estimates
Kazakhstan,KAZ,2009,Europe,29.0,473.1766,Interpolated between WHO estimates
Kazakhstan,KAZ,2010,Europe,28.4,470.5572,WHO estimate
Kazakhstan,KAZ,2011,Europe,27.84,349.13965,Interpolated between WHO estimates
Kazakhstan,KAZ,2012,Europe,27.28,282.80957,Interpolated between WHO estimates
Kazakhstan,KAZ,2013,Europe,26.72,275.6605,Interpolated between WHO estimates
Kazakhstan,KAZ,2014,Europe,26.16,232.19073,Interpolated between WHO estimates
Kazakhstan,KAZ,2015,Europe,25.6,214.0349,WHO estimate
Kazakhstan,KAZ,2016,Europe,25.080000000000002,192.68298,Interpolated between WHO estimates
Kazakhstan,KAZ,2017,Europe,24.560000000000002,185.90884,Interpolated between WHO estimates
Kazakhstan,KAZ,2018,Europe,24.04,175.68442,Interpolated between WHO estimates
Kazakhstan,KAZ,2019,Europe,23.52,167.0988,Interpolated between WHO estimates
Kazakhstan,KAZ,2020,Europe,23.0,196.17259,WHO estimate
Kazakhstan,KAZ,2021,Europe,22.55,228.95827,Interpolated between WHO estimates
Kazakhstan,KAZ,2022,Europe,22.1,149.47504,WHO estimate
Kazakhstan,KAZ,2023,Europe,21.7,138.99355,WHO estimate
Kuwait,KWT,2000,Eastern Mediterranean,20.9,291.7579,WHO estimate
Kuwait,KWT,2001,Eastern Mediterranean,20.799999999999997,274.95908,Interpolated between WHO estimates
Kuwait,KWT,2002,Eastern Mediterranean,20.7,258.8697,Interpolated between WHO estimates
Kuwait,KWT,2003,Eastern Mediterranean,20.599999999999998,335.39154,Interpolated between WHO estimates
Kuwait,KWT,2004,Eastern Mediterranean,20.5,362.29327,Interpolated between WHO estimates
Kuwait,KWT,2005,Eastern Mediterranean,20.4,331.30157,WHO estimate
Kuwait,KWT,2006,Eastern Mediterranean,20.299999999999997,333.22122,Interpolated between WHO estimates
Kuwait,KWT,2007,Eastern Mediterranean,20.2,216.70825,WHO estimate
Kuwait,KWT,2008,Eastern Mediterranean,20.133333333333333,234.40077,Interpolated between WHO estimates
Kuwait,KWT,2009,Eastern Mediterranean,20.066666666666666,228.4359,Interpolated between WHO estimates
Kuwait,KWT,2010,Eastern Mediterranean,20.0,199.70015,WHO estimate
Kuwait,KWT,2011,Eastern Mediterranean,19.92,182.55064,Interpolated between WHO estimates
Kuwait,KWT,2012,Eastern Mediterranean,19.84,184.44365,Interpolated between WHO estimates
Kuwait,KWT,2013,Eastern Mediterranean,19.76,166.6514,Interpolated between WHO estimates
Kuwait,KWT,2014,Eastern Mediterranean,19.68,146.0641,Interpolated between WHO estimates
Kuwait,KWT,2015,Eastern Mediterranean,19.6,176.55974,WHO estimate
Kuwait,KWT,2016,Eastern Mediterranean,19.560000000000002,179.4173,Interpolated between WHO estimates
Kuwait,KWT,2017,Eastern Mediterranean,19.52,174.34975,Interpolated between WHO estimates
Kuwait,KWT,2018,Eastern Mediterranean,19.48,148.27039,Interpolated between WHO estimates
Kuwait,KWT,2019,Eastern Mediterranean,19.439999999999998,154.12183,Interpolated between WHO estimates
Kuwait,KWT,2022,Eastern Mediterranean,19.3,159.95096,WHO estimate
Kuwait,KWT,2023,Eastern Mediterranean,19.4,127.167336,WHO estimate
Kyrgyzstan,KGZ,2000,Europe,33.4,507.87973,WHO estimate
Kyrgyzstan,KGZ,2001,Europe,32.839999999999996,491.64886,Interpolated between WHO estimates
Kyrgyzstan,KGZ,2002,Europe,32.28,538.3757,Interpolated between WHO estimates
Kyrgyzstan,KGZ,2003,Europe,31.72,538.62256,Interpolated between WHO estimates
Kyrgyzstan,KGZ,2004,Europe,31.16,505.003,Interpolated between WHO estimates
Kyrgyzstan,KGZ,2005,Europe,30.6,537.21875,WHO estimate
Kyrgyzstan,KGZ,2006,Europe,30.05,552.2825,Interpolated between WHO estimates
Kyrgyzstan,KGZ,2007,Europe,29.5,543.43634,WHO estimate
Kyrgyzstan,KGZ,2008,Europe,29.033333333333335,532.53973,Interpolated between WHO estimates
Kyrgyzstan,KGZ,2009,Europe,28.566666666666666,536.7965,Interpolated between WHO estimates
Kyrgyzstan,KGZ,2010,Europe,28.1,527.4958,WHO estimate
Kyrgyzstan,KGZ,2011,Europe,27.62,531.6073,Interpolated between WHO estimates
Kyrgyzstan,KGZ,2012,Europe,27.14,533.59406,Interpolated between WHO estimates
Kyrgyzstan,KGZ,2013,Europe,26.66,494.0688,Interpolated between WHO estimates
Kyrgyzstan,KGZ,2014,Europe,26.18,493.60355,Interpolated between WHO estimates
Kyrgyzstan,KGZ,2015,Europe,25.7,476.89795,WHO estimate
Kyrgyzstan,KGZ,2016,Europe,25.3,433.08554,Interpolated between WHO estimates
Kyrgyzstan,KGZ,2017,Europe,24.9,433.21268,Interpolated between WHO estimates
Kyrgyzstan,KGZ,2018,Europe,24.5,415.2537,Interpolated between WHO estimates
Kyrgyzstan,KGZ,2019,Europe,24.099999999999998,412.19324,Interpolated between WHO estimates
Kyrgyzstan,KGZ,2020,Europe,23.7,490.67114,WHO estimate
Kyrgyzstan,KGZ,2021,Europe,23.35,454.3948,Interpolated between WHO estimates
Kyrgyzstan,KGZ,2022,Europe,23.0,380.63324,WHO estimate
Kyrgyzstan,KGZ,2023,Europe,22.6,397.27606,WHO estimate
Latvia,LVA,2000,Europe,44.3,447.93152,WHO estimate
Latvia,LVA,2001,Europe,43.839999999999996,464.82117,Interpolated between WHO estimates
Latvia,LVA,2002,Europe,43.379999999999995,459.51486,Interpolated between WHO estimates
Latvia,LVA,2003,Europe,42.92,454.06592,Interpolated between WHO estimates
Latvia,LVA,2004,Europe,42.46,444.33157,Interpolated between WHO estimates
Latvia,LVA,2005,Europe,42.0,447.5076,WHO estimate
Latvia,LVA,2006,Europe,41.65,436.37613,Interpolated between WHO estimates
Latvia,LVA,2007,Europe,41.3,435.83313,WHO estimate
Latvia,LVA,2008,Europe,40.86666666666667,389.75906,Interpolated between WHO estimates
Latvia,LVA,2009,Europe,40.43333333333333,371.31326,Interpolated between WHO estimates
Latvia,LVA,2010,Europe,40.0,369.36377,WHO estimate
Latvia,LVA,2011,Europe,39.56,349.49078,Interpolated between WHO estimates
Latvia,LVA,2012,Europe,39.12,351.68326,Interpolated between WHO estimates
Latvia,LVA,2013,Europe,38.68,345.13846,Interpolated between WHO estimates
Latvia,LVA,2014,Europe,38.239999999999995,334.21008,Interpolated between WHO estimates
Latvia,LVA,2015,Europe,37.8,327.24466,WHO estimate
Latvia,LVA,2016,Europe,37.419999999999995,319.85425,Interpolated between WHO estimates
Latvia,LVA,2017,Europe,37.04,316.67178,Interpolated between WHO estimates
Latvia,LVA,2018,Europe,36.66,310.93127,Interpolated between WHO estimates
Latvia,LVA,2019,Europe,36.28,291.66214,Interpolated between WHO estimates
Latvia,LVA,2020,Europe,35.9,296.28012,WHO estimate
Latvia,LVA,2021,Europe,35.599999999999994,332.68948,Interpolated between WHO estimates
Latvia,LVA,2022,Europe,35.3,313.34232,WHO estimate
Latvia,LVA,2023,Europe,34.9,278.90048,WHO estimate
Lebanon,LBN,2019,Eastern Mediterranean,43.88,90.07418,Interpolated between WHO estimates
Lebanon,LBN,2020,Eastern Mediterranean,44.5,54.479336,WHO estimate
Lebanon,LBN,2021,Eastern Mediterranean,45.05,61.361748,Interpolated between WHO estimates
Lebanon,LBN,2023,Eastern Mediterranean,46.3,47.79989,WHO estimate
Lithuania,LTU,2000,Europe,43.6,382.1818,WHO estimate
Lithuania,LTU,2001,Europe,42.980000000000004,399.03214,Interpolated between WHO estimates
Lithuania,LTU,2002,Europe,42.36,398.00662,Interpolated between WHO estimates
Lithuania,LTU,2003,Europe,41.74,390.42282,Interpolated between WHO estimates
Lithuania,LTU,2004,Europe,41.12,389.58157,Interpolated between WHO estimates
Lithuania,LTU,2005,Europe,40.5,406.1884,WHO estimate
Lithuania,LTU,2006,Europe,39.9,407.47107,Interpolated between WHO estimates
Lithuania,LTU,2007,Europe,39.3,400.40244,WHO estimate
Lithuania,LTU,2008,Europe,38.766666666666666,375.80722,Interpolated between WHO estimates
Lithuania,LTU,2009,Europe,38.233333333333334,359.3434,Interpolated between WHO estimates
Lithuania,LTU,2010,Europe,37.7,356.3636,WHO estimate
Lithuania,LTU,2011,Europe,37.24,341.87335,Interpolated between WHO estimates
Lithuania,LTU,2012,Europe,36.78,335.0073,Interpolated between WHO estimates
Lithuania,LTU,2013,Europe,36.32,328.69873,Interpolated between WHO estimates
Lithuania,LTU,2014,Europe,35.86,311.1402,Interpolated between WHO estimates
Lithuania,LTU,2015,Europe,35.4,319.15695,WHO estimate
Lithuania,LTU,2016,Europe,34.94,309.03983,Interpolated between WHO estimates
Lithuania,LTU,2017,Europe,34.48,292.85977,Interpolated between WHO estimates
Lithuania,LTU,2018,Europe,34.02,281.01346,Interpolated between WHO estimates
Lithuania,LTU,2019,Europe,33.56,266.22968,Interpolated between WHO estimates
Lithuania,LTU,2020,Europe,33.1,294.28946,WHO estimate
Lithuania,LTU,2021,Europe,32.7,294.0899,Interpolated between WHO estimates
Lithuania,LTU,2022,Europe,32.3,283.53363,WHO estimate
Lithuania,LTU,2023,Europe,31.7,238.87729,WHO estimate
Luxembourg,LUX,2000,Europe,28.1,173.10283,WHO estimate
Luxembourg,LUX,2001,Europe,27.900000000000002,181.06102,Interpolated between WHO estimates
Luxembourg,LUX,2002,Europe,27.700000000000003,177.4946,Interpolated between WHO estimates
Luxembourg,LUX,2003,Europe,27.5,190.08783,Interpolated between WHO estimates
Luxembourg,LUX,2004,Europe,27.3,163.03548,Interpolated between WHO estimates
Luxembourg,LUX,2005,Europe,27.1,161.97586,WHO estimate
Luxembourg,LUX,2006,Europe,27.0,166.4894,Interpolated between WHO estimates
Luxembourg,LUX,2007,Europe,26.9,150.1842,WHO estimate
Luxembourg,LUX,2008,Europe,26.7,138.40326,Interpolated between WHO estimates
Luxembourg,LUX,2009,Europe,26.5,132.96281,Interpolated between WHO estimates
Luxembourg,LUX,2010,Europe,26.3,122.20283,WHO estimate
Luxembourg,LUX,2011,Europe,26.16,119.578964,Interpolated between WHO estimates
Luxembourg,LUX,2012,Europe,26.02,110.55043,Interpolated between WHO estimates
Luxembourg,LUX,2013,Europe,25.880000000000003,102.73006,Interpolated between WHO estimates
Luxembourg,LUX,2014,Europe,25.740000000000002,97.61374,Interpolated between WHO estimates
Luxembourg,LUX,2015,Europe,25.6,92.92849,WHO estimate
Luxembourg,LUX,2016,Europe,25.48,95.97439,Interpolated between WHO estimates
Luxembourg,LUX,2017,Europe,25.36,97.57406,Interpolated between WHO estimates
Luxembourg,LUX,2018,Europe,25.240000000000002,88.24319,Interpolated between WHO estimates
Luxembourg,LUX,2019,Europe,25.12,79.37911,Interpolated between WHO estimates
Luxembourg,LUX,2020,Europe,25.0,77.35233,WHO estimate
Luxembourg,LUX,2021,Europe,24.85,70.91903,Interpolated between WHO estimates
Luxembourg,LUX,2022,Europe,24.7,71.927,WHO estimate
Luxembourg,LUX,2023,Europe,24.6,70.5095,WHO estimate
Malaysia,MYS,2000,Western Pacific,27.6,113.08715,WHO estimate
Malaysia,MYS,2001,Western Pacific,26.98,119.06479,Interpolated between WHO estimates
Malaysia,MYS,2002,Western Pacific,26.36,113.8255,Interpolated between WHO estimates
Malaysia,MYS,2003,Western Pacific,25.740000000000002,111.5029,Interpolated between WHO estimates
Malaysia,MYS,2004,Western Pacific,25.12,109.57354,Interpolated between WHO estimates
Malaysia,MYS,2005,Western Pacific,24.5,109.34683,WHO estimate
Malaysia,MYS,2006,Western Pacific,23.95,107.912384,Interpolated between WHO estimates
Malaysia,MYS,2007,Western Pacific,23.4,106.59867,WHO estimate
Malaysia,MYS,2008,Western Pacific,22.933333333333334,109.688736,Interpolated between WHO estimates
Malaysia,MYS,2009,Western Pacific,22.466666666666665,96.10945,Interpolated between WHO estimates
Malaysia,MYS,2010,Western Pacific,22.0,92.83803,WHO estimate
Malaysia,MYS,2011,Western Pacific,21.54,94.806404,Interpolated between WHO estimates
Malaysia,MYS,2012,Western Pacific,21.08,91.50058,Interpolated between WHO estimates
Malaysia,MYS,2013,Western Pacific,20.62,87.89143,Interpolated between WHO estimates
Malaysia,MYS,2014,Western Pacific,20.16,88.49979,Interpolated between WHO estimates
Malaysia,MYS,2015,Western Pacific,19.7,91.07099,WHO estimate
Malaysia,MYS,2016,Western Pacific,19.36,90.08388,Interpolated between WHO estimates
Malaysia,MYS,2017,Western Pacific,19.02,104.9696,Interpolated between WHO estimates
Malaysia,MYS,2018,Western Pacific,18.68,136.16893,Interpolated between WHO estimates
Malaysia,MYS,2019,Western Pacific,18.34,113.19008,Interpolated between WHO estimates
Malaysia,MYS,2020,Western Pacific,18.0,119.34524,WHO estimate
Maldives,MDV,2000,South-East Asia,42.3,31.486345,WHO estimate
Maldives,MDV,2001,South-East Asia,41.36,253.8509,Interpolated between WHO estimates
Maldives,MDV,2002,South-East Asia,40.42,239.40376,Interpolated between WHO estimates
Maldives,MDV,2003,South-East Asia,39.48,297.17627,Interpolated between WHO estimates
Maldives,MDV,2004,South-East Asia,38.54,128.91493,Interpolated between WHO estimates
Maldives,MDV,2005,South-East Asia,37.6,39.523712,WHO estimate
Maldives,MDV,2007,South-East Asia,36.0,257.75595,WHO estimate
Maldives,MDV,2008,South-East Asia,35.266666666666666,228.00816,Interpolated between WHO estimates
Maldives,MDV,2010,South-East Asia,33.8,252.9829,WHO estimate
Maldives,MDV,2011,South-East Asia,33.12,237.62485,Interpolated between WHO estimates
Maldives,MDV,2012,South-East Asia,32.44,221.82495,Interpolated between WHO estimates
Maldives,MDV,2013,South-East Asia,31.759999999999998,203.42694,Interpolated between WHO estimates
Maldives,MDV,2014,South-East Asia,31.08,215.79953,Interpolated between WHO estimates
Maldives,MDV,2015,South-East Asia,30.4,197.96652,WHO estimate
Maldives,MDV,2016,South-East Asia,29.84,184.51863,Interpolated between WHO estimates
Maldives,MDV,2017,South-East Asia,29.28,182.14691,Interpolated between WHO estimates
Maldives,MDV,2018,South-East Asia,28.72,149.36906,Interpolated between WHO estimates
Maldives,MDV,2019,South-East Asia,28.16,99.05189,Interpolated between WHO estimates
Maldives,MDV,2020,South-East Asia,27.6,105.73899,WHO estimate
Maldives,MDV,2021,South-East Asia,27.1,88.56567,Interpolated between WHO estimates
Malta,MLT,2000,Europe,32.6,239.82756,WHO estimate
Malta,MLT,2001,Europe,32.18,212.09,Interpolated between WHO estimates
Malta,MLT,2002,Europe,31.76,214.80783,Interpolated between WHO estimates
Malta,MLT,2003,Europe,31.34,214.5567,Interpolated between WHO estimates
Malta,MLT,2004,Europe,30.92,189.02943,Interpolated between WHO estimates
Malta,MLT,2005,Europe,30.5,200.62917,WHO estimate
Malta,MLT,2006,Europe,30.1,191.34879,Interpolated between WHO estimates
Malta,MLT,2007,Europe,29.7,170.58806,WHO estimate
Malta,MLT,2008,Europe,29.366666666666667,166.30838,Interpolated between WHO estimates
Malta,MLT,2009,Europe,29.03333333333333,155.35617,Interpolated between WHO estimates
Malta,MLT,2010,Europe,28.7,138.9571,WHO estimate
Malta,MLT,2011,Europe,28.38,169.59906,Interpolated between WHO estimates
Malta,MLT,2012,Europe,28.06,177.24557,Interpolated between WHO estimates
Malta,MLT,2013,Europe,27.740000000000002,138.68204,Interpolated between WHO estimates
Malta,MLT,2014,Europe,27.42,128.24345,Interpolated between WHO estimates
Malta,MLT,2015,Europe,27.1,133.25061,WHO estimate
Malta,MLT,2016,Europe,26.82,114.26814,Interpolated between WHO estimates
Malta,MLT,2017,Europe,26.54,113.848076,Interpolated between WHO estimates
Malta,MLT,2018,Europe,26.26,110.69922,Interpolated between WHO estimates
Malta,MLT,2019,Europe,25.98,108.71578,Interpolated between WHO estimates
Malta,MLT,2020,Europe,25.7,106.3992,WHO estimate
Malta,MLT,2021,Europe,25.35,100.49562,Interpolated between WHO estimates
Malta,MLT,2022,Europe,25.0,96.05111,WHO estimate
Mauritius,MUS,2000,Africa,27.0,431.32642,WHO estimate
Mauritius,MUS,2001,Africa,26.52,410.1411,Interpolated between WHO estimates
Mauritius,MUS,2002,Africa,26.04,435.1131,Interpolated between WHO estimates
Mauritius,MUS,2003,Africa,25.560000000000002,437.874,Interpolated between WHO estimates
Mauritius,MUS,2004,Africa,25.080000000000002,417.7795,Interpolated between WHO estimates
Mauritius,MUS,2005,Africa,24.6,306.8499,WHO estimate
Mauritius,MUS,2006,Africa,24.15,307.61,Interpolated between WHO estimates
Mauritius,MUS,2007,Africa,23.7,278.2987,WHO estimate
Mauritius,MUS,2008,Africa,23.3,274.34708,Interpolated between WHO estimates
Mauritius,MUS,2009,Africa,22.9,248.82373,Interpolated between WHO estimates
Mauritius,MUS,2010,Africa,22.5,237.44102,WHO estimate
Mauritius,MUS,2011,Africa,22.1,223.7156,Interpolated between WHO estimates
Mauritius,MUS,2012,Africa,21.7,224.31795,Interpolated between WHO estimates
Mauritius,MUS,2013,Africa,21.3,207.79301,Interpolated between WHO estimates
Mauritius,MUS,2014,Africa,20.9,211.42644,Interpolated between WHO estimates
Mauritius,MUS,2015,Africa,20.5,217.66331,WHO estimate
Mauritius,MUS,2016,Africa,20.18,232.70496,Interpolated between WHO estimates
Mauritius,MUS,2017,Africa,19.86,207.87894,Interpolated between WHO estimates
Mauritius,MUS,2018,Africa,19.54,233.79774,Interpolated between WHO estimates
Mauritius,MUS,2019,Africa,19.22,210.38913,Interpolated between WHO estimates
Mauritius,MUS,2020,Africa,18.9,190.09956,WHO estimate
Mauritius,MUS,2021,Africa,18.549999999999997,235.69098,Interpolated between WHO estimates
Mauritius,MUS,2022,Africa,18.2,248.67546,WHO estimate
Mauritius,MUS,2023,Africa,17.8,195.1199,WHO estimate
Mexico,MEX,2000,Americas,21.2,148.44194,WHO estimate
Mexico,MEX,2001,Americas,20.939999999999998,145.15854,Interpolated between WHO estimates
Mexico,MEX,2002,Americas,20.68,146.36617,Interpolated between WHO estimates
Mexico,MEX,2003,Americas,20.419999999999998,146.15749,Interpolated between WHO estimates
Mexico,MEX,2004,Americas,20.16,140.80455,Interpolated between WHO estimates
Mexico,MEX,2005,Americas,19.9,141.12323,WHO estimate
Mexico,MEX,2006,Americas,19.65,135.96442,Interpolated between WHO estimates
Mexico,MEX,2007,Americas,19.4,137.19206,WHO estimate
Mexico,MEX,2008,Americas,19.166666666666664,142.37584,Interpolated between WHO estimates
Mexico,MEX,2009,Americas,18.933333333333334,140.79497,Interpolated between WHO estimates
Mexico,MEX,2010,Americas,18.7,145.59187,WHO estimate
Mexico,MEX,2011,Americas,18.48,139.90466,Interpolated between WHO estimates
Mexico,MEX,2012,Americas,18.26,139.41682,Interpolated between WHO estimates
Mexico,MEX,2013,Americas,18.04,138.5737,Interpolated between WHO estimates
Mexico,MEX,2014,Americas,17.82,143.3141,Interpolated between WHO estimates
Mexico,MEX,2015,Americas,17.6,146.46335,WHO estimate
Mexico,MEX,2016,Americas,17.400000000000002,148.83333,Interpolated between WHO estimates
Mexico,MEX,2017,Americas,17.200000000000003,148.6703,Interpolated between WHO estimates
Mexico,MEX,2018,Americas,17.0,150.48657,Interpolated between WHO estimates
Mexico,MEX,2019,Americas,16.8,151.37212,Interpolated between WHO estimates
Mexico,MEX,2020,Americas,16.6,198.48056,WHO estimate
Mexico,MEX,2021,Americas,16.35,194.57265,Interpolated between WHO estimates
Mexico,MEX,2022,Americas,16.1,168.76141,WHO estimate
Moldova,MDA,2000,Europe,23.4,622.2433,WHO estimate
Moldova,MDA,2001,Europe,23.58,606.7653,Interpolated between WHO estimates
Moldova,MDA,2002,Europe,23.759999999999998,631.42584,Interpolated between WHO estimates
Moldova,MDA,2003,Europe,23.94,639.7061,Interpolated between WHO estimates
Moldova,MDA,2004,Europe,24.12,602.2935,Interpolated between WHO estimates
Moldova,MDA,2005,Europe,24.3,641.1342,WHO estimate
Moldova,MDA,2006,Europe,24.6,587.7414,Interpolated between WHO estimates
Moldova,MDA,2007,Europe,24.9,561.41705,WHO estimate
Moldova,MDA,2008,Europe,25.099999999999998,537.07874,Interpolated between WHO estimates
Moldova,MDA,2009,Europe,25.3,535.70685,Interpolated between WHO estimates
Moldova,MDA,2010,Europe,25.5,549.06616,WHO estimate
Moldova,MDA,2011,Europe,25.7,497.96136,Interpolated between WHO estimates
Moldova,MDA,2012,Europe,25.9,494.1437,Interpolated between WHO estimates
Moldova,MDA,2013,Europe,26.1,469.51602,Interpolated between WHO estimates
Moldova,MDA,2014,Europe,26.3,477.67337,Interpolated between WHO estimates
Moldova,MDA,2015,Europe,26.5,474.75012,WHO estimate
Moldova,MDA,2016,Europe,26.74,442.2106,Interpolated between WHO estimates
Moldova,MDA,2017,Europe,26.98,422.1156,Interpolated between WHO estimates
Moldova,MDA,2018,Europe,27.22,527.10077,Interpolated between WHO estimates
Moldova,MDA,2019,Europe,27.46,523.9082,Interpolated between WHO estimates
Moldova,MDA,2020,Europe,27.7,556.99945,WHO estimate
Moldova,MDA,2021,Europe,28.0,593.0265,Interpolated between WHO estimates
Moldova,MDA,2022,Europe,28.3,518.89026,WHO estimate
Moldova,MDA,2023,Europe,28.7,470.157,WHO estimate
Mongolia,MNG,2016,Western Pacific,30.5,312.3613,Interpolated between WHO estimates
Mongolia,MNG,2017,Western Pacific,30.400000000000002,289.47183,Interpolated between WHO estimates
Mongolia,MNG,2018,Western Pacific,30.3,307.56705,Interpolated between WHO estimates
Mongolia,MNG,2019,Western Pacific,30.200000000000003,275.33026,Interpolated between WHO estimates
Mongolia,MNG,2020,Western Pacific,30.1,256.00702,WHO estimate
Mongolia,MNG,2021,Western Pacific,30.0,299.76294,Interpolated between WHO estimates
Mongolia,MNG,2022,Western Pacific,29.9,256.8948,WHO estimate
Mongolia,MNG,2023,Western Pacific,29.7,245.80035,WHO estimate
Montenegro,MNE,2000,Europe,36.8,383.9554,WHO estimate
Montenegro,MNE,2001,Europe,36.76,376.14197,Interpolated between WHO estimates
Montenegro,MNE,2002,Europe,36.72,353.76505,Interpolated between WHO estimates
Montenegro,MNE,2003,Europe,36.68,368.25824,Interpolated between WHO estimates
Montenegro,MNE,2004,Europe,36.64,372.6537,Interpolated between WHO estimates
Montenegro,MNE,2005,Europe,36.6,379.34146,WHO estimate
Montenegro,MNE,2006,Europe,36.6,401.14926,Interpolated between WHO estimates
Montenegro,MNE,2007,Europe,36.6,387.3196,WHO estimate
Montenegro,MNE,2008,Europe,36.6,344.68323,Interpolated between WHO estimates
Montenegro,MNE,2009,Europe,36.6,348.39017,Interpolated between WHO estimates
Montenegro,MNE,2017,Europe,36.7,182.72118,Interpolated between WHO estimates
Montenegro,MNE,2019,Europe,36.9,131.54285,Interpolated between WHO estimates
Netherlands,NLD,2000,Europe,34.8,174.07285,WHO estimate
Netherlands,NLD,2001,Europe,34.059999999999995,164.76309,Interpolated between WHO estimates
Netherlands,NLD,2002,Europe,33.32,163.42595,Interpolated between WHO estimates
Netherlands,NLD,2003,Europe,32.58,157.20616,Interpolated between WHO estimates
Netherlands,NLD,2004,Europe,31.84,146.22998,Interpolated between WHO estimates
Netherlands,NLD,2005,Europe,31.1,138.72345,WHO estimate
Netherlands,NLD,2006,Europe,30.4,129.52605,Interpolated between WHO estimates
Netherlands,NLD,2007,Europe,29.7,123.57241,WHO estimate
Netherlands,NLD,2008,Europe,29.066666666666666,117.537994,Interpolated between WHO estimates
Netherlands,NLD,2009,Europe,28.433333333333334,110.8556,Interpolated between WHO estimates
Netherlands,NLD,2010,Europe,27.8,107.90192,WHO estimate
Netherlands,NLD,2011,Europe,27.22,102.3282,Interpolated between WHO estimates
Netherlands,NLD,2012,Europe,26.64,100.14109,Interpolated between WHO estimates
Netherlands,NLD,2013,Europe,26.06,97.28936,Interpolated between WHO estimates
Netherlands,NLD,2014,Europe,25.48,92.96863,Interpolated between WHO estimates
Netherlands,NLD,2015,Europe,24.9,94.11274,WHO estimate
Netherlands,NLD,2016,Europe,24.4,89.94741,Interpolated between WHO estimates
Netherlands,NLD,2017,Europe,23.9,86.576256,Interpolated between WHO estimates
Netherlands,NLD,2018,Europe,23.4,80.21951,Interpolated between WHO estimates
Netherlands,NLD,2019,Europe,22.9,72.56911,Interpolated between WHO estimates
Netherlands,NLD,2020,Europe,22.4,72.33867,WHO estimate
Netherlands,NLD,2021,Europe,21.9,75.21127,Interpolated between WHO estimates
Netherlands,NLD,2022,Europe,21.4,76.17331,WHO estimate
Netherlands,NLD,2023,Europe,20.9,74.540565,WHO estimate
New Zealand,NZL,2000,Western Pacific,30.0,182.04431,WHO estimate
New Zealand,NZL,2001,Western Pacific,28.68,183.22371,Interpolated between WHO estimates
New Zealand,NZL,2002,Western Pacific,27.36,177.50255,Interpolated between WHO estimates
New Zealand,NZL,2003,Western Pacific,26.04,167.19427,Interpolated between WHO estimates
New Zealand,NZL,2004,Western Pacific,24.72,166.45813,Interpolated between WHO estimates
New Zealand,NZL,2005,Western Pacific,23.4,150.40085,WHO estimate
New Zealand,NZL,2006,Western Pacific,22.299999999999997,149.29759,Interpolated between WHO estimates
New Zealand,NZL,2007,Western Pacific,21.2,140.88942,WHO estimate
New Zealand,NZL,2008,Western Pacific,20.233333333333334,135.13834,Interpolated between WHO estimates
New Zealand,NZL,2009,Western Pacific,19.266666666666666,130.3836,Interpolated between WHO estimates
New Zealand,NZL,2010,Western Pacific,18.3,123.75434,WHO estimate
New Zealand,NZL,2011,Western Pacific,17.5,123.26206,Interpolated between WHO estimates
New Zealand,NZL,2012,Western Pacific,16.7,117.75001,Interpolated between WHO estimates
New Zealand,NZL,2013,Western Pacific,15.9,111.574844,Interpolated between WHO estimates
New Zealand,NZL,2014,Western Pacific,15.100000000000001,112.18525,Interpolated between WHO estimates
New Zealand,NZL,2015,Western Pacific,14.3,109.912735,WHO estimate
New Zealand,NZL,2016,Western Pacific,13.700000000000001,102.00503,Interpolated between WHO estimates
New Zealand,NZL,2017,Western Pacific,13.100000000000001,107.323814,Interpolated between WHO estimates
New Zealand,NZL,2018,Western Pacific,12.5,103.479515,Interpolated between WHO estimates
North Macedonia,MKD,2000,Europe,41.5,458.725,WHO estimate
North Macedonia,MKD,2001,Europe,41.36,438.53928,Interpolated between WHO estimates
North Macedonia,MKD,2002,Europe,41.22,473.544,Interpolated between WHO estimates
North Macedonia,MKD,2003,Europe,41.08,463.16058,Interpolated between WHO estimates
North Macedonia,MKD,2004,Europe,40.94,455.37033,Interpolated between WHO estimates
North Macedonia,MKD,2005,Europe,40.8,461.79648,WHO estimate
North Macedonia,MKD,2006,Europe,40.65,450.77197,Interpolated between WHO estimates
North Macedonia,MKD,2007,Europe,40.5,456.12372,WHO estimate
North Macedonia,MKD,2008,Europe,40.4,426.81,Interpolated between WHO estimates
North Macedonia,MKD,2009,Europe,40.300000000000004,421.1714,Interpolated between WHO estimates
North Macedonia,MKD,2010,Europe,40.2,411.49393,WHO estimate
North Macedonia,MKD,2011,Europe,40.14,417.74698,Interpolated between WHO estimates
North Macedonia,MKD,2012,Europe,40.08,425.52933,Interpolated between WHO estimates
North Macedonia,MKD,2013,Europe,40.02,387.7545,Interpolated between WHO estimates
North Macedonia,MKD,2015,Europe,39.9,398.1107,WHO estimate
North Macedonia,MKD,2016,Europe,39.839999999999996,354.6169,Interpolated between WHO estimates
North Macedonia,MKD,2017,Europe,39.78,354.42657,Interpolated between WHO estimates
North Macedonia,MKD,2018,Europe,39.72,328.2084,Interpolated between WHO estimates
North Macedonia,MKD,2019,Europe,39.660000000000004,256.22418,Interpolated between WHO estimates
North Macedonia,MKD,2020,Europe,39.6,266.39276,WHO estimate
North Macedonia,MKD,2021,Europe,39.6,286.9352,Interpolated between WHO estimates
North Macedonia,MKD,2022,Europe,39.6,242.44907,WHO estimate
North Macedonia,MKD,2023,Europe,39.5,217.39899,WHO estimate
Norway,NOR,2000,Europe,45.3,180.9936,WHO estimate
Norway,NOR,2001,Europe,43.22,175.04663,Interpolated between WHO estimates
Norway,NOR,2002,Europe,41.14,170.39073,Interpolated between WHO estimates
Norway,NOR,2003,Europe,39.059999999999995,157.19897,Interpolated between WHO estimates
Norway,NOR,2004,Europe,36.98,147.94681,Interpolated between WHO estimates
Norway,NOR,2005,Europe,34.9,133.97101,WHO estimate
Norway,NOR,2006,Europe,33.15,131.40344,Interpolated between WHO estimates
Norway,NOR,2007,Europe,31.4,128.50829,WHO estimate
Norway,NOR,2008,Europe,29.866666666666667,122.22562,Interpolated between WHO estimates
Norway,NOR,2009,Europe,28.333333333333332,115.00903,Interpolated between WHO estimates
Norway,NOR,2010,Europe,26.8,110.94945,WHO estimate
Norway,NOR,2011,Europe,25.6,106.87748,Interpolated between WHO estimates
Norway,NOR,2012,Europe,24.400000000000002,106.414055,Interpolated between WHO estimates
Norway,NOR,2013,Europe,23.2,97.46489,Interpolated between WHO estimates
Norway,NOR,2014,Europe,22.0,92.70055,Interpolated between WHO estimates
Norway,NOR,2015,Europe,20.8,90.753044,WHO estimate
Norway,NOR,2016,Europe,19.84,84.29828,Interpolated between WHO estimates
Oman,OMN,2009,Eastern Mediterranean,7.766666666666667,123.684006,Interpolated between WHO estimates
Oman,OMN,2010,Eastern Mediterranean,7.8,114.82652,WHO estimate
Oman,OMN,2014,Eastern Mediterranean,8.04,114.09944,Interpolated between WHO estimates
Oman,OMN,2016,Eastern Mediterranean,8.14,136.61028,Interpolated between WHO estimates
Oman,OMN,2017,Eastern Mediterranean,8.18,116.65959,Interpolated between WHO estimates
Oman,OMN,2018,Eastern Mediterranean,8.22,95.42446,Interpolated between WHO estimates
Oman,OMN,2019,Eastern Mediterranean,8.26,101.11881,Interpolated between WHO estimates
Oman,OMN,2020,Eastern Mediterranean,8.3,66.20994,WHO estimate
Oman,OMN,2021,Eastern Mediterranean,8.350000000000001,61.099384,Interpolated between WHO estimates
Panama,PAN,2000,Americas,13.3,137.97401,WHO estimate
Panama,PAN,2001,Americas,12.8,143.1514,Interpolated between WHO estimates
Panama,PAN,2002,Americas,12.3,136.4245,Interpolated between WHO estimates
Panama,PAN,2003,Americas,11.8,139.49756,Interpolated between WHO estimates
Panama,PAN,2004,Americas,11.3,139.82944,Interpolated between WHO estimates
Panama,PAN,2005,Americas,10.8,150.96799,WHO estimate
Panama,PAN,2006,Americas,10.3,135.3081,Interpolated between WHO estimates
Panama,PAN,2007,Americas,9.8,140.9828,WHO estimate
Panama,PAN,2008,Americas,9.433333333333334,134.4688,Interpolated between WHO estimates
Panama,PAN,2009,Americas,9.066666666666666,142.15744,Interpolated between WHO estimates
Panama,PAN,2010,Americas,8.7,138.15659,WHO estimate
Panama,PAN,2011,Americas,8.379999999999999,136.06871,Interpolated between WHO estimates
Panama,PAN,2012,Americas,8.059999999999999,128.33694,Interpolated between WHO estimates
Panama,PAN,2013,Americas,7.739999999999999,131.34846,Interpolated between WHO estimates
Panama,PAN,2014,Americas,7.42,128.51057,Interpolated between WHO estimates
Panama,PAN,2015,Americas,7.1,125.86383,WHO estimate
Panama,PAN,2016,Americas,6.819999999999999,127.67791,Interpolated between WHO estimates
Panama,PAN,2017,Americas,6.54,125.60863,Interpolated between WHO estimates
Panama,PAN,2018,Americas,6.26,127.76051,Interpolated between WHO estimates
Panama,PAN,2019,Americas,5.98,118.14504,Interpolated between WHO estimates
Panama,PAN,2021,Americas,5.5,118.29201,Interpolated between WHO estimates
Panama,PAN,2022,Americas,5.3,109.9593,WHO estimate
Paraguay,PRY,2000,Americas,31.2,155.70454,WHO estimate
Paraguay,PRY,2001,Americas,29.439999999999998,145.96606,Interpolated between WHO estimates
Paraguay,PRY,2002,Americas,27.68,132.27531,Interpolated between WHO estimates
Paraguay,PRY,2003,Americas,25.919999999999998,130.06233,Interpolated between WHO estimates
Paraguay,PRY,2004,Americas,24.159999999999997,155.92783,Interpolated between WHO estimates
Paraguay,PRY,2005,Americas,22.4,153.89964,WHO estimate
Paraguay,PRY,2006,Americas,21.0,167.75606,Interpolated between WHO estimates
Paraguay,PRY,2007,Americas,19.6,156.55418,WHO estimate
Paraguay,PRY,2008,Americas,18.400000000000002,157.96155,Interpolated between WHO estimates
Paraguay,PRY,2009,Americas,17.2,174.38686,Interpolated between WHO estimates
Paraguay,PRY,2010,Americas,16.0,177.39015,WHO estimate
Paraguay,PRY,2011,Americas,15.1,166.05835,Interpolated between WHO estimates
Paraguay,PRY,2012,Americas,14.2,155.50029,Interpolated between WHO estimates
Paraguay,PRY,2013,Americas,13.3,158.13727,Interpolated between WHO estimates
Paraguay,PRY,2014,Americas,12.4,141.22885,Interpolated between WHO estimates
Paraguay,PRY,2015,Americas,11.5,146.0188,WHO estimate
Paraguay,PRY,2016,Americas,10.86,160.10027,Interpolated between WHO estimates
Paraguay,PRY,2017,Americas,10.22,147.87823,Interpolated between WHO estimates
Paraguay,PRY,2018,Americas,9.58,156.43214,Interpolated between WHO estimates
Paraguay,PRY,2019,Americas,8.940000000000001,154.85078,Interpolated between WHO estimates
Paraguay,PRY,2020,Americas,8.3,155.46509,WHO estimate
Paraguay,PRY,2021,Americas,7.800000000000001,171.38795,Interpolated between WHO estimates
Peru,PER,2000,Americas,32.9,96.43279,WHO estimate
Peru,PER,2001,Americas,31.619999999999997,93.32331,Interpolated between WHO estimates
Peru,PER,2002,Americas,30.34,90.33886,Interpolated between WHO estimates
Peru,PER,2003,Americas,29.06,96.8012,Interpolated between WHO estimates
Peru,PER,2004,Americas,27.78,95.56057,Interpolated between WHO estimates
Peru,PER,2005,Americas,26.5,94.90573,WHO estimate
Peru,PER,2006,Americas,25.5,84.42567,Interpolated between WHO estimates
Peru,PER,2007,Americas,24.5,85.65005,WHO estimate
Peru,PER,2008,Americas,23.533333333333335,75.883575,Interpolated between WHO estimates
Peru,PER,2009,Americas,22.566666666666666,77.395676,Interpolated between WHO estimates
Peru,PER,2010,Americas,21.6,79.17447,WHO estimate
Peru,PER,2011,Americas,20.8,74.37713,Interpolated between WHO estimates
Peru,PER,2012,Americas,20.0,71.15964,Interpolated between WHO estimates
Peru,PER,2013,Americas,19.200000000000003,69.47598,Interpolated between WHO estimates
Peru,PER,2014,Americas,18.400000000000002,66.99504,Interpolated between WHO estimates
Peru,PER,2015,Americas,17.6,62.015743,WHO estimate
Peru,PER,2016,Americas,16.96,54.629208,Interpolated between WHO estimates
Peru,PER,2017,Americas,16.32,64.56024,Interpolated between WHO estimates
Peru,PER,2018,Americas,15.680000000000001,64.8168,Interpolated between WHO estimates
Peru,PER,2019,Americas,15.040000000000001,64.26168,Interpolated between WHO estimates
Peru,PER,2020,Americas,14.4,93.44765,WHO estimate
Peru,PER,2021,Americas,13.9,103.16925,Interpolated between WHO estimates
Peru,PER,2022,Americas,13.4,79.437096,WHO estimate
Philippines,PHL,2000,Western Pacific,35.7,326.4922,WHO estimate
Philippines,PHL,2001,Western Pacific,34.86,332.78082,Interpolated between WHO estimates
Philippines,PHL,2002,Western Pacific,34.02,333.35837,Interpolated between WHO estimates
Philippines,PHL,2003,Western Pacific,33.18,320.00452,Interpolated between WHO estimates
Philippines,PHL,2006,Western Pacific,30.7,333.13596,Interpolated between WHO estimates
Philippines,PHL,2007,Western Pacific,29.9,333.07828,WHO estimate
Philippines,PHL,2008,Western Pacific,29.133333333333333,334.05933,Interpolated between WHO estimates
Philippines,PHL,2009,Western Pacific,28.366666666666667,347.4071,Interpolated between WHO estimates
Philippines,PHL,2010,Western Pacific,27.6,342.25876,WHO estimate
Philippines,PHL,2011,Western Pacific,27.0,334.67862,Interpolated between WHO estimates
Philippines,PHL,2014,Western Pacific,25.200000000000003,299.1619,Interpolated between WHO estimates
Philippines,PHL,2016,Western Pacific,24.060000000000002,293.48868,Interpolated between WHO estimates
Philippines,PHL,2017,Western Pacific,23.52,278.96017,Interpolated between WHO estimates
Philippines,PHL,2018,Western Pacific,22.98,274.11188,Interpolated between WHO estimates
Philippines,PHL,2019,Western Pacific,22.439999999999998,274.10104,Interpolated between WHO estimates
Poland,POL,2000,Europe,40.1,332.57703,WHO estimate
Poland,POL,2001,Europe,39.14,322.90344,Interpolated between WHO estimates
Poland,POL,2002,Europe,38.18,307.32004,Interpolated between WHO estimates
Poland,POL,2003,Europe,37.22,308.5252,Interpolated between WHO estimates
Poland,POL,2004,Europe,36.26,294.69852,Interpolated between WHO estimates
Poland,POL,2005,Europe,35.3,285.1241,WHO estimate
Poland,POL,2006,Europe,34.349999999999994,276.34363,Interpolated between WHO estimates
Poland,POL,2007,Europe,33.4,271.59793,WHO estimate
Poland,POL,2008,Europe,32.53333333333333,265.3606,Interpolated between WHO estimates
Poland,POL,2009,Europe,31.666666666666668,264.698,Interpolated between WHO estimates
Poland,POL,2010,Europe,30.8,249.4241,WHO estimate
Poland,POL,2011,Europe,30.080000000000002,236.03664,Interpolated between WHO estimates
Poland,POL,2012,Europe,29.36,240.06058,Interpolated between WHO estimates
Poland,POL,2013,Europe,28.64,233.27928,Interpolated between WHO estimates
Poland,POL,2014,Europe,27.919999999999998,216.40826,Interpolated between WHO estimates
Poland,POL,2015,Europe,27.2,223.78166,WHO estimate
Poland,POL,2016,Europe,26.56,201.48987,Interpolated between WHO estimates
Poland,POL,2017,Europe,25.919999999999998,193.75255,Interpolated between WHO estimates
Poland,POL,2018,Europe,25.28,189.17584,Interpolated between WHO estimates
Poland,POL,2019,Europe,24.64,182.57413,Interpolated between WHO estimates
Poland,POL,2020,Europe,24.0,191.26498,WHO estimate
Poland,POL,2021,Europe,23.4,197.42813,Interpolated between WHO estimates
Poland,POL,2022,Europe,22.8,178.5302,WHO estimate
Portugal,PRT,2000,Europe,23.5,199.38426,WHO estimate
Portugal,PRT,2001,Europe,23.68,192.07751,Interpolated between WHO estimates
Portugal,PRT,2002,Europe,23.86,189.95897,Interpolated between WHO estimates
Portugal,PRT,2003,Europe,24.04,186.03667,Interpolated between WHO estimates
Portugal,PRT,2007,Europe,24.8,137.56633,WHO estimate
Portugal,PRT,2008,Europe,25.0,132.4393,Interpolated between WHO estimates
Portugal,PRT,2009,Europe,25.2,126.882545,Interpolated between WHO estimates
Portugal,PRT,2010,Europe,25.4,122.56958,WHO estimate
Portugal,PRT,2011,Europe,25.599999999999998,111.30152,Interpolated between WHO estimates
Portugal,PRT,2012,Europe,25.799999999999997,111.231125,Interpolated between WHO estimates
Portugal,PRT,2013,Europe,26.0,105.18662,Interpolated between WHO estimates
Portugal,PRT,2014,Europe,26.2,107.89787,Interpolated between WHO estimates
Portugal,PRT,2015,Europe,26.4,105.19136,WHO estimate
Portugal,PRT,2016,Europe,26.64,103.910385,Interpolated between WHO estimates
Portugal,PRT,2017,Europe,26.88,100.87599,Interpolated between WHO estimates
Portugal,PRT,2018,Europe,27.12,99.36762,Interpolated between WHO estimates
Portugal,PRT,2019,Europe,27.36,95.013466,Interpolated between WHO estimates
Portugal,PRT,2022,Europe,28.0,87.88532,WHO estimate
Qatar,QAT,2001,Eastern Mediterranean,12.76,299.59964,Interpolated between WHO estimates
Qatar,QAT,2004,Eastern Mediterranean,12.64,141.69019,Interpolated between WHO estimates
Qatar,QAT,2005,Eastern Mediterranean,12.6,178.175,WHO estimate
Qatar,QAT,2006,Eastern Mediterranean,12.6,165.11482,Interpolated between WHO estimates
Qatar,QAT,2007,Eastern Mediterranean,12.6,117.96159,WHO estimate
Qatar,QAT,2008,Eastern Mediterranean,12.566666666666666,127.57926,Interpolated between WHO estimates
Qatar,QAT,2009,Eastern Mediterranean,12.533333333333333,96.52712,Interpolated between WHO estimates
Qatar,QAT,2010,Eastern Mediterranean,12.5,97.24098,WHO estimate
Qatar,QAT,2011,Eastern Mediterranean,12.5,70.710785,Interpolated between WHO estimates
Qatar,QAT,2012,Eastern Mediterranean,12.5,66.35807,Interpolated between WHO estimates
Qatar,QAT,2013,Eastern Mediterranean,12.5,58.713596,Interpolated between WHO estimates
Qatar,QAT,2014,Eastern Mediterranean,12.5,86.412155,Interpolated between WHO estimates
Qatar,QAT,2015,Eastern Mediterranean,12.5,69.066444,WHO estimate
Qatar,QAT,2016,Eastern Mediterranean,12.5,114.636215,Interpolated between WHO estimates
Qatar,QAT,2017,Eastern Mediterranean,12.5,106.33189,Interpolated between WHO estimates
Qatar,QAT,2019,Eastern Mediterranean,12.5,80.22281,Interpolated between WHO estimates
Qatar,QAT,2020,Eastern Mediterranean,12.5,93.67135,WHO estimate
Qatar,QAT,2021,Eastern Mediterranean,12.5,85.76279,Interpolated between WHO estimates
Qatar,QAT,2022,Eastern Mediterranean,12.5,79.087105,WHO estimate
Qatar,QAT,2023,Eastern Mediterranean,12.5,67.08759,WHO estimate
Romania,ROU,2000,Europe,38.7,497.814,WHO estimate
Romania,ROU,2001,Europe,38.24,492.93265,Interpolated between WHO estimates
Romania,ROU,2002,Europe,37.78,519.23566,Interpolated between WHO estimates
Romania,ROU,2003,Europe,37.32,511.2204,Interpolated between WHO estimates
Romania,ROU,2004,Europe,36.86,482.294,Interpolated between WHO estimates
Romania,ROU,2005,Europe,36.4,479.14038,WHO estimate
Romania,ROU,2006,Europe,36.05,459.51782,Interpolated between WHO estimates
Romania,ROU,2007,Europe,35.7,429.78384,WHO estimate
Romania,ROU,2008,Europe,35.300000000000004,414.9637,Interpolated between WHO estimates
Romania,ROU,2009,Europe,34.9,407.5775,Interpolated between WHO estimates
Romania,ROU,2010,Europe,34.5,400.5455,WHO estimate
Romania,ROU,2011,Europe,34.16,378.60556,Interpolated between WHO estimates
Romania,ROU,2012,Europe,33.82,370.88174,Interpolated between WHO estimates
Romania,ROU,2013,Europe,33.48,347.8201,Interpolated between WHO estimates
Romania,ROU,2014,Europe,33.14,343.4207,Interpolated between WHO estimates
Romania,ROU,2015,Europe,32.8,346.58524,WHO estimate
Romania,ROU,2016,Europe,32.44,331.64706,Interpolated between WHO estimates
Romania,ROU,2017,Europe,32.08,329.80502,Interpolated between WHO estimates
Romania,ROU,2018,Europe,31.72,324.00928,Interpolated between WHO estimates
Romania,ROU,2019,Europe,31.36,310.1488,Interpolated between WHO estimates
Romania,ROU,2020,Europe,31.0,344.78473,WHO estimate
Romania,ROU,2022,Europe,30.4,329.56818,WHO estimate
Russia,RUS,2000,Europe,39.6,602.8271,WHO estimate
Russia,RUS,2001,Europe,38.980000000000004,608.8832,Interpolated between WHO estimates
Russia,RUS,2002,Europe,38.36,630.85675,Interpolated between WHO estimates
Russia,RUS,2003,Europe,37.74,655.21027,Interpolated between WHO estimates
Russia,RUS,2004,Europe,37.12,629.1148,Interpolated between WHO estimates
Russia,RUS,2005,Europe,36.5,630.6599,WHO estimate
Russia,RUS,2006,Europe,35.95,588.9253,Interpolated between WHO estimates
Russia,RUS,2007,Europe,35.4,555.16724,WHO estimate
Russia,RUS,2008,Europe,34.766666666666666,546.3973,Interpolated between WHO estimates
Russia,RUS,2009,Europe,34.13333333333333,515.44147,Interpolated between WHO estimates
Russia,RUS,2010,Europe,33.5,508.66122,WHO estimate
Russia,RUS,2011,Europe,33.0,464.4689,Interpolated between WHO estimates
Russia,RUS,2012,Europe,32.5,443.60635,Interpolated between WHO estimates
Russia,RUS,2013,Europe,32.0,414.61182,Interpolated between WHO estimates
Russia,RUS,2014,Europe,31.5,392.74933,Interpolated between WHO estimates
Russia,RUS,2015,Europe,31.0,368.79694,WHO estimate
Russia,RUS,2016,Europe,30.56,352.90665,Interpolated between WHO estimates
Russia,RUS,2017,Europe,30.12,331.66583,Interpolated between WHO estimates
Russia,RUS,2018,Europe,29.68,327.73087,Interpolated between WHO estimates
Russia,RUS,2019,Europe,29.240000000000002,314.40408,Interpolated between WHO estimates
Saint Lucia,LCA,2000,Americas,19.9,171.73302,WHO estimate
Saint Lucia,LCA,2001,Americas,19.599999999999998,190.52289,Interpolated between WHO estimates
Saint Lucia,LCA,2002,Americas,19.299999999999997,169.5649,Interpolated between WHO estimates
Saint Lucia,LCA,2003,Americas,19.0,214.77313,Interpolated between WHO estimates
Saint Lucia,LCA,2004,Americas,18.7,188.6233,Interpolated between WHO estimates
Saint Lucia,LCA,2005,Americas,18.4,247.70761,WHO estimate
Saint Lucia,LCA,2006,Americas,18.049999999999997,198.21309,Interpolated between WHO estimates
Saint Lucia,LCA,2008,Americas,17.433333333333334,186.12985,Interpolated between WHO estimates
Saint Lucia,LCA,2009,Americas,17.166666666666664,179.06589,Interpolated between WHO estimates
Saint Lucia,LCA,2010,Americas,16.9,200.70564,WHO estimate
Saint Lucia,LCA,2011,Americas,16.66,136.71828,Interpolated between WHO estimates
Saint Lucia,LCA,2012,Americas,16.419999999999998,174.7047,Interpolated between WHO estimates
Saint Lucia,LCA,2013,Americas,16.18,186.90839,Interpolated between WHO estimates
Saint Lucia,LCA,2014,Americas,15.94,195.25934,Interpolated between WHO estimates
Saint Lucia,LCA,2015,Americas,15.7,156.53976,WHO estimate
Saint Lucia,LCA,2016,Americas,15.5,168.63205,Interpolated between WHO estimates
Saint Lucia,LCA,2017,Americas,15.299999999999999,157.87546,Interpolated between WHO estimates
Saint Lucia,LCA,2018,Americas,15.1,156.3499,Interpolated between WHO estimates
Saint Lucia,LCA,2019,Americas,14.899999999999999,174.52597,Interpolated between WHO estimates
Saint Lucia,LCA,2020,Americas,14.7,152.78647,WHO estimate
Saudi Arabia,SAU,2021,Eastern Mediterranean,14.649999999999999,229.60562,Interpolated between WHO estimates
Saudi Arabia,SAU,2022,Eastern Mediterranean,14.7,204.3763,WHO estimate
Saudi Arabia,SAU,2023,Eastern Mediterranean,14.7,191.50468,WHO estimate
Serbia,SRB,2000,Europe,41.8,489.67435,WHO estimate
Serbia,SRB,2001,Europe,41.68,450.5142,Interpolated between WHO estimates
Serbia,SRB,2002,Europe,41.56,459.51898,Interpolated between WHO estimates
Serbia,SRB,2003,Europe,41.44,455.97418,Interpolated between WHO estimates
Serbia,SRB,2004,Europe,41.32,435.97885,Interpolated between WHO estimates
Serbia,SRB,2005,Europe,41.2,450.86652,WHO estimate
Serbia,SRB,2006,Europe,41.05,424.24976,Interpolated between WHO estimates
Serbia,SRB,2007,Europe,40.9,405.81665,WHO estimate
Serbia,SRB,2008,Europe,40.8,391.98508,Interpolated between WHO estimates
Serbia,SRB,2009,Europe,40.7,379.41046,Interpolated between WHO estimates
Serbia,SRB,2010,Europe,40.6,367.97205,WHO estimate
Serbia,SRB,2011,Europe,40.5,366.0836,Interpolated between WHO estimates
Serbia,SRB,2012,Europe,40.4,354.63004,Interpolated between WHO estimates
Serbia,SRB,2013,Europe,40.300000000000004,336.38904,Interpolated between WHO estimates
Serbia,SRB,2014,Europe,40.2,333.2707,Interpolated between WHO estimates
Serbia,SRB,2015,Europe,40.1,329.12,WHO estimate
Serbia,SRB,2016,Europe,40.04,309.76102,Interpolated between WHO estimates
Serbia,SRB,2017,Europe,39.98,314.21652,Interpolated between WHO estimates
Serbia,SRB,2018,Europe,39.92,304.3287,Interpolated between WHO estimates
Serbia,SRB,2019,Europe,39.86,276.95837,Interpolated between WHO estimates
Serbia,SRB,2020,Europe,39.8,288.3274,WHO estimate
Serbia,SRB,2021,Europe,39.7,294.32022,Interpolated between WHO estimates
Serbia,SRB,2022,Europe,39.6,291.91196,WHO estimate
Serbia,SRB,2023,Europe,39.6,285.91772,WHO estimate
Seychelles,SYC,2001,Africa,26.94,351.4828,Interpolated between WHO estimates
Seychelles,SYC,2002,Africa,26.38,394.81064,Interpolated between WHO estimates
Seychelles,SYC,2003,Africa,25.82,399.47845,Interpolated between WHO estimates
Seychelles,SYC,2004,Africa,25.259999999999998,369.3255,Interpolated between WHO estimates
Seychelles,SYC,2005,Africa,24.7,405.1529,WHO estimate
Seychelles,SYC,2006,Africa,24.2,315.3953,Interpolated between WHO estimates
Seychelles,SYC,2007,Africa,23.7,226.22556,WHO estimate
Seychelles,SYC,2008,Africa,23.233333333333334,256.1616,Interpolated between WHO estimates
Seychelles,SYC,2009,Africa,22.766666666666666,295.73114,Interpolated between WHO estimates
Seychelles,SYC,2010,Africa,22.3,237.69968,WHO estimate
Seychelles,SYC,2011,Africa,21.900000000000002,282.86942,Interpolated between WHO estimates
Seychelles,SYC,2012,Africa,21.5,286.4665,Interpolated between WHO estimates
Seychelles,SYC,2013,Africa,21.1,229.22893,Interpolated between WHO estimates
Seychelles,SYC,2014,Africa,20.7,244.59615,Interpolated between WHO estimates
Seychelles,SYC,2015,Africa,20.3,239.67554,WHO estimate
Seychelles,SYC,2016,Africa,19.96,257.11688,Interpolated between WHO estimates
Seychelles,SYC,2017,Africa,19.62,270.72812,Interpolated between WHO estimates
Seychelles,SYC,2019,Africa,18.94,212.58238,Interpolated between WHO estimates
Seychelles,SYC,2020,Africa,18.6,221.5519,WHO estimate
Seychelles,SYC,2021,Africa,18.200000000000003,250.81857,Interpolated between WHO estimates
Singapore,SGP,2000,Western Pacific,17.1,189.36967,WHO estimate
Singapore,SGP,2001,Western Pacific,16.92,176.61287,Interpolated between WHO estimates
Singapore,SGP,2002,Western Pacific,16.740000000000002,161.1652,Interpolated between WHO estimates
Singapore,SGP,2003,Western Pacific,16.56,163.79167,Interpolated between WHO estimates
Singapore,SGP,2004,Western Pacific,16.38,145.53839,Interpolated between WHO estimates
Singapore,SGP,2005,Western Pacific,16.2,138.48532,WHO estimate
Singapore,SGP,2006,Western Pacific,16.1,132.9975,Interpolated between WHO estimates
Singapore,SGP,2007,Western Pacific,16.0,140.60744,WHO estimate
Singapore,SGP,2008,Western Pacific,15.833333333333334,133.34079,Interpolated between WHO estimates
Singapore,SGP,2009,Western Pacific,15.666666666666666,122.28943,Interpolated between WHO estimates
Singapore,SGP,2010,Western Pacific,15.5,119.3846,WHO estimate
Singapore,SGP,2011,Western Pacific,15.38,112.894966,Interpolated between WHO estimates
Singapore,SGP,2012,Western Pacific,15.26,107.188416,Interpolated between WHO estimates
Singapore,SGP,2013,Western Pacific,15.14,102.86278,Interpolated between WHO estimates
Singapore,SGP,2014,Western Pacific,15.02,101.53472,Interpolated between WHO estimates
Singapore,SGP,2015,Western Pacific,14.9,98.011314,WHO estimate
Singapore,SGP,2016,Western Pacific,14.780000000000001,94.36931,Interpolated between WHO estimates
Singapore,SGP,2017,Western Pacific,14.66,96.42774,Interpolated between WHO estimates
Singapore,SGP,2018,Western Pacific,14.540000000000001,90.68081,Interpolated between WHO estimates
Singapore,SGP,2019,Western Pacific,14.42,87.71024,Interpolated between WHO estimates
Singapore,SGP,2020,Western Pacific,14.3,93.464386,WHO estimate
Singapore,SGP,2021,Western Pacific,14.2,102.04664,Interpolated between WHO estimates
Singapore,SGP,2022,Western Pacific,14.1,105.26298,WHO estimate
Slovakia,SVK,2000,Europe,32.8,397.6634,WHO estimate
Slovakia,SVK,2001,Europe,32.599999999999994,400.0776,Interpolated between WHO estimates
Slovakia,SVK,2002,Europe,32.4,387.15457,Interpolated between WHO estimates
Slovakia,SVK,2003,Europe,32.2,385.47055,Interpolated between WHO estimates
Slovakia,SVK,2004,Europe,32.0,374.50177,Interpolated between WHO estimates
Slovakia,SVK,2005,Europe,31.8,378.46735,WHO estimate
Slovakia,SVK,2006,Europe,31.65,370.17896,Interpolated between WHO estimates
Slovakia,SVK,2007,Europe,31.5,360.45233,WHO estimate
Slovakia,SVK,2008,Europe,31.333333333333332,342.3766,Interpolated between WHO estimates
Slovakia,SVK,2009,Europe,31.166666666666668,331.55533,Interpolated between WHO estimates
Slovakia,SVK,2010,Europe,31.0,326.56995,WHO estimate
Slovakia,SVK,2012,Europe,30.72,258.78455,Interpolated between WHO estimates
Slovakia,SVK,2013,Europe,30.580000000000002,258.23828,Interpolated between WHO estimates
Slovakia,SVK,2014,Europe,30.44,239.19888,Interpolated between WHO estimates
Slovakia,SVK,2016,Europe,30.18,228.63351,Interpolated between WHO estimates
Slovakia,SVK,2017,Europe,30.06,235.44151,Interpolated between WHO estimates
Slovakia,SVK,2018,Europe,29.94,219.1511,Interpolated between WHO estimates
Slovakia,SVK,2019,Europe,29.82,210.94542,Interpolated between WHO estimates
Slovakia,SVK,2020,Europe,29.7,222.9051,WHO estimate
Slovakia,SVK,2021,Europe,29.65,239.52461,Interpolated between WHO estimates
Slovakia,SVK,2022,Europe,29.6,227.15858,WHO estimate
Slovakia,SVK,2023,Europe,29.6,215.77681,WHO estimate
Slovenia,SVN,2000,Europe,24.1,232.4933,WHO estimate
Slovenia,SVN,2001,Europe,23.96,220.24341,Interpolated between WHO estimates
Slovenia,SVN,2002,Europe,23.82,213.48265,Interpolated between WHO estimates
Slovenia,SVN,2003,Europe,23.68,216.04254,Interpolated between WHO estimates
Slovenia,SVN,2004,Europe,23.54,203.61281,Interpolated between WHO estimates
Slovenia,SVN,2005,Europe,23.4,211.01564,WHO estimate
Slovenia,SVN,2006,Europe,23.25,191.37881,Interpolated between WHO estimates
Slovenia,SVN,2007,Europe,23.1,189.56548,WHO estimate
Slovenia,SVN,2008,Europe,22.96666666666667,171.92351,Interpolated between WHO estimates
Slovenia,SVN,2009,Europe,22.833333333333332,169.15262,Interpolated between WHO estimates
Slovenia,SVN,2010,Europe,22.7,159.93814,WHO estimate
Slovenia,SVN,2011,Europe,22.54,150.83823,Interpolated between WHO estimates
Slovenia,SVN,2012,Europe,22.38,149.7408,Interpolated between WHO estimates
Slovenia,SVN,2013,Europe,22.22,144.31047,Interpolated between WHO estimates
Slovenia,SVN,2014,Europe,22.06,143.54477,Interpolated between WHO estimates
Slovenia,SVN,2015,Europe,21.9,143.26997,WHO estimate
Slovenia,SVN,2016,Europe,21.799999999999997,135.14735,Interpolated between WHO estimates
Slovenia,SVN,2017,Europe,21.7,133.33923,Interpolated between WHO estimates
Slovenia,SVN,2018,Europe,21.599999999999998,129.64638,Interpolated between WHO estimates
Slovenia,SVN,2019,Europe,21.5,122.54735,Interpolated between WHO estimates
Slovenia,SVN,2020,Europe,21.4,118.27076,WHO estimate
Slovenia,SVN,2021,Europe,21.299999999999997,115.11848,Interpolated between WHO estimates
Slovenia,SVN,2022,Europe,21.2,104.65262,WHO estimate
Slovenia,SVN,2023,Europe,21.0,112.49948,WHO estimate
South Africa,ZAF,2000,Africa,22.6,314.50928,WHO estimate
South Africa,ZAF,2001,Africa,22.64,307.50693,Interpolated between WHO estimates
South Africa,ZAF,2002,Africa,22.68,306.8712,Interpolated between WHO estimates
South Africa,ZAF,2003,Africa,22.720000000000002,324.64517,Interpolated between WHO estimates
South Africa,ZAF,2004,Africa,22.76,309.02185,Interpolated between WHO estimates
South Africa,ZAF,2005,Africa,22.8,314.11224,WHO estimate
South Africa,ZAF,2006,Africa,22.8,319.27298,Interpolated between WHO estimates
South Africa,ZAF,2007,Africa,22.8,304.9065,WHO estimate
South Africa,ZAF,2008,Africa,22.866666666666667,283.26428,Interpolated between WHO estimates
South Africa,ZAF,2009,Africa,22.933333333333334,304.3875,Interpolated between WHO estimates
South Africa,ZAF,2010,Africa,23.0,299.98862,WHO estimate
South Africa,ZAF,2011,Africa,23.04,287.86816,Interpolated between WHO estimates
South Africa,ZAF,2012,Africa,23.08,266.55212,Interpolated between WHO estimates
South Africa,ZAF,2013,Africa,23.12,245.51738,Interpolated between WHO estimates
South Africa,ZAF,2014,Africa,23.16,247.52818,Interpolated between WHO estimates
South Africa,ZAF,2015,Africa,23.2,258.1394,WHO estimate
South Africa,ZAF,2016,Africa,23.24,259.0387,Interpolated between WHO estimates
South Africa,ZAF,2017,Africa,23.279999999999998,239.5727,Interpolated between WHO estimates
South Africa,ZAF,2018,Africa,23.32,236.15663,Interpolated between WHO estimates
South Africa,ZAF,2019,Africa,23.36,220.27602,Interpolated between WHO estimates
South Africa,ZAF,2020,Africa,23.4,240.4961,WHO estimate
South Korea,KOR,2000,Western Pacific,35.5,148.75587,WHO estimate
South Korea,KOR,2001,Western Pacific,34.58,142.02875,Interpolated between WHO estimates
South Korea,KOR,2002,Western Pacific,33.66,145.64764,Interpolated between WHO estimates
South Korea,KOR,2003,Western Pacific,32.74,136.08694,Interpolated between WHO estimates
South Korea,KOR,2004,Western Pacific,31.82,126.11659,Interpolated between WHO estimates
South Korea,KOR,2005,Western Pacific,30.9,116.958015,WHO estimate
South Korea,KOR,2006,Western Pacific,30.15,111.579865,Interpolated between WHO estimates
South Korea,KOR,2007,Western Pacific,29.4,109.33699,WHO estimate
South Korea,KOR,2008,Western Pacific,28.599999999999998,99.026505,Interpolated between WHO estimates
South Korea,KOR,2009,Western Pacific,27.8,91.89678,Interpolated between WHO estimates
South Korea,KOR,2010,Western Pacific,27.0,90.252464,WHO estimate
South Korea,KOR,2011,Western Pacific,26.32,87.21196,Interpolated between WHO estimates
South Korea,KOR,2012,Western Pacific,25.64,85.607155,Interpolated between WHO estimates
South Korea,KOR,2013,Western Pacific,24.96,78.37287,Interpolated between WHO estimates
South Korea,KOR,2014,Western Pacific,24.28,74.96574,Interpolated between WHO estimates
South Korea,KOR,2015,Western Pacific,23.6,73.04623,WHO estimate
South Korea,KOR,2016,Western Pacific,23.0,70.31079,Interpolated between WHO estimates
South Korea,KOR,2017,Western Pacific,22.400000000000002,67.41473,Interpolated between WHO estimates
South Korea,KOR,2018,Western Pacific,21.8,65.31516,Interpolated between WHO estimates
South Korea,KOR,2019,Western Pacific,21.200000000000003,59.459312,Interpolated between WHO estimates
South Korea,KOR,2020,Western Pacific,20.6,55.99481,WHO estimate
South Korea,KOR,2021,Western Pacific,20.1,55.318047,Interpolated between WHO estimates
South Korea,KOR,2022,Western Pacific,19.6,58.050636,WHO estimate
Spain,ESP,2000,Europe,34.7,145.89314,WHO estimate
Spain,ESP,2001,Europe,34.38,140.64377,Interpolated between WHO estimates
Spain,ESP,2002,Europe,34.06,137.96916,Interpolated between WHO estimates
Spain,ESP,2003,Europe,33.74,137.61621,Interpolated between WHO estimates
Spain,ESP,2004,Europe,33.42,127.71081,Interpolated between WHO estimates
Spain,ESP,2005,Europe,33.1,126.552,WHO estimate
Spain,ESP,2006,Europe,32.75,117.03616,Interpolated between WHO estimates
Spain,ESP,2007,Europe,32.4,115.9666,WHO estimate
Spain,ESP,2008,Europe,32.1,111.192444,Interpolated between WHO estimates
Spain,ESP,2009,Europe,31.8,105.03436,Interpolated between WHO estimates
Spain,ESP,2010,Europe,31.5,100.785934,WHO estimate
Spain,ESP,2011,Europe,31.2,97.01397,Interpolated between WHO estimates
Spain,ESP,2012,Europe,30.9,95.29378,Interpolated between WHO estimates
Spain,ESP,2013,Europe,30.6,89.592094,Interpolated between WHO estimates
Spain,ESP,2014,Europe,30.3,87.15043,Interpolated between WHO estimates
Spain,ESP,2015,Europe,30.0,89.44597,WHO estimate
Spain,ESP,2016,Europe,29.7,84.943306,Interpolated between WHO estimates
Spain,ESP,2017,Europe,29.4,84.262985,Interpolated between WHO estimates
Spain,ESP,2018,Europe,29.1,81.98424,Interpolated between WHO estimates
Spain,ESP,2019,Europe,28.8,77.61572,Interpolated between WHO estimates
Spain,ESP,2020,Europe,28.5,78.81062,WHO estimate
Spain,ESP,2021,Europe,28.3,77.32539,Interpolated between WHO estimates
Spain,ESP,2022,Europe,28.1,78.17566,WHO estimate
Spain,ESP,2023,Europe,27.9,74.23039,WHO estimate
Sri Lanka,LKA,2000,South-East Asia,29.4,161.67302,WHO estimate
Sri Lanka,LKA,2001,South-East Asia,28.919999999999998,158.0776,Interpolated between WHO estimates
Sri Lanka,LKA,2002,South-East Asia,28.439999999999998,161.13297,Interpolated between WHO estimates
Sri Lanka,LKA,2003,South-East Asia,27.96,161.77414,Interpolated between WHO estimates
Sri Lanka,LKA,2004,South-East Asia,27.48,159.3165,Interpolated between WHO estimates
Sri Lanka,LKA,2005,South-East Asia,27.0,160.27599,WHO estimate
Sri Lanka,LKA,2006,South-East Asia,26.5,166.15962,Interpolated between WHO estimates
Sri Lanka,LKA,2007,South-East Asia,26.0,163.93045,WHO estimate
Sri Lanka,LKA,2009,South-East Asia,25.2,165.54736,Interpolated between WHO estimates
Sri Lanka,LKA,2010,South-East Asia,24.8,169.16196,WHO estimate
Sri Lanka,LKA,2011,South-East Asia,24.46,153.80112,Interpolated between WHO estimates
Sri Lanka,LKA,2012,South-East Asia,24.12,147.18388,Interpolated between WHO estimates
Sri Lanka,LKA,2013,South-East Asia,23.78,148.4997,Interpolated between WHO estimates
Sri Lanka,LKA,2014,South-East Asia,23.44,148.33586,Interpolated between WHO estimates
Sri Lanka,LKA,2015,South-East Asia,23.1,135.39516,WHO estimate
Sri Lanka,LKA,2019,South-East Asia,21.98,128.71701,Interpolated between WHO estimates
Sweden,SWE,2000,Europe,49.5,187.6218,WHO estimate
Sweden,SWE,2001,Europe,47.76,182.32806,Interpolated between WHO estimates
Sweden,SWE,2002,Europe,46.019999999999996,178.01309,Interpolated between WHO estimates
Sweden,SWE,2003,Europe,44.28,171.70108,Interpolated between WHO estimates
Sweden,SWE,2004,Europe,42.54,160.11342,Interpolated between WHO estimates
Sweden,SWE,2005,Europe,40.8,155.0144,WHO estimate
Sweden,SWE,2006,Europe,39.45,151.17409,Interpolated between WHO estimates
Sweden,SWE,2007,Europe,38.1,146.48396,WHO estimate
Sweden,SWE,2008,Europe,36.7,142.38087,Interpolated between WHO estimates
Sweden,SWE,2009,Europe,35.3,135.9909,Interpolated between WHO estimates
Sweden,SWE,2010,Europe,33.9,132.21217,WHO estimate
Sweden,SWE,2011,Europe,32.76,127.03948,Interpolated between WHO estimates
Sweden,SWE,2012,Europe,31.619999999999997,125.70926,Interpolated between WHO estimates
Sweden,SWE,2013,Europe,30.48,120.55748,Interpolated between WHO estimates
Sweden,SWE,2014,Europe,29.34,114.992004,Interpolated between WHO estimates
Sweden,SWE,2015,Europe,28.2,113.211784,WHO estimate
Sweden,SWE,2016,Europe,27.259999999999998,108.96037,Interpolated between WHO estimates
Sweden,SWE,2017,Europe,26.32,105.19345,Interpolated between WHO estimates
Sweden,SWE,2018,Europe,25.38,101.92124,Interpolated between WHO estimates
Sweden,SWE,2019,Europe,24.44,93.72891,Interpolated between WHO estimates
Sweden,SWE,2020,Europe,23.5,91.98121,WHO estimate
Sweden,SWE,2021,Europe,22.65,88.52293,Interpolated between WHO estimates
Sweden,SWE,2022,Europe,21.8,88.247734,WHO estimate
Sweden,SWE,2023,Europe,21.0,84.07465,WHO estimate
Switzerland,CHE,2000,Europe,30.4,153.11679,WHO estimate
Switzerland,CHE,2001,Europe,30.04,145.02597,Interpolated between WHO estimates
Switzerland,CHE,2002,Europe,29.68,137.20668,Interpolated between WHO estimates
Switzerland,CHE,2003,Europe,29.32,136.7212,Interpolated between WHO estimates
Switzerland,CHE,2004,Europe,28.96,126.250145,Interpolated between WHO estimates
Switzerland,CHE,2005,Europe,28.6,125.41915,WHO estimate
Switzerland,CHE,2006,Europe,28.25,119.58033,Interpolated between WHO estimates
Switzerland,CHE,2007,Europe,27.9,116.94346,WHO estimate
Switzerland,CHE,2008,Europe,27.566666666666666,112.21883,Interpolated between WHO estimates
Switzerland,CHE,2009,Europe,27.23333333333333,109.016106,Interpolated between WHO estimates
Switzerland,CHE,2010,Europe,26.9,104.987526,WHO estimate
Switzerland,CHE,2011,Europe,26.64,98.97231,Interpolated between WHO estimates
Switzerland,CHE,2012,Europe,26.38,99.515396,Interpolated between WHO estimates
Switzerland,CHE,2013,Europe,26.12,96.05223,Interpolated between WHO estimates
Switzerland,CHE,2014,Europe,25.86,90.4282,Interpolated between WHO estimates
Switzerland,CHE,2015,Europe,25.6,91.11351,WHO estimate
Switzerland,CHE,2016,Europe,25.3,85.36551,Interpolated between WHO estimates
Switzerland,CHE,2017,Europe,25.0,84.62571,Interpolated between WHO estimates
Switzerland,CHE,2018,Europe,24.700000000000003,80.74782,Interpolated between WHO estimates
Switzerland,CHE,2019,Europe,24.400000000000002,76.247475,Interpolated between WHO estimates
Switzerland,CHE,2020,Europe,24.1,76.17278,WHO estimate
Switzerland,CHE,2021,Europe,23.85,71.339035,Interpolated between WHO estimates
Switzerland,CHE,2022,Europe,23.6,71.36338,WHO estimate
Switzerland,CHE,2023,Europe,23.4,69.12406,WHO estimate
Thailand,THA,2000,South-East Asia,27.1,58.540257,WHO estimate
Thailand,THA,2002,South-East Asia,26.14,59.094315,Interpolated between WHO estimates
Thailand,THA,2003,South-East Asia,25.66,67.75658,Interpolated between WHO estimates
Thailand,THA,2004,South-East Asia,25.18,63.752388,Interpolated between WHO estimates
Thailand,THA,2005,South-East Asia,24.7,57.346985,WHO estimate
Thailand,THA,2006,South-East Asia,24.2,51.39232,Interpolated between WHO estimates
Thailand,THA,2007,South-East Asia,23.7,56.61501,WHO estimate
Thailand,THA,2008,South-East Asia,23.333333333333332,56.677002,Interpolated between WHO estimates
Thailand,THA,2009,South-East Asia,22.96666666666667,54.562817,Interpolated between WHO estimates
Thailand,THA,2010,South-East Asia,22.6,59.436314,WHO estimate
Thailand,THA,2011,South-East Asia,22.240000000000002,63.991558,Interpolated between WHO estimates
Thailand,THA,2012,South-East Asia,21.880000000000003,64.96284,Interpolated between WHO estimates
Thailand,THA,2013,South-East Asia,21.52,72.81616,Interpolated between WHO estimates
Thailand,THA,2014,South-East Asia,21.16,74.890274,Interpolated between WHO estimates
Thailand,THA,2015,South-East Asia,20.8,75.73187,WHO estimate
Thailand,THA,2016,South-East Asia,20.44,82.35507,Interpolated between WHO estimates
Thailand,THA,2017,South-East Asia,20.080000000000002,77.35702,Interpolated between WHO estimates
Thailand,THA,2018,South-East Asia,19.72,74.487755,Interpolated between WHO estimates
Thailand,THA,2019,South-East Asia,19.36,79.4984,Interpolated between WHO estimates
Thailand,THA,2021,South-East Asia,18.7,75.94273,Interpolated between WHO estimates
Thailand,THA,2023,South-East Asia,18.1,80.32579,WHO estimate
Turkey,TUR,2009,Europe,31.833333333333332,187.7948,Interpolated between WHO estimates
Turkey,TUR,2010,Europe,31.8,184.57266,WHO estimate
Turkey,TUR,2011,Europe,31.740000000000002,181.9235,Interpolated between WHO estimates
Turkey,TUR,2012,Europe,31.68,174.34535,Interpolated between WHO estimates
Turkey,TUR,2013,Europe,31.62,195.07582,Interpolated between WHO estimates
Turkey,TUR,2014,Europe,31.56,200.84702,Interpolated between WHO estimates
Turkey,TUR,2015,Europe,31.5,199.50668,WHO estimate
Turkey,TUR,2016,Europe,31.44,200.6665,Interpolated between WHO estimates
Turkey,TUR,2017,Europe,31.38,195.293,Interpolated between WHO estimates
Turkey,TUR,2018,Europe,31.32,180.27013,Interpolated between WHO estimates
Turkey,TUR,2019,Europe,31.259999999999998,171.54158,Interpolated between WHO estimates
Turkey,TUR,2020,Europe,31.2,187.55933,WHO estimate
Turkey,TUR,2021,Europe,31.15,190.5933,Interpolated between WHO estimates
Turkey,TUR,2022,Europe,31.1,176.73947,WHO estimate
Turkey,TUR,2023,Europe,31.1,169.07153,WHO estimate
Turkmenistan,TKM,2000,Europe,14.4,592.894,WHO estimate
Turkmenistan,TKM,2001,Europe,13.84,572.2757,Interpolated between WHO estimates
Turkmenistan,TKM,2002,Europe,13.28,624.9409,Interpolated between WHO estimates
Turkmenistan,TKM,2003,Europe,12.72,618.9201,Interpolated between WHO estimates
Turkmenistan,TKM,2004,Europe,12.16,610.68713,Interpolated between WHO estimates
Turkmenistan,TKM,2005,Europe,11.6,624.02356,WHO estimate
Turkmenistan,TKM,2006,Europe,11.149999999999999,580.63495,Interpolated between WHO estimates
Turkmenistan,TKM,2007,Europe,10.7,564.6019,WHO estimate
Turkmenistan,TKM,2008,Europe,10.266666666666666,548.38666,Interpolated between WHO estimates
Turkmenistan,TKM,2009,Europe,9.833333333333334,470.20273,Interpolated between WHO estimates
Turkmenistan,TKM,2010,Europe,9.4,459.23972,WHO estimate
Turkmenistan,TKM,2011,Europe,9.06,461.03033,Interpolated between WHO estimates
Turkmenistan,TKM,2012,Europe,8.72,456.1826,Interpolated between WHO estimates
Turkmenistan,TKM,2013,Europe,8.38,449.11835,Interpolated between WHO estimates
Turkmenistan,TKM,2014,Europe,8.040000000000001,440.27875,Interpolated between WHO estimates
Turkmenistan,TKM,2015,Europe,7.7,429.99884,WHO estimate
Ukraine,UKR,2000,Europe,42.0,593.6343,WHO estimate
Ukraine,UKR,2001,Europe,41.06,582.35016,Interpolated between WHO estimates
Ukraine,UKR,2002,Europe,40.12,600.3251,Interpolated between WHO estimates
Ukraine,UKR,2003,Europe,39.18,615.0593,Interpolated between WHO estimates
Ukraine,UKR,2004,Europe,38.239999999999995,607.0711,Interpolated between WHO estimates
Ukraine,UKR,2005,Europe,37.3,621.81,WHO estimate
Ukraine,UKR,2006,Europe,36.45,603.02844,Interpolated between WHO estimates
Ukraine,UKR,2007,Europe,35.6,596.57227,WHO estimate
Ukraine,UKR,2008,Europe,34.766666666666666,589.4538,Interpolated between WHO estimates
Ukraine,UKR,2009,Europe,33.93333333333334,554.50757,Interpolated between WHO estimates
Ukraine,UKR,2010,Europe,33.1,550.055,WHO estimate
Ukraine,UKR,2011,Europe,32.34,512.90735,Interpolated between WHO estimates
Ukraine,UKR,2012,Europe,31.580000000000002,501.4748,Interpolated between WHO estimates
Ukraine,UKR,2014,Europe,30.060000000000002,506.37878,Interpolated between WHO estimates
Ukraine,UKR,2015,Europe,29.3,476.65793,WHO estimate
Ukraine,UKR,2017,Europe,28.02,440.9673,Interpolated between WHO estimates
Ukraine,UKR,2018,Europe,27.380000000000003,446.88403,Interpolated between WHO estimates
Ukraine,UKR,2019,Europe,26.740000000000002,441.3176,Interpolated between WHO estimates
United Arab Emirates,ARE,2018,Eastern Mediterranean,10.42,131.36433,Interpolated between WHO estimates
United Arab Emirates,ARE,2019,Eastern Mediterranean,10.16,123.299286,Interpolated between WHO estimates
United Arab Emirates,ARE,2020,Eastern Mediterranean,9.9,83.12392,WHO estimate
United Arab Emirates,ARE,2023,Eastern Mediterranean,9.2,73.27718,WHO estimate
United Kingdom,GBR,2000,Europe,38.2,191.27956,WHO estimate
United Kingdom,GBR,2001,Europe,36.620000000000005,191.49309,Interpolated between WHO estimates
United Kingdom,GBR,2002,Europe,35.04,186.5036,Interpolated between WHO estimates
United Kingdom,GBR,2003,Europe,33.46,180.69041,Interpolated between WHO estimates
United Kingdom,GBR,2004,Europe,31.880000000000003,166.46188,Interpolated between WHO estimates
United Kingdom,GBR,2005,Europe,30.3,157.06685,WHO estimate
United Kingdom,GBR,2006,Europe,29.0,146.46947,Interpolated between WHO estimates
United Kingdom,GBR,2007,Europe,27.7,139.8344,WHO estimate
United Kingdom,GBR,2008,Europe,26.53333333333333,134.8586,Interpolated between WHO estimates
United Kingdom,GBR,2009,Europe,25.366666666666667,125.58292,Interpolated between WHO estimates
United Kingdom,GBR,2010,Europe,24.2,121.78128,WHO estimate
United Kingdom,GBR,2011,Europe,23.2,107.423355,Interpolated between WHO estimates
United Kingdom,GBR,2012,Europe,22.2,106.45209,Interpolated between WHO estimates
United Kingdom,GBR,2013,Europe,21.2,104.25039,Interpolated between WHO estimates
United Kingdom,GBR,2014,Europe,20.2,98.987366,Interpolated between WHO estimates
United Kingdom,GBR,2015,Europe,19.2,99.68656,WHO estimate
United Kingdom,GBR,2016,Europe,18.419999999999998,95.3241,Interpolated between WHO estimates
United Kingdom,GBR,2017,Europe,17.64,93.27445,Interpolated between WHO estimates
United Kingdom,GBR,2018,Europe,16.86,93.689415,Interpolated between WHO estimates
United Kingdom,GBR,2019,Europe,16.080000000000002,87.690834,Interpolated between WHO estimates
United Kingdom,GBR,2020,Europe,15.3,90.82219,WHO estimate
United Kingdom,GBR,2021,Europe,14.65,89.21022,Interpolated between WHO estimates
United States,USA,2000,Americas,38.6,198.92432,WHO estimate
United States,USA,2001,Americas,37.26,191.0485,Interpolated between WHO estimates
United States,USA,2002,Americas,35.92,186.02496,Interpolated between WHO estimates
United States,USA,2003,Americas,34.58,179.61908,Interpolated between WHO estimates
United States,USA,2004,Americas,33.24,168.4497,Interpolated between WHO estimates
United States,USA,2005,Americas,31.9,163.34738,WHO estimate
United States,USA,2006,Americas,30.799999999999997,154.67557,Interpolated between WHO estimates
United States,USA,2007,Americas,29.7,149.16867,WHO estimate
United States,USA,2008,Americas,28.633333333333333,148.0418,Interpolated between WHO estimates
United States,USA,2009,Americas,27.566666666666666,141.39267,Interpolated between WHO estimates
United States,USA,2010,Americas,26.5,138.3458,WHO estimate
United States,USA,2011,Americas,25.6,134.80379,Interpolated between WHO estimates
United States,USA,2012,Americas,24.7,132.41144,Interpolated between WHO estimates
United States,USA,2013,Americas,23.8,132.06017,Interpolated between WHO estimates
United States,USA,2014,Americas,22.9,130.99333,Interpolated between WHO estimates
United States,USA,2015,Americas,22.0,132.92258,WHO estimate
United States,USA,2016,Americas,21.26,131.07285,Interpolated between WHO estimates
United States,USA,2017,Americas,20.52,131.03789,Interpolated between WHO estimates
United States,USA,2018,Americas,19.78,130.0983,Interpolated between WHO estimates
United States,USA,2019,Americas,19.04,126.21044,Interpolated between WHO estimates
United States,USA,2020,Americas,18.3,132.97804,WHO estimate
United States,USA,2021,Americas,17.65,134.24542,Interpolated between WHO estimates
United States,USA,2022,Americas,17.0,129.45773,WHO estimate
Uruguay,URY,2000,Americas,34.5,196.2997,WHO estimate
Uruguay,URY,2001,Americas,33.76,195.16841,Interpolated between WHO estimates
Uruguay,URY,2002,Americas,33.02,187.07153,Interpolated between WHO estimates
Uruguay,URY,2003,Americas,32.28,195.43385,Interpolated between WHO estimates
Uruguay,URY,2004,Americas,31.54,187.66515,Interpolated between WHO estimates
Uruguay,URY,2005,Americas,30.8,180.0007,WHO estimate
Uruguay,URY,2006,Americas,30.0,165.96814,Interpolated between WHO estimates
Uruguay,URY,2007,Americas,29.2,173.63098,WHO estimate
Uruguay,URY,2008,Americas,28.5,155.80576,Interpolated between WHO estimates
Uruguay,URY,2009,Americas,27.8,146.86967,Interpolated between WHO estimates
Uruguay,URY,2010,Americas,27.1,151.77582,WHO estimate
Uruguay,URY,2012,Americas,25.86,141.84737,Interpolated between WHO estimates
Uruguay,URY,2013,Americas,25.240000000000002,133.36638,Interpolated between WHO estimates
Uruguay,URY,2014,Americas,24.62,127.17292,Interpolated between WHO estimates
Uruguay,URY,2015,Americas,24.0,133.26936,WHO estimate
Uruguay,URY,2016,Americas,23.46,132.5821,Interpolated between WHO estimates
Uruguay,URY,2017,Americas,22.92,123.697075,Interpolated between WHO estimates
Uruguay,URY,2018,Americas,22.38,120.95905,Interpolated between WHO estimates
Uruguay,URY,2019,Americas,21.84,116.10632,Interpolated between WHO estimates
Uruguay,URY,2020,Americas,21.3,106.46751,WHO estimate
Uruguay,URY,2021,Americas,20.8,113.280594,Interpolated between WHO estimates
Uruguay,URY,2022,Americas,20.3,107.78839,WHO estimate
Uzbekistan,UZB,2000,Europe,28.9,578.819,WHO estimate
Uzbekistan,UZB,2001,Europe,28.24,562.49927,Interpolated between WHO estimates
Uzbekistan,UZB,2002,Europe,27.58,580.9394,Interpolated between WHO estimates
Uzbekistan,UZB,2003,Europe,26.92,560.19635,Interpolated between WHO estimates
Uzbekistan,UZB,2004,Europe,26.26,528.3416,Interpolated between WHO estimates
Uzbekistan,UZB,2005,Europe,25.6,568.2264,WHO estimate
Uzbekistan,UZB,2009,Europe,23.03333333333333,513.3439,Interpolated between WHO estimates
Uzbekistan,UZB,2010,Europe,22.4,529.81573,WHO estimate
Uzbekistan,UZB,2011,Europe,21.88,536.1273,Interpolated between WHO estimates
Uzbekistan,UZB,2012,Europe,21.36,528.57666,Interpolated between WHO estimates
Uzbekistan,UZB,2013,Europe,20.84,507.85742,Interpolated between WHO estimates
Uzbekistan,UZB,2014,Europe,20.32,506.98273,Interpolated between WHO estimates
Uzbekistan,UZB,2015,Europe,19.8,487.6102,WHO estimate
Uzbekistan,UZB,2016,Europe,19.38,484.2495,Interpolated between WHO estimates
Uzbekistan,UZB,2017,Europe,18.96,483.45926,Interpolated between WHO estimates
Uzbekistan,UZB,2018,Europe,18.54,456.01877,Interpolated between WHO estimates
Uzbekistan,UZB,2019,Europe,18.12,441.96405,Interpolated between WHO estimates
Uzbekistan,UZB,2020,Europe,17.7,667.87646,WHO estimate
Uzbekistan,UZB,2021,Europe,17.35,524.6609,Interpolated between WHO estimates
Uzbekistan,UZB,2022,Europe,17.0,564.03345,WHO estimate
Uzbekistan,UZB,2023,Europe,16.6,594.05206,WHO estimate
