Country,Code,Year,WHORegion,Tobacco,PhysicalInactivity,Alcohol,CVDMortality,TobaccoMethod,PhysicalInactivityMethod,AlcoholMethod
Albania,ALB,2000,Europe,34.1,20.293468,3.6451817,349.8244,WHO estimate,WHO estimate,WHO estimate
Albania,ALB,2001,Europe,33.48,20.426317,3.8739178,277.15262,Linear interpolation between WHO estimates,WHO estimate,WHO estimate
Albania,ALB,2002,Europe,32.86,20.565552,3.7515714,298.93408,Linear interpolation between WHO estimates,WHO estimate,WHO estimate
Albania,ALB,2003,Europe,32.24,20.712322,3.9772384,328.60852,Linear interpolation between WHO estimates,WHO estimate,WHO estimate
Albania,ALB,2004,Europe,31.62,20.868704,3.9855264,312.56067,Linear interpolation between WHO estimates,WHO estimate,WHO estimate
Albania,ALB,2005,Europe,31,21.03853,4.3019433,294.53677,WHO estimate,WHO estimate,WHO estimate
Albania,ALB,2006,Europe,30.4,21.227383,4.5117608,281.12512,Linear interpolation between WHO estimates,WHO estimate,WHO estimate
Albania,ALB,2007,Europe,29.8,21.439867,4.724326,239.36775,WHO estimate,WHO estimate,WHO estimate
Albania,ALB,2008,Europe,29.233333,21.673567,4.9110117,279.01453,Linear interpolation between WHO estimates,WHO estimate,WHO estimate
Albania,ALB,2009,Europe,28.666667,21.921124,5.0757121,264.95486,Linear interpolation between WHO estimates,WHO estimate,WHO estimate
Albania,ALB,2010,Europe,28.1,22.179504,4.6338177,184.45703,WHO estimate,WHO estimate,WHO estimate
Antigua and Barbuda,ATG,2000,Americas,,29.457642,6.8371075,213.94537,No WHO estimate,WHO estimate,WHO estimate
Antigua and Barbuda,ATG,2001,Americas,,29.815315,6.8047778,235.6646,No WHO estimate,WHO estimate,WHO estimate
Antigua and Barbuda,ATG,2002,Americas,,30.180868,6.6384113,215.96507,No WHO estimate,WHO estimate,WHO estimate
Antigua and Barbuda,ATG,2003,Americas,,30.543655,6.9414819,257.58002,No WHO estimate,WHO estimate,WHO estimate
Antigua and Barbuda,ATG,2004,Americas,,30.909031,7.012777,238.383,No WHO estimate,WHO estimate,WHO estimate
Antigua and Barbuda,ATG,2005,Americas,,31.285683,7.5360835,255.59813,No WHO estimate,WHO estimate,WHO estimate
Antigua and Barbuda,ATG,2006,Americas,,31.666914,7.6518579,221.31737,No WHO estimate,WHO estimate,WHO estimate
Antigua and Barbuda,ATG,2007,Americas,,32.045853,8.0901846,199.60213,No WHO estimate,WHO estimate,WHO estimate
Antigua and Barbuda,ATG,2008,Americas,,32.430634,8.4240384,221.87457,No WHO estimate,WHO estimate,WHO estimate
Antigua and Barbuda,ATG,2009,Americas,,32.825542,7.4887695,157.05225,No WHO estimate,WHO estimate,WHO estimate
Antigua and Barbuda,ATG,2010,Americas,,33.230854,7.1665962,125.37917,No WHO estimate,WHO estimate,WHO estimate
Antigua and Barbuda,ATG,2011,Americas,,33.644886,7.006161,162.99594,No WHO estimate,WHO estimate,WHO estimate
Antigua and Barbuda,ATG,2012,Americas,,34.064548,7.1786722,183.7352,No WHO estimate,WHO estimate,WHO estimate
Antigua and Barbuda,ATG,2013,Americas,,34.494198,7.4024814,177.7924,No WHO estimate,WHO estimate,WHO estimate
Antigua and Barbuda,ATG,2014,Americas,,34.941971,7.1719315,218.22522,No WHO estimate,WHO estimate,WHO estimate
Antigua and Barbuda,ATG,2015,Americas,,35.411236,7.5465161,181.09926,No WHO estimate,WHO estimate,WHO estimate
Antigua and Barbuda,ATG,2016,Americas,,35.894497,7.5751922,176.05775,No WHO estimate,WHO estimate,WHO estimate
Antigua and Barbuda,ATG,2017,Americas,,36.388844,8.0113175,192.16563,No WHO estimate,WHO estimate,WHO estimate
Antigua and Barbuda,ATG,2018,Americas,,36.896168,8.6126516,187.48418,No WHO estimate,WHO estimate,WHO estimate
Antigua and Barbuda,ATG,2019,Americas,,37.415943,9.2214308,216.84155,No WHO estimate,WHO estimate,WHO estimate
Antigua and Barbuda,ATG,2020,Americas,,37.950943,6.9917158,197.00922,No WHO estimate,WHO estimate,WHO estimate
Antigua and Barbuda,ATG,2021,Americas,,38.488644,7.8696626,158.47339,No WHO estimate,WHO estimate,WHO estimate
Argentina,ARG,2000,Americas,33.1,34.523079,5.3434255,216.99747,WHO estimate,WHO estimate,WHO estimate
Argentina,ARG,2001,Americas,32.64,34.682854,5.0600311,215.14868,Linear interpolation between WHO estimates,WHO estimate,WHO estimate
Argentina,ARG,2002,Americas,32.18,34.846367,4.3915419,212.10309,Linear interpolation between WHO estimates,WHO estimate,WHO estimate
Argentina,ARG,2003,Americas,31.72,35.009705,4.3736222,207.15826,Linear interpolation between WHO estimates,WHO estimate,WHO estimate
Argentina,ARG,2004,Americas,31.26,35.178139,4.5528798,194.51419,Linear interpolation between WHO estimates,WHO estimate,WHO estimate
Argentina,ARG,2005,Americas,30.8,35.357498,4.7365541,188.04074,WHO estimate,WHO estimate,WHO estimate
Argentina,ARG,2006,Americas,30.35,35.544323,4.8718692,182.73055,Linear interpolation between WHO estimates,WHO estimate,WHO estimate
Argentina,ARG,2007,Americas,29.9,35.735069,5.5590285,187.65993,WHO estimate,WHO estimate,WHO estimate
Argentina,ARG,2008,Americas,29.5,35.932182,5.6706295,174.23799,Linear interpolation between WHO estimates,WHO estimate,WHO estimate
Argentina,ARG,2009,Americas,29.1,36.14122,5.5173898,169.95134,Linear interpolation between WHO estimates,WHO estimate,WHO estimate
Argentina,ARG,2010,Americas,28.7,36.357983,6.1233328,179.86206,WHO estimate,WHO estimate,WHO estimate
Argentina,ARG,2011,Americas,28.3,36.586784,6.4139789,173.71593,Linear interpolation between WHO estimates,WHO estimate,WHO estimate
Argentina,ARG,2012,Americas,27.9,36.832771,6.5598161,168.57495,Linear interpolation between WHO estimates,WHO estimate,WHO estimate
Argentina,ARG,2013,Americas,27.5,37.092117,6.8449131,161.67715,Linear interpolation between WHO estimates,WHO estimate,WHO estimate
Argentina,ARG,2014,Americas,27.1,37.363125,6.5519947,155.36261,Linear interpolation between WHO estimates,WHO estimate,WHO estimate
Argentina,ARG,2015,Americas,26.7,37.646904,7.0782938,159.68933,WHO estimate,WHO estimate,WHO estimate
Argentina,ARG,2016,Americas,26.32,37.938713,6.6529766,165.11478,Linear interpolation between WHO estimates,WHO estimate,WHO estimate
Argentina,ARG,2017,Americas,25.94,38.239624,6.6197351,155.17032,Linear interpolation between WHO estimates,WHO estimate,WHO estimate
Argentina,ARG,2018,Americas,25.56,38.550163,6.3006886,150.7534,Linear interpolation between WHO estimates,WHO estimate,WHO estimate
Argentina,ARG,2019,Americas,25.18,38.867432,5.8132834,150.35957,Linear interpolation between WHO estimates,WHO estimate,WHO estimate
Argentina,ARG,2020,Americas,24.8,39.184319,6.1225042,147.20428,WHO estimate,WHO estimate,WHO estimate
Argentina,ARG,2021,Americas,24.55,39.495785,7.0957946,159.7745,Linear interpolation between WHO estimates,WHO estimate,WHO estimate
Argentina,ARG,2022,Americas,24.3,39.814594,7.424165,159.9662,WHO estimate,WHO estimate,WHO estimate
Armenia,ARM,2000,Europe,34,23.400305,2.4597827,332.6742,WHO estimate,WHO estimate,WHO estimate
Armenia,ARM,2001,Europe,33.66,23.531477,2.7524908,330.90414,Linear interpolation between WHO estimates,WHO estimate,WHO estimate
Armenia,ARM,2002,Europe,33.32,23.648191,2.9913256,461.39658,Linear interpolation between WHO estimates,WHO estimate,WHO estimate
Armenia,ARM,2003,Europe,32.98,23.752066,3.3010817,463.36203,Linear interpolation between WHO estimates,WHO estimate,WHO estimate
Armenia,ARM,2006,Europe,31.95,24.142374,4.2113478,364.11295,Linear interpolation between WHO estimates,WHO estimate,WHO estimate
Armenia,ARM,2007,Europe,31.6,24.351492,4.9642165,354.03165,WHO estimate,WHO estimate,WHO estimate
Armenia,ARM,2008,Europe,31.266667,24.58292,5.1414285,403.02014,Linear interpolation between WHO estimates,WHO estimate,WHO estimate
Armenia,ARM,2009,Europe,30.933333,24.827074,4.363493,349.8879,Linear interpolation between WHO estimates,WHO estimate,WHO estimate
Armenia,ARM,2010,Europe,30.6,25.07309,4.8253351,343.95685,WHO estimate,WHO estimate,WHO estimate
Armenia,ARM,2011,Europe,30.26,25.305717,4.8202216,323.52078,Linear interpolation between WHO estimates,WHO estimate,WHO estimate
Armenia,ARM,2012,Europe,29.92,25.509907,5.4764741,322.80957,Linear interpolation between WHO estimates,WHO estimate,WHO estimate
Armenia,ARM,2013,Europe,29.58,25.693148,5.968802,307.88495,Linear interpolation between WHO estimates,WHO estimate,WHO estimate
Armenia,ARM,2014,Europe,29.24,25.883881,5.682658,312.74008,Linear interpolation between WHO estimates,WHO estimate,WHO estimate
Armenia,ARM,2015,Europe,28.9,26.114098,5.5186503,296.68723,WHO estimate,WHO estimate,WHO estimate
Armenia,ARM,2016,Europe,28.6,26.398233,6.1909751,306.29126,Linear interpolation between WHO estimates,WHO estimate,WHO estimate
Armenia,ARM,2017,Europe,28.3,26.724417,7.6203175,334.87628,Linear interpolation between WHO estimates,WHO estimate,WHO estimate
Armenia,ARM,2018,Europe,28,27.076632,7.3809233,310.9402,Linear interpolation between WHO estimates,WHO estimate,WHO estimate
Armenia,ARM,2019,Europe,27.7,27.447128,9.9361122,304.684,Linear interpolation between WHO estimates,WHO estimate,WHO estimate
Armenia,ARM,2020,Europe,27.4,27.800056,9.0418979,375.8216,WHO estimate,WHO estimate,WHO estimate
Armenia,ARM,2021,Europe,27,28.123871,4.9894657,352.69336,Linear interpolation between WHO estimates,WHO estimate,WHO estimate
Armenia,ARM,2022,Europe,26.6,28.439566,5.458056,298.2016,WHO estimate,WHO estimate,WHO estimate
Armenia,ARM,2023,Europe,26.4,,5.5066832,244.60516,WHO estimate,No WHO estimate,WHO estimate
Australia,AUS,2000,Western Pacific,24.9,27.940958,11.072833,154.0971,WHO estimate,WHO estimate,WHO estimate
Australia,AUS,2001,Western Pacific,24.16,28.033665,10.840415,147.2651,Linear interpolation between WHO estimates,WHO estimate,WHO estimate
Australia,AUS,2002,Western Pacific,23.42,28.097593,10.462906,142.63034,Linear interpolation between WHO estimates,WHO estimate,WHO estimate
Australia,AUS,2003,Western Pacific,22.68,28.139078,10.33988,134.5257,Linear interpolation between WHO estimates,WHO estimate,WHO estimate
Australia,AUS,2004,Western Pacific,21.94,28.165373,10.502708,129.08118,Linear interpolation between WHO estimates,WHO estimate,WHO estimate
Australia,AUS,2006,Western Pacific,20.55,28.17366,10.789734,119.39977,Linear interpolation between WHO estimates,WHO estimate,WHO estimate
Australia,AUS,2007,Western Pacific,19.9,28.1474,10.756358,113.90773,WHO estimate,WHO estimate,WHO estimate
Australia,AUS,2008,Western Pacific,19.3,28.096029,10.900791,113.73099,Linear interpolation between WHO estimates,WHO estimate,WHO estimate
Australia,AUS,2009,Western Pacific,18.7,28.03438,10.753691,104.66892,Linear interpolation between WHO estimates,WHO estimate,WHO estimate
Australia,AUS,2010,Western Pacific,18.1,27.985329,10.467294,99.70675,WHO estimate,WHO estimate,WHO estimate
Australia,AUS,2011,Western Pacific,17.56,27.93852,10.165631,97.5968,Linear interpolation between WHO estimates,WHO estimate,WHO estimate
Australia,AUS,2012,Western Pacific,17.02,27.88113,10.038251,91.154,Linear interpolation between WHO estimates,WHO estimate,WHO estimate
Australia,AUS,2013,Western Pacific,16.48,27.830509,9.9460313,87.79595,Linear interpolation between WHO estimates,WHO estimate,WHO estimate
Australia,AUS,2014,Western Pacific,15.94,27.796593,9.7658684,88.21639,Linear interpolation between WHO estimates,WHO estimate,WHO estimate
Australia,AUS,2015,Western Pacific,15.4,27.774349,10.127449,86.83922,WHO estimate,WHO estimate,WHO estimate
Australia,AUS,2016,Western Pacific,14.96,27.766985,10.123635,82.068214,Linear interpolation between WHO estimates,WHO estimate,WHO estimate
Australia,AUS,2017,Western Pacific,14.52,27.77318,10.250956,79.26224,Linear interpolation between WHO estimates,WHO estimate,WHO estimate
Australia,AUS,2018,Western Pacific,14.08,27.785311,10.294024,75.062035,Linear interpolation between WHO estimates,WHO estimate,WHO estimate
Australia,AUS,2019,Western Pacific,13.64,27.803493,10.279079,76.41658,Linear interpolation between WHO estimates,WHO estimate,WHO estimate
Australia,AUS,2020,Western Pacific,13.2,27.842785,10.839834,69.3306,WHO estimate,WHO estimate,WHO estimate
Australia,AUS,2021,Western Pacific,12.8,27.89999,10.672958,70.66705,Linear interpolation between WHO estimates,WHO estimate,WHO estimate
Australia,AUS,2022,Western Pacific,12.4,27.961107,10.524997,72.59429,WHO estimate,WHO estimate,WHO estimate
Australia,AUS,2023,Western Pacific,12,,10.013278,66.80804,WHO estimate,No WHO estimate,WHO estimate
Austria,AUT,2000,Europe,49.8,35.389145,13.380051,235.8798,WHO estimate,WHO estimate,WHO estimate
Austria,AUT,2001,Europe,48.34,34.888386,12.38235,222.60655,Linear interpolation between WHO estimates,WHO estimate,WHO estimate
Austria,AUT,2002,Europe,46.88,34.352463,12.112062,209.40105,Linear interpolation between WHO estimates,WHO estimate,WHO estimate
Austria,AUT,2003,Europe,45.42,33.78487,12.32503,197.00291,Linear interpolation between WHO estimates,WHO estimate,WHO estimate
Austria,AUT,2004,Europe,43.96,33.200439,12.175978,180.48369,Linear interpolation between WHO estimates,WHO estimate,WHO estimate
Austria,AUT,2005,Europe,42.5,32.592957,12.144865,175.24156,WHO estimate,WHO estimate,WHO estimate
Austria,AUT,2006,Europe,41.2,31.978401,12.584211,167.76112,Linear interpolation between WHO estimates,WHO estimate,WHO estimate
Austria,AUT,2007,Europe,39.9,31.367651,12.54479,163.58752,WHO estimate,WHO estimate,WHO estimate
Austria,AUT,2008,Europe,38.766667,30.751593,12.035211,154.68408,Linear interpolation between WHO estimates,WHO estimate,WHO estimate
Austria,AUT,2009,Europe,37.633333,30.153084,11.884706,155.2084,Linear interpolation between WHO estimates,WHO estimate,WHO estimate
Austria,AUT,2010,Europe,36.5,29.57452,12.209572,150.69797,WHO estimate,WHO estimate,WHO estimate
Austria,AUT,2011,Europe,35.44,28.982111,11.950215,142.98404,Linear interpolation between WHO estimates,WHO estimate,WHO estimate
Austria,AUT,2012,Europe,34.38,28.355503,12.162339,144.6829,Linear interpolation between WHO estimates,WHO estimate,WHO estimate
Austria,AUT,2013,Europe,33.32,27.711752,11.912252,143.33409,Linear interpolation between WHO estimates,WHO estimate,WHO estimate
Austria,AUT,2014,Europe,32.26,27.075117,12.135513,135.48659,Linear interpolation between WHO estimates,WHO estimate,WHO estimate
Austria,AUT,2015,Europe,31.2,26.420153,11.085687,141.64326,WHO estimate,WHO estimate,WHO estimate
Austria,AUT,2016,Europe,30.32,25.789749,11.444067,130.9472,Linear interpolation between WHO estimates,WHO estimate,WHO estimate
Austria,AUT,2017,Europe,29.44,25.226355,11.450651,127.69772,Linear interpolation between WHO estimates,WHO estimate,WHO estimate
Austria,AUT,2018,Europe,28.56,24.697618,11.452607,125.11159,Linear interpolation between WHO estimates,WHO estimate,WHO estimate
Austria,AUT,2019,Europe,27.68,24.213032,11.451654,121.11068,Linear interpolation between WHO estimates,WHO estimate,WHO estimate
Austria,AUT,2020,Europe,26.8,23.76478,10.980431,120.46285,WHO estimate,WHO estimate,WHO estimate
Austria,AUT,2021,Europe,26.05,23.326605,11.326571,114.95767,Linear interpolation between WHO estimates,WHO estimate,WHO estimate
Austria,AUT,2022,Europe,25.3,22.895931,11.207903,111.6796,WHO estimate,WHO estimate,WHO estimate
Austria,AUT,2023,Europe,24.6,,11.435591,106.64756,WHO estimate,No WHO estimate,WHO estimate
Azerbaijan,AZE,2000,Europe,31.5,21.287718,0.9065328,493.88245,WHO estimate,WHO estimate,WHO estimate
Azerbaijan,AZE,2001,Europe,30.84,21.238014,0.67849896,457.93903,Linear interpolation between WHO estimates,WHO estimate,WHO estimate
Azerbaijan,AZE,2002,Europe,30.18,21.184885,0.49969378,469.9084,Linear interpolation between WHO estimates,WHO estimate,WHO estimate
Azerbaijan,AZE,2003,Europe,29.52,21.135611,0.22262489,484.54285,Linear interpolation between WHO estimates,WHO estimate,WHO estimate
Azerbaijan,AZE,2004,Europe,28.86,21.094591,0.32663323,475.9079,Linear interpolation between WHO estimates,WHO estimate,WHO estimate
Azerbaijan,AZE,2007,Europe,26.9,21.104879,0.44028581,416.46802,WHO estimate,WHO estimate,WHO estimate
Bahamas,BHS,2000,Americas,13.4,36.050823,9.7658478,221.27394,WHO estimate,WHO estimate,WHO estimate
Bahamas,BHS,2001,Americas,13.5,36.161755,9.0631275,233.66866,Linear interpolation between WHO estimates,WHO estimate,WHO estimate
Bahamas,BHS,2002,Americas,13.6,36.26313,8.6810144,249.9995,Linear interpolation between WHO estimates,WHO estimate,WHO estimate
Bahamas,BHS,2003,Americas,13.7,36.363297,8.1654045,207.32935,Linear interpolation between WHO estimates,WHO estimate,WHO estimate
Bahamas,BHS,2004,Americas,13.8,36.455017,8.5661414,238.57785,Linear interpolation between WHO estimates,WHO estimate,WHO estimate
Bahamas,BHS,2005,Americas,13.9,36.537468,8.2841925,240.10498,WHO estimate,WHO estimate,WHO estimate
Bahamas,BHS,2006,Americas,14.05,36.610722,8.3818987,206.22737,Linear interpolation between WHO estimates,WHO estimate,WHO estimate
Bahamas,BHS,2007,Americas,14.2,36.676342,8.4786144,210.66638,WHO estimate,WHO estimate,WHO estimate
Bahamas,BHS,2008,Americas,14.333333,36.731823,8.4279078,228.98378,Linear interpolation between WHO estimates,WHO estimate,WHO estimate
Bahamas,BHS,2009,Americas,14.466667,36.783775,7.9194485,248.21465,Linear interpolation between WHO estimates,WHO estimate,WHO estimate
Bahamas,BHS,2010,Americas,14.6,36.835323,7.8923098,246.71785,WHO estimate,WHO estimate,WHO estimate
Bahamas,BHS,2011,Americas,14.78,36.87825,7.9845027,243.10075,Linear interpolation between WHO estimates,WHO estimate,WHO estimate
Bahamas,BHS,2012,Americas,14.96,36.914356,8.2706374,204.78943,Linear interpolation between WHO estimates,WHO estimate,WHO estimate
Bahamas,BHS,2013,Americas,15.14,36.947224,8.2838537,199.8967,Linear interpolation between WHO estimates,WHO estimate,WHO estimate
Bahamas,BHS,2014,Americas,15.32,36.983143,8.7440181,214.66217,Linear interpolation between WHO estimates,WHO estimate,WHO estimate
Bahamas,BHS,2015,Americas,15.5,37.023743,8.6756061,228.0822,WHO estimate,WHO estimate,WHO estimate
Bahamas,BHS,2016,Americas,15.7,37.06601,8.7013908,229.55475,Linear interpolation between WHO estimates,WHO estimate,WHO estimate
Bahrain,BHR,2000,Eastern Mediterranean,21.1,28.878603,2.3900206,219.77643,WHO estimate,WHO estimate,WHO estimate
Bahrain,BHR,2001,Eastern Mediterranean,20.8,29.243023,2.2727221,210.20467,Linear interpolation between WHO estimates,WHO estimate,WHO estimate
Bahrain,BHR,2002,Eastern Mediterranean,20.5,29.616791,2.2095438,214.20526,Linear interpolation between WHO estimates,WHO estimate,WHO estimate
Bahrain,BHR,2003,Eastern Mediterranean,20.2,29.936527,1.8315777,248.76419,Linear interpolation between WHO estimates,WHO estimate,WHO estimate
Bahrain,BHR,2004,Eastern Mediterranean,19.9,30.151001,1.7980949,217.85052,Linear interpolation between WHO estimates,WHO estimate,WHO estimate
Bahrain,BHR,2005,Eastern Mediterranean,19.6,30.335155,1.7745304,153.15858,WHO estimate,WHO estimate,WHO estimate
Bahrain,BHR,2006,Eastern Mediterranean,19.35,30.553341,1.7605242,141.33043,Linear interpolation between WHO estimates,WHO estimate,WHO estimate
Bahrain,BHR,2007,Eastern Mediterranean,19.1,30.81111,1.8525223,136.93015,WHO estimate,WHO estimate,WHO estimate
Bahrain,BHR,2008,Eastern Mediterranean,18.833333,31.112591,2.1593337,137.42453,Linear interpolation between WHO estimates,WHO estimate,WHO estimate
Bahrain,BHR,2009,Eastern Mediterranean,18.566667,31.458273,2.0247538,129.50404,Linear interpolation between WHO estimates,WHO estimate,WHO estimate
Bahrain,BHR,2010,Eastern Mediterranean,18.3,31.843451,2.1470933,166.06796,WHO estimate,WHO estimate,WHO estimate
Bahrain,BHR,2011,Eastern Mediterranean,18.08,32.211086,1.9196814,168.31404,Linear interpolation between WHO estimates,WHO estimate,WHO estimate
Bahrain,BHR,2012,Eastern Mediterranean,17.86,32.526039,2.0472452,166.51326,Linear interpolation between WHO estimates,WHO estimate,WHO estimate
Bahrain,BHR,2013,Eastern Mediterranean,17.64,32.935619,1.922698,158.1471,Linear interpolation between WHO estimates,WHO estimate,WHO estimate
Bahrain,BHR,2014,Eastern Mediterranean,17.42,33.445286,1.7927503,120.86789,Linear interpolation between WHO estimates,WHO estimate,WHO estimate
Barbados,BRB,2000,Americas,,35.607754,6.9131025,192.03613,No WHO estimate,WHO estimate,WHO estimate
Barbados,BRB,2001,Americas,,36.081108,7.1110261,123.41746,No WHO estimate,WHO estimate,WHO estimate
Barbados,BRB,2002,Americas,,36.552776,7.3930373,153.4317,No WHO estimate,WHO estimate,WHO estimate
Barbados,BRB,2003,Americas,,37.033272,7.3419703,182.96321,No WHO estimate,WHO estimate,WHO estimate
Barbados,BRB,2004,Americas,,37.514858,7.5095685,142.975,No WHO estimate,WHO estimate,WHO estimate
Barbados,BRB,2005,Americas,,38.002972,7.6247579,140.30847,No WHO estimate,WHO estimate,WHO estimate
Barbados,BRB,2006,Americas,,38.50005,7.8880032,142.79459,No WHO estimate,WHO estimate,WHO estimate
Barbados,BRB,2007,Americas,,39.012486,7.9212566,149.74908,No WHO estimate,WHO estimate,WHO estimate
Barbados,BRB,2008,Americas,,39.527386,8.2978298,151.4941,No WHO estimate,WHO estimate,WHO estimate
Barbados,BRB,2009,Americas,,40.043594,7.9066783,142.41075,No WHO estimate,WHO estimate,WHO estimate
Barbados,BRB,2010,Americas,,40.546993,7.9660806,127.46825,No WHO estimate,WHO estimate,WHO estimate
Barbados,BRB,2011,Americas,,41.025871,8.1265274,135.39642,No WHO estimate,WHO estimate,WHO estimate
Barbados,BRB,2012,Americas,,41.509418,8.3229164,124.58909,No WHO estimate,WHO estimate,WHO estimate
Barbados,BRB,2013,Americas,,42.007751,8.4342782,136.90005,No WHO estimate,WHO estimate,WHO estimate
Belarus,BLR,2000,Europe,43.1,20.087679,11.24733,498.23938,WHO estimate,WHO estimate,WHO estimate
Belarus,BLR,2001,Europe,42.44,19.867065,11.24733,524.78625,Linear interpolation between WHO estimates,WHO estimate,WHO estimate
Belarus,BLR,2002,Europe,41.78,19.632874,11.24733,535.832,Linear interpolation between WHO estimates,WHO estimate,WHO estimate
Belarus,BLR,2003,Europe,41.12,19.392157,11.24733,526.0676,Linear interpolation between WHO estimates,WHO estimate,WHO estimate
Belarus,BLR,2007,Europe,38.3,18.558279,14.327451,447.37866,WHO estimate,WHO estimate,WHO estimate
Belarus,BLR,2008,Europe,37.733333,18.39819,14.52915,445.19748,Linear interpolation between WHO estimates,WHO estimate,WHO estimate
Belarus,BLR,2009,Europe,37.166667,18.234793,13.940903,455.19818,Linear interpolation between WHO estimates,WHO estimate,WHO estimate
Belarus,BLR,2010,Europe,36.6,18.056501,14.248873,458.2694,WHO estimate,WHO estimate,WHO estimate
Belarus,BLR,2011,Europe,36.02,17.863802,14.403633,434.4543,Linear interpolation between WHO estimates,WHO estimate,WHO estimate
Belarus,BLR,2013,Europe,34.86,17.462288,12.51608,394.8182,Linear interpolation between WHO estimates,WHO estimate,WHO estimate
Belarus,BLR,2014,Europe,34.28,17.265554,11.234381,395.3987,Linear interpolation between WHO estimates,WHO estimate,WHO estimate
Belarus,BLR,2018,Europe,32.14,16.765022,10.048752,374.85355,Linear interpolation between WHO estimates,WHO estimate,WHO estimate
Belgium,BEL,2000,Europe,29.7,49.723824,11.145059,173.59244,WHO estimate,WHO estimate,WHO estimate
Belgium,BEL,2001,Europe,29.42,48.81485,10.987085,164.27904,Linear interpolation between WHO estimates,WHO estimate,WHO estimate
Belgium,BEL,2002,Europe,29.14,47.889828,11.275561,165.15546,Linear interpolation between WHO estimates,WHO estimate,WHO estimate
Belgium,BEL,2003,Europe,28.86,46.94997,11.102406,162.822,Linear interpolation between WHO estimates,WHO estimate,WHO estimate
Belgium,BEL,2004,Europe,28.58,46.005573,10.990218,152.66313,Linear interpolation between WHO estimates,WHO estimate,WHO estimate
Belgium,BEL,2005,Europe,28.3,45.051506,10.940832,145.59904,WHO estimate,WHO estimate,WHO estimate
Belgium,BEL,2006,Europe,28.05,44.087948,10.942553,134.45697,Linear interpolation between WHO estimates,WHO estimate,WHO estimate
Belgium,BEL,2007,Europe,27.8,43.119629,10.736771,130.86119,WHO estimate,WHO estimate,WHO estimate
Belgium,BEL,2008,Europe,27.533333,42.138794,10.577924,126.94927,Linear interpolation between WHO estimates,WHO estimate,WHO estimate
Belgium,BEL,2009,Europe,27.266667,41.145035,10.151407,121.2675,Linear interpolation between WHO estimates,WHO estimate,WHO estimate
Belgium,BEL,2010,Europe,27,40.135132,10.284455,117.09027,WHO estimate,WHO estimate,WHO estimate
Belgium,BEL,2011,Europe,26.74,39.106853,10.131318,109.42321,Linear interpolation between WHO estimates,WHO estimate,WHO estimate
Belgium,BEL,2012,Europe,26.48,38.068726,10.083841,107.25553,Linear interpolation between WHO estimates,WHO estimate,WHO estimate
Belgium,BEL,2013,Europe,26.22,37.043396,11.746744,103.95497,Linear interpolation between WHO estimates,WHO estimate,WHO estimate
Belgium,BEL,2014,Europe,25.96,36.048985,12.51203,97.005714,Linear interpolation between WHO estimates,WHO estimate,WHO estimate
Belgium,BEL,2015,Europe,25.7,35.072357,12.823401,99.18513,WHO estimate,WHO estimate,WHO estimate
Belgium,BEL,2016,Europe,25.46,34.123825,9.4317392,92.9712,Linear interpolation between WHO estimates,WHO estimate,WHO estimate
Belgium,BEL,2017,Europe,25.22,33.207886,9.3289961,90.822235,Linear interpolation between WHO estimates,WHO estimate,WHO estimate
Belgium,BEL,2018,Europe,24.98,32.308201,9.2467208,86.02336,Linear interpolation between WHO estimates,WHO estimate,WHO estimate
Belgium,BEL,2019,Europe,24.74,31.428486,9.1676715,79.2536,Linear interpolation between WHO estimates,WHO estimate,WHO estimate
Belgium,BEL,2020,Europe,24.5,30.539557,8.4223606,76.21669,WHO estimate,WHO estimate,WHO estimate
Belgium,BEL,2021,Europe,24.25,29.661453,8.5027022,76.82834,Linear interpolation between WHO estimates,WHO estimate,WHO estimate
Belize,BLZ,2000,Americas,13.8,30.687654,4.671179,518.6093,WHO estimate,WHO estimate,WHO estimate
Belize,BLZ,2001,Americas,13.52,31.095552,4.7646705,233.4651,Linear interpolation between WHO estimates,WHO estimate,WHO estimate
Belize,BLZ,2002,Americas,13.24,31.504519,4.8834307,240.07275,Linear interpolation between WHO estimates,WHO estimate,WHO estimate
Belize,BLZ,2003,Americas,12.96,31.916079,5.4811444,261.64844,Linear interpolation between WHO estimates,WHO estimate,WHO estimate
Belize,BLZ,2004,Americas,12.68,32.332626,5.9907619,251.94215,Linear interpolation between WHO estimates,WHO estimate,WHO estimate
Belize,BLZ,2005,Americas,12.4,32.753304,5.9838514,257.59128,WHO estimate,WHO estimate,WHO estimate
Belize,BLZ,2006,Americas,12.15,33.181484,6.1532029,246.64368,Linear interpolation between WHO estimates,WHO estimate,WHO estimate
Belize,BLZ,2007,Americas,11.9,33.615108,6.7949079,232.13118,WHO estimate,WHO estimate,WHO estimate
Belize,BLZ,2008,Americas,11.666667,34.056461,6.7346033,195.60446,Linear interpolation between WHO estimates,WHO estimate,WHO estimate
Belize,BLZ,2009,Americas,11.433333,34.503166,6.2793389,229.047,Linear interpolation between WHO estimates,WHO estimate,WHO estimate
Belize,BLZ,2010,Americas,11.2,34.927757,6.3046273,199.51877,WHO estimate,WHO estimate,WHO estimate
Belize,BLZ,2011,Americas,10.98,35.328827,6.200971,188.01442,Linear interpolation between WHO estimates,WHO estimate,WHO estimate
Belize,BLZ,2012,Americas,10.76,35.733566,6.1933333,181.48393,Linear interpolation between WHO estimates,WHO estimate,WHO estimate
Belize,BLZ,2013,Americas,10.54,36.139713,6.150897,165.86606,Linear interpolation between WHO estimates,WHO estimate,WHO estimate
Belize,BLZ,2014,Americas,10.32,36.548649,6.1623176,173.33582,Linear interpolation between WHO estimates,WHO estimate,WHO estimate
Belize,BLZ,2015,Americas,10.1,36.965935,6.1869755,177.71635,WHO estimate,WHO estimate,WHO estimate
Belize,BLZ,2016,Americas,9.9,37.395462,6.006713,172.09563,Linear interpolation between WHO estimates,WHO estimate,WHO estimate
Belize,BLZ,2017,Americas,9.7,37.832863,5.5403298,165.77168,Linear interpolation between WHO estimates,WHO estimate,WHO estimate
Belize,BLZ,2018,Americas,9.5,38.276752,5.3768117,175.48262,Linear interpolation between WHO estimates,WHO estimate,WHO estimate
Belize,BLZ,2019,Americas,9.3,38.728508,5.2826854,184.65611,Linear interpolation between WHO estimates,WHO estimate,WHO estimate
Belize,BLZ,2020,Americas,9.1,39.205208,3.8956608,115.883,WHO estimate,WHO estimate,WHO estimate
Belize,BLZ,2021,Americas,8.95,39.691032,4.1856577,186.82808,Linear interpolation between WHO estimates,WHO estimate,WHO estimate
Belize,BLZ,2022,Americas,8.8,40.166275,4.3367308,160.56924,WHO estimate,WHO estimate,WHO estimate
Bosnia and Herzegovina,BIH,2011,Europe,41.52,18.990095,4.5020465,320.89944,Linear interpolation between WHO estimates,WHO estimate,WHO estimate
Bosnia and Herzegovina,BIH,2014,Europe,40.38,20.081873,4.385558,279.22668,Linear interpolation between WHO estimates,WHO estimate,WHO estimate
Bosnia and Herzegovina,BIH,2016,Europe,39.64,20.905014,4.9511243,329.4472,Linear interpolation between WHO estimates,WHO estimate,WHO estimate
Bosnia and Herzegovina,BIH,2017,Europe,39.28,21.365067,5.1362864,300.38214,Linear interpolation between WHO estimates,WHO estimate,WHO estimate
Bosnia and Herzegovina,BIH,2018,Europe,38.92,21.845476,5.1022792,290.56927,Linear interpolation between WHO estimates,WHO estimate,WHO estimate
Bosnia and Herzegovina,BIH,2019,Europe,38.56,22.345951,4.887478,251.92137,Linear interpolation between WHO estimates,WHO estimate,WHO estimate
Bosnia and Herzegovina,BIH,2020,Europe,38.2,22.8522,4.5561946,267.74307,WHO estimate,WHO estimate,WHO estimate
Bosnia and Herzegovina,BIH,2021,Europe,37.9,23.339186,4.9916267,244.0013,Linear interpolation between WHO estimates,WHO estimate,WHO estimate
Bosnia and Herzegovina,BIH,2022,Europe,37.6,23.794359,5.2978232,225.31462,WHO estimate,WHO estimate,WHO estimate
Bosnia and Herzegovina,BIH,2023,Europe,37.3,,5.2762045,196.65869,WHO estimate,No WHO estimate,WHO estimate
Brazil,BRA,2000,Americas,23.2,30.619257,5.1768162,227.87212,WHO estimate,WHO estimate,WHO estimate
Brazil,BRA,2001,Americas,22.58,30.933788,5.6002665,220.64336,Linear interpolation between WHO estimates,WHO estimate,WHO estimate
Brazil,BRA,2002,Americas,21.96,31.253368,6.3883702,215.6903,Linear interpolation between WHO estimates,WHO estimate,WHO estimate
Brazil,BRA,2003,Americas,21.34,31.581242,6.0340451,212.65184,Linear interpolation between WHO estimates,WHO estimate,WHO estimate
Brazil,BRA,2004,Americas,20.72,31.923738,7.0058905,213.84517,Linear interpolation between WHO estimates,WHO estimate,WHO estimate
Brazil,BRA,2005,Americas,20.1,32.281929,7.5979618,205.85777,WHO estimate,WHO estimate,WHO estimate
Brazil,BRA,2006,Americas,19.55,32.655342,10.612115,209.98775,Linear interpolation between WHO estimates,WHO estimate,WHO estimate
Brazil,BRA,2007,Americas,19,33.046623,8.320593,204.98192,WHO estimate,WHO estimate,WHO estimate
Brazil,BRA,2008,Americas,18.5,33.460281,8.7117564,202.27617,Linear interpolation between WHO estimates,WHO estimate,WHO estimate
Brazil,BRA,2009,Americas,18,33.899757,9.0615912,196.8723,Linear interpolation between WHO estimates,WHO estimate,WHO estimate
Brazil,BRA,2010,Americas,17.5,34.364254,8.9827865,193.46474,WHO estimate,WHO estimate,WHO estimate
Brazil,BRA,2011,Americas,17.04,34.850834,9.9323316,189.59349,Linear interpolation between WHO estimates,WHO estimate,WHO estimate
Brazil,BRA,2012,Americas,16.58,35.356346,9.1520615,180.5036,Linear interpolation between WHO estimates,WHO estimate,WHO estimate
Brazil,BRA,2013,Americas,16.12,35.877182,8.1294789,176.5317,Linear interpolation between WHO estimates,WHO estimate,WHO estimate
Brazil,BRA,2014,Americas,15.66,36.412022,8.0954009,170.17558,Linear interpolation between WHO estimates,WHO estimate,WHO estimate
Brazil,BRA,2015,Americas,15.2,36.955532,8.1056632,168.29199,WHO estimate,WHO estimate,WHO estimate
Brazil,BRA,2016,Americas,14.8,37.504379,8.5748279,166.9389,Linear interpolation between WHO estimates,WHO estimate,WHO estimate
Brazil,BRA,2017,Americas,14.4,38.058331,8.1534998,158.77507,Linear interpolation between WHO estimates,WHO estimate,WHO estimate
Brazil,BRA,2018,Americas,14,38.619308,8.3833174,152.26978,Linear interpolation between WHO estimates,WHO estimate,WHO estimate
Brazil,BRA,2019,Americas,13.6,39.18774,8.7714942,144.86647,Linear interpolation between WHO estimates,WHO estimate,WHO estimate
Brazil,BRA,2020,Americas,13.2,39.760487,7.9592132,141.09558,WHO estimate,WHO estimate,WHO estimate
Brazil,BRA,2021,Americas,12.85,40.331783,8.4432658,154.83705,Linear interpolation between WHO estimates,WHO estimate,WHO estimate
Brunei,BRN,2000,Western Pacific,19,23.978777,0.052754557,239.88377,WHO estimate,WHO estimate,WHO estimate
Brunei,BRN,2001,Western Pacific,18.76,24.233007,0.051132805,221.7932,Linear interpolation between WHO estimates,WHO estimate,WHO estimate
Brunei,BRN,2002,Western Pacific,18.52,24.499281,0,286.4413,Linear interpolation between WHO estimates,WHO estimate,WHO estimate
Brunei,BRN,2003,Western Pacific,18.28,24.772003,0,294.29205,Linear interpolation between WHO estimates,WHO estimate,WHO estimate
Brunei,BRN,2004,Western Pacific,18.04,25.049397,0,209.12976,Linear interpolation between WHO estimates,WHO estimate,WHO estimate
Brunei,BRN,2005,Western Pacific,17.8,25.328434,0,198.38692,WHO estimate,WHO estimate,WHO estimate
Brunei,BRN,2006,Western Pacific,17.6,25.608099,0,211.4921,Linear interpolation between WHO estimates,WHO estimate,WHO estimate
Brunei,BRN,2007,Western Pacific,17.4,25.884502,0,195.5907,WHO estimate,WHO estimate,WHO estimate
Brunei,BRN,2008,Western Pacific,17.2,26.155809,0,181.6494,Linear interpolation between WHO estimates,WHO estimate,WHO estimate
Brunei,BRN,2009,Western Pacific,17,26.416004,0,173.27469,Linear interpolation between WHO estimates,WHO estimate,WHO estimate
Brunei,BRN,2010,Western Pacific,16.8,26.66411,0,155.09883,WHO estimate,WHO estimate,WHO estimate
Brunei,BRN,2011,Western Pacific,16.62,26.926208,0,139.88615,Linear interpolation between WHO estimates,WHO estimate,WHO estimate
Brunei,BRN,2012,Western Pacific,16.44,27.210176,0.039386361,121.01305,Linear interpolation between WHO estimates,WHO estimate,WHO estimate
Brunei,BRN,2013,Western Pacific,16.26,27.504829,0,155.97282,Linear interpolation between WHO estimates,WHO estimate,WHO estimate
Brunei,BRN,2014,Western Pacific,16.08,27.81389,0,173.92519,Linear interpolation between WHO estimates,WHO estimate,WHO estimate
Brunei,BRN,2015,Western Pacific,15.9,28.142738,0,142.12685,WHO estimate,WHO estimate,WHO estimate
Brunei,BRN,2016,Western Pacific,15.72,28.492224,0,117.23448,Linear interpolation between WHO estimates,WHO estimate,WHO estimate
Brunei,BRN,2017,Western Pacific,15.54,28.862131,0,169.22372,Linear interpolation between WHO estimates,WHO estimate,WHO estimate
Brunei,BRN,2018,Western Pacific,15.36,29.253098,0,167.29361,Linear interpolation between WHO estimates,WHO estimate,WHO estimate
Brunei,BRN,2019,Western Pacific,15.18,29.668051,0,169.3704,Linear interpolation between WHO estimates,WHO estimate,WHO estimate
Bulgaria,BGR,2000,Europe,44,22.320601,9.3372889,552.07355,WHO estimate,WHO estimate,WHO estimate
Bulgaria,BGR,2001,Europe,43.7,22.846048,9.7205316,532.49554,Linear interpolation between WHO estimates,WHO estimate,WHO estimate
Bulgaria,BGR,2002,Europe,43.4,23.388882,9.6217696,540.55963,Linear interpolation between WHO estimates,WHO estimate,WHO estimate
Bulgaria,BGR,2003,Europe,43.1,23.948645,9.9241765,533.1491,Linear interpolation between WHO estimates,WHO estimate,WHO estimate
Bulgaria,BGR,2004,Europe,42.8,24.538513,10.240168,514.44604,Linear interpolation between WHO estimates,WHO estimate,WHO estimate
Bulgaria,BGR,2005,Europe,42.5,25.149096,10.022623,507.25293,WHO estimate,WHO estimate,WHO estimate
Bulgaria,BGR,2006,Europe,42.35,25.770681,10.427805,500.05054,Linear interpolation between WHO estimates,WHO estimate,WHO estimate
Bulgaria,BGR,2007,Europe,42.2,26.400873,10.831962,483.76373,WHO estimate,WHO estimate,WHO estimate
Bulgaria,BGR,2008,Europe,41.933333,27.037344,10.990778,457.65402,Linear interpolation between WHO estimates,WHO estimate,WHO estimate
Bulgaria,BGR,2009,Europe,41.666667,27.689135,10.513867,453.55118,Linear interpolation between WHO estimates,WHO estimate,WHO estimate
Bulgaria,BGR,2010,Europe,41.4,28.348345,10.672418,465.37872,WHO estimate,WHO estimate,WHO estimate
Bulgaria,BGR,2011,Europe,41.2,29.012239,10.962565,446.6377,Linear interpolation between WHO estimates,WHO estimate,WHO estimate
Bulgaria,BGR,2012,Europe,41,29.691299,11.016392,428.60278,Linear interpolation between WHO estimates,WHO estimate,WHO estimate
Bulgaria,BGR,2013,Europe,40.8,30.398449,11.023343,404.15805,Linear interpolation between WHO estimates,WHO estimate,WHO estimate
Bulgaria,BGR,2014,Europe,40.6,31.124077,10.653199,421.17993,Linear interpolation between WHO estimates,WHO estimate,WHO estimate
Bulgaria,BGR,2015,Europe,40.4,31.858067,11.316248,415.79465,WHO estimate,WHO estimate,WHO estimate
Bulgaria,BGR,2016,Europe,40.2,32.619579,11.568013,406.7467,Linear interpolation between WHO estimates,WHO estimate,WHO estimate
Bulgaria,BGR,2017,Europe,40,33.39365,11.72875,411.37543,Linear interpolation between WHO estimates,WHO estimate,WHO estimate
Bulgaria,BGR,2018,Europe,39.8,34.165936,12.085669,401.26984,Linear interpolation between WHO estimates,WHO estimate,WHO estimate
Bulgaria,BGR,2019,Europe,39.6,34.942894,12.271719,386.06567,Linear interpolation between WHO estimates,WHO estimate,WHO estimate
Bulgaria,BGR,2020,Europe,39.4,35.700081,11.95942,416.98624,WHO estimate,WHO estimate,WHO estimate
Bulgaria,BGR,2021,Europe,39.25,36.400562,12.231639,451.68094,Linear interpolation between WHO estimates,WHO estimate,WHO estimate
Bulgaria,BGR,2022,Europe,39.1,37.043552,12.574834,401.58582,WHO estimate,WHO estimate,WHO estimate
Canada,CAN,2000,Americas,28.9,26.9559,7.6082207,149.12917,WHO estimate,WHO estimate,WHO estimate
Canada,CAN,2001,Americas,27.84,27.595339,7.7816387,141.99028,Linear interpolation between WHO estimates,WHO estimate,WHO estimate
Canada,CAN,2002,Americas,26.78,28.228563,7.7743262,136.96167,Linear interpolation between WHO estimates,WHO estimate,WHO estimate
Canada,CAN,2003,Americas,25.72,28.854761,7.8160647,132.5842,Linear interpolation between WHO estimates,WHO estimate,WHO estimate
Canada,CAN,2004,Americas,24.66,29.471905,7.9334679,125.86507,Linear interpolation between WHO estimates,WHO estimate,WHO estimate
Canada,CAN,2005,Americas,23.6,30.081945,8.1251392,120.25072,WHO estimate,WHO estimate,WHO estimate
Canada,CAN,2006,Americas,22.7,30.689585,8.254079,111.96003,Linear interpolation between WHO estimates,WHO estimate,WHO estimate
Canada,CAN,2007,Americas,21.8,31.295645,8.3168799,109.37128,WHO estimate,WHO estimate,WHO estimate
Canada,CAN,2008,Americas,20.966667,31.894817,8.3452615,105.82216,Linear interpolation between WHO estimates,WHO estimate,WHO estimate
Canada,CAN,2009,Americas,20.133333,32.481716,8.33475,100.6836,Linear interpolation between WHO estimates,WHO estimate,WHO estimate
Canada,CAN,2010,Americas,19.3,33.064034,8.1899542,96.02603,WHO estimate,WHO estimate,WHO estimate
Canada,CAN,2011,Americas,18.62,33.643646,8.2489513,90.69756,Linear interpolation between WHO estimates,WHO estimate,WHO estimate
Canada,CAN,2012,Americas,17.94,34.217018,8.2056663,88.81053,Linear interpolation between WHO estimates,WHO estimate,WHO estimate
Canada,CAN,2013,Americas,17.26,34.794003,8.0116929,88.26132,Linear interpolation between WHO estimates,WHO estimate,WHO estimate
Canada,CAN,2014,Americas,16.58,35.381367,8.0116787,87.230034,Linear interpolation between WHO estimates,WHO estimate,WHO estimate
Canada,CAN,2015,Americas,15.9,35.979317,8.1310291,85.90887,WHO estimate,WHO estimate,WHO estimate
Canada,CAN,2016,Americas,15.32,36.587284,8.1130563,83.32171,Linear interpolation between WHO estimates,WHO estimate,WHO estimate
Canada,CAN,2017,Americas,14.74,37.19722,8.1312219,83.07278,Linear interpolation between WHO estimates,WHO estimate,WHO estimate
Canada,CAN,2018,Americas,14.16,37.799911,7.9918244,82.328,Linear interpolation between WHO estimates,WHO estimate,WHO estimate
Canada,CAN,2019,Americas,13.58,38.404972,8.0591502,80.14352,Linear interpolation between WHO estimates,WHO estimate,WHO estimate
Canada,CAN,2020,Americas,13,39.036198,8.2226635,80.53017,WHO estimate,WHO estimate,WHO estimate
Canada,CAN,2021,Americas,12.55,39.694126,8.0570179,78.677986,Linear interpolation between WHO estimates,WHO estimate,WHO estimate
Canada,CAN,2022,Americas,12.1,40.365955,7.8608244,79.05831,WHO estimate,WHO estimate,WHO estimate
Cape Verde,CPV,2011,Africa,14.9,25.032038,3.797524,210.88269,Linear interpolation between WHO estimates,WHO estimate,WHO estimate
Chile,CHL,2000,Americas,47,23.040115,6.2271964,159.4578,WHO estimate,WHO estimate,WHO estimate
Chile,CHL,2001,Americas,45.94,23.64662,6.3769072,157.20663,Linear interpolation between WHO estimates,WHO estimate,WHO estimate
Chile,CHL,2002,Americas,44.88,24.2612,6.4762921,149.16745,Linear interpolation between WHO estimates,WHO estimate,WHO estimate
Chile,CHL,2003,Americas,43.82,24.884872,6.5983985,152.02802,Linear interpolation between WHO estimates,WHO estimate,WHO estimate
Chile,CHL,2004,Americas,42.76,25.518978,5.5511121,149.33183,Linear interpolation between WHO estimates,WHO estimate,WHO estimate
Chile,CHL,2005,Americas,41.7,26.16769,6.2950985,143.94734,WHO estimate,WHO estimate,WHO estimate
Chile,CHL,2006,Americas,40.7,26.831997,6.2223797,136.31746,Linear interpolation between WHO estimates,WHO estimate,WHO estimate
Chile,CHL,2007,Americas,39.7,27.51174,6.5970815,136.18826,WHO estimate,WHO estimate,WHO estimate
Chile,CHL,2008,Americas,38.8,28.211609,6.5818828,124.65475,Linear interpolation between WHO estimates,WHO estimate,WHO estimate
Chile,CHL,2009,Americas,37.9,28.934742,6.6115824,124.32382,Linear interpolation between WHO estimates,WHO estimate,WHO estimate
Chile,CHL,2010,Americas,37,29.674208,6.6069326,130.3549,WHO estimate,WHO estimate,WHO estimate
Chile,CHL,2011,Americas,36.18,30.434721,6.7464863,118.59695,Linear interpolation between WHO estimates,WHO estimate,WHO estimate
Chile,CHL,2012,Americas,35.36,31.216368,6.6008983,119.84911,Linear interpolation between WHO estimates,WHO estimate,WHO estimate
Chile,CHL,2013,Americas,34.54,32.019157,6.545631,117.7857,Linear interpolation between WHO estimates,WHO estimate,WHO estimate
Chile,CHL,2014,Americas,33.72,32.843826,6.5526309,114.60335,Linear interpolation between WHO estimates,WHO estimate,WHO estimate
Chile,CHL,2015,Americas,32.9,33.688305,6.7144731,111.06004,WHO estimate,WHO estimate,WHO estimate
Chile,CHL,2016,Americas,32.18,34.543625,6.7393449,105.69701,Linear interpolation between WHO estimates,WHO estimate,WHO estimate
Chile,CHL,2017,Americas,31.46,35.392578,6.5749431,102.70462,Linear interpolation between WHO estimates,WHO estimate,WHO estimate
Chile,CHL,2018,Americas,30.74,36.239227,6.4889088,98.176285,Linear interpolation between WHO estimates,WHO estimate,WHO estimate
Chile,CHL,2019,Americas,30.02,37.098095,6.2437268,94.80325,Linear interpolation between WHO estimates,WHO estimate,WHO estimate
Chile,CHL,2020,Americas,29.3,37.977295,6.3837455,94.64348,WHO estimate,WHO estimate,WHO estimate
Chile,CHL,2021,Americas,28.6,38.872726,6.9638128,99.49422,Linear interpolation between WHO estimates,WHO estimate,WHO estimate
Chile,CHL,2022,Americas,27.9,39.800941,6.3488519,101.31169,WHO estimate,WHO estimate,WHO estimate
Colombia,COL,2000,Americas,14.4,24.824566,4.8098664,201.25258,WHO estimate,WHO estimate,WHO estimate
Colombia,COL,2001,Americas,14.06,25.162834,4.6260938,191.09113,Linear interpolation between WHO estimates,WHO estimate,WHO estimate
Colombia,COL,2002,Americas,13.72,25.511309,4.7551886,185.45618,Linear interpolation between WHO estimates,WHO estimate,WHO estimate
Colombia,COL,2003,Americas,13.38,25.872231,4.189943,184.61188,Linear interpolation between WHO estimates,WHO estimate,WHO estimate
Colombia,COL,2004,Americas,13.04,26.245987,4.0454187,180.45999,Linear interpolation between WHO estimates,WHO estimate,WHO estimate
Colombia,COL,2005,Americas,12.7,26.633274,4.0139699,179.07567,WHO estimate,WHO estimate,WHO estimate
Colombia,COL,2006,Americas,12.4,27.037361,3.9814674,177.22792,Linear interpolation between WHO estimates,WHO estimate,WHO estimate
Colombia,COL,2007,Americas,12.1,27.459335,3.9104789,168.7902,WHO estimate,WHO estimate,WHO estimate
Colombia,COL,2008,Americas,11.8,27.897432,3.9689214,165.55554,Linear interpolation between WHO estimates,WHO estimate,WHO estimate
Colombia,COL,2009,Americas,11.5,28.348982,3.8925769,155.23746,Linear interpolation between WHO estimates,WHO estimate,WHO estimate
Colombia,COL,2010,Americas,11.2,28.811928,3.8068779,154.93643,WHO estimate,WHO estimate,WHO estimate
Colombia,COL,2011,Americas,10.94,29.285881,3.8826556,146.75282,Linear interpolation between WHO estimates,WHO estimate,WHO estimate
Colombia,COL,2012,Americas,10.68,29.768085,3.9353568,145.92729,Linear interpolation between WHO estimates,WHO estimate,WHO estimate
Colombia,COL,2013,Americas,10.42,30.254889,3.8053527,143.56909,Linear interpolation between WHO estimates,WHO estimate,WHO estimate
Colombia,COL,2014,Americas,10.16,30.743921,3.6005031,145.66122,Linear interpolation between WHO estimates,WHO estimate,WHO estimate
Colombia,COL,2015,Americas,9.9,31.231684,3.6820477,147.54681,WHO estimate,WHO estimate,WHO estimate
Colombia,COL,2016,Americas,9.68,31.710493,3.5952344,142.53273,Linear interpolation between WHO estimates,WHO estimate,WHO estimate
Colombia,COL,2017,Americas,9.46,32.172832,3.4394407,139.78357,Linear interpolation between WHO estimates,WHO estimate,WHO estimate
Colombia,COL,2018,Americas,9.24,32.624428,3.4904638,139.86932,Linear interpolation between WHO estimates,WHO estimate,WHO estimate
Colombia,COL,2019,Americas,9.02,33.085052,3.4038709,134.32149,Linear interpolation between WHO estimates,WHO estimate,WHO estimate
Colombia,COL,2020,Americas,8.8,33.557213,2.9160581,144.24635,WHO estimate,WHO estimate,WHO estimate
Colombia,COL,2021,Americas,8.55,34.032555,3.9158538,153.8411,Linear interpolation between WHO estimates,WHO estimate,WHO estimate
Costa Rica,CRI,2000,Americas,17.3,40.753357,3.5721414,169.33978,WHO estimate,WHO estimate,WHO estimate
Costa Rica,CRI,2001,Americas,16.76,41.176926,3.5458731,166.18573,Linear interpolation between WHO estimates,WHO estimate,WHO estimate
Costa Rica,CRI,2002,Americas,16.22,41.600754,3.4993747,146.80995,Linear interpolation between WHO estimates,WHO estimate,WHO estimate
Costa Rica,CRI,2003,Americas,15.68,42.02533,3.4392511,139.95476,Linear interpolation between WHO estimates,WHO estimate,WHO estimate
Costa Rica,CRI,2004,Americas,15.14,42.450272,3.5162715,142.41058,Linear interpolation between WHO estimates,WHO estimate,WHO estimate
Costa Rica,CRI,2005,Americas,14.6,42.877102,3.5833746,130.2183,WHO estimate,WHO estimate,WHO estimate
Costa Rica,CRI,2006,Americas,14.15,43.305828,3.6413676,130.8118,Linear interpolation between WHO estimates,WHO estimate,WHO estimate
Costa Rica,CRI,2007,Americas,13.7,43.738831,3.7510568,122.67919,WHO estimate,WHO estimate,WHO estimate
Costa Rica,CRI,2008,Americas,13.266667,44.176788,3.8001075,116.28164,Linear interpolation between WHO estimates,WHO estimate,WHO estimate
Costa Rica,CRI,2009,Americas,12.833333,44.621571,3.6982865,114.91408,Linear interpolation between WHO estimates,WHO estimate,WHO estimate
Costa Rica,CRI,2010,Americas,12.4,45.070396,3.3180225,128.15616,WHO estimate,WHO estimate,WHO estimate
Costa Rica,CRI,2011,Americas,12.02,45.525196,3.2481021,118.67789,Linear interpolation between WHO estimates,WHO estimate,WHO estimate
Costa Rica,CRI,2012,Americas,11.64,45.984684,3.2062797,119.38208,Linear interpolation between WHO estimates,WHO estimate,WHO estimate
Costa Rica,CRI,2013,Americas,11.26,46.443993,3.0609657,110.57931,Linear interpolation between WHO estimates,WHO estimate,WHO estimate
Costa Rica,CRI,2014,Americas,10.88,46.900185,3.156424,113.70116,Linear interpolation between WHO estimates,WHO estimate,WHO estimate
Costa Rica,CRI,2015,Americas,10.5,47.353519,3.221336,104.17529,WHO estimate,WHO estimate,WHO estimate
Costa Rica,CRI,2016,Americas,10.2,47.810432,3.3897185,101.24894,Linear interpolation between WHO estimates,WHO estimate,WHO estimate
Costa Rica,CRI,2017,Americas,9.9,48.268009,3.2461599,98.8513,Linear interpolation between WHO estimates,WHO estimate,WHO estimate
Costa Rica,CRI,2018,Americas,9.6,48.724125,3.3130655,102.09066,Linear interpolation between WHO estimates,WHO estimate,WHO estimate
Costa Rica,CRI,2019,Americas,9.3,49.180626,3.1044046,109.81276,Linear interpolation between WHO estimates,WHO estimate,WHO estimate
Costa Rica,CRI,2020,Americas,9,49.639202,3.1758717,85.3978,WHO estimate,WHO estimate,WHO estimate
Costa Rica,CRI,2021,Americas,8.7,50.083614,3.4356351,99.07266,Linear interpolation between WHO estimates,WHO estimate,WHO estimate
Costa Rica,CRI,2022,Americas,8.4,50.516731,3.6538309,103.23353,WHO estimate,WHO estimate,WHO estimate
Croatia,HRV,2000,Europe,35.3,14.03074,9.0120839,418.54465,WHO estimate,WHO estimate,WHO estimate
Croatia,HRV,2001,Europe,35.22,14.646198,9.2025627,360.32635,Linear interpolation between WHO estimates,WHO estimate,WHO estimate
Croatia,HRV,2002,Europe,35.14,15.292061,8.8897389,355.3682,Linear interpolation between WHO estimates,WHO estimate,WHO estimate
Croatia,HRV,2003,Europe,35.06,15.954058,9.0140586,367.73395,Linear interpolation between WHO estimates,WHO estimate,WHO estimate
Croatia,HRV,2004,Europe,34.98,16.637917,8.8427914,311.26816,Linear interpolation between WHO estimates,WHO estimate,WHO estimate
Croatia,HRV,2005,Europe,34.9,17.344133,8.6480446,323.78583,WHO estimate,WHO estimate,WHO estimate
Croatia,HRV,2006,Europe,34.9,18.083563,8.8555262,308.35083,Linear interpolation between WHO estimates,WHO estimate,WHO estimate
Croatia,HRV,2007,Europe,34.9,18.85783,9.0797393,308.09537,WHO estimate,WHO estimate,WHO estimate
Croatia,HRV,2008,Europe,34.866667,19.652185,8.8621401,296.92084,Linear interpolation between WHO estimates,WHO estimate,WHO estimate
Croatia,HRV,2009,Europe,34.833333,20.472605,8.5169703,285.24414,Linear interpolation between WHO estimates,WHO estimate,WHO estimate
Croatia,HRV,2010,Europe,34.8,21.319605,8.2359972,273.45764,WHO estimate,WHO estimate,WHO estimate
Croatia,HRV,2011,Europe,34.76,22.186777,8.5048241,258.43024,Linear interpolation between WHO estimates,WHO estimate,WHO estimate
Croatia,HRV,2012,Europe,34.72,23.074497,8.2683231,252.61618,Linear interpolation between WHO estimates,WHO estimate,WHO estimate
Croatia,HRV,2013,Europe,34.68,23.985027,8.4047922,238.25114,Linear interpolation between WHO estimates,WHO estimate,WHO estimate
Croatia,HRV,2014,Europe,34.64,24.913208,8.1299369,231.17282,Linear interpolation between WHO estimates,WHO estimate,WHO estimate
Croatia,HRV,2015,Europe,34.6,25.842545,8.6501884,242.89713,WHO estimate,WHO estimate,WHO estimate
Croatia,HRV,2016,Europe,34.58,26.802046,8.7651722,214.64229,Linear interpolation between WHO estimates,WHO estimate,WHO estimate
Croatia,HRV,2017,Europe,34.56,27.802118,8.9418057,213.03223,Linear interpolation between WHO estimates,WHO estimate,WHO estimate
Croatia,HRV,2018,Europe,34.54,28.818739,9.2960558,194.58427,Linear interpolation between WHO estimates,WHO estimate,WHO estimate
Croatia,HRV,2019,Europe,34.52,29.864922,9.5521866,191.35922,Linear interpolation between WHO estimates,WHO estimate,WHO estimate
Croatia,HRV,2020,Europe,34.5,30.921423,8.2331182,193.4958,WHO estimate,WHO estimate,WHO estimate
Croatia,HRV,2021,Europe,34.5,31.969765,9.3412311,202.70038,Linear interpolation between WHO estimates,WHO estimate,WHO estimate
Cuba,CUB,2000,Americas,40.5,33.269508,3.9087999,225.66106,WHO estimate,WHO estimate,WHO estimate
Cuba,CUB,2001,Americas,39.04,34.595345,4.0279128,226.81714,Linear interpolation between WHO estimates,WHO estimate,WHO estimate
Cuba,CUB,2002,Americas,37.58,35.946091,4.0923165,203.88655,Linear interpolation between WHO estimates,WHO estimate,WHO estimate
Cuba,CUB,2003,Americas,36.12,37.311573,4.385988,208.50139,Linear interpolation between WHO estimates,WHO estimate,WHO estimate
Cuba,CUB,2004,Americas,34.66,38.68578,4.3901136,208.58325,Linear interpolation between WHO estimates,WHO estimate,WHO estimate
Cuba,CUB,2005,Americas,33.2,40.069191,4.4820644,217.06586,WHO estimate,WHO estimate,WHO estimate
Cuba,CUB,2006,Americas,31.95,41.466839,4.173277,199.5867,Linear interpolation between WHO estimates,WHO estimate,WHO estimate
Cuba,CUB,2007,Americas,30.7,42.876854,4.1316612,193.90698,WHO estimate,WHO estimate,WHO estimate
Cuba,CUB,2008,Americas,29.566667,44.290726,4.2676616,201.2191,Linear interpolation between WHO estimates,WHO estimate,WHO estimate
Cuba,CUB,2009,Americas,28.433333,45.708012,3.9915026,194.61469,Linear interpolation between WHO estimates,WHO estimate,WHO estimate
Cuba,CUB,2010,Americas,27.3,47.135387,4.1016784,202.49342,WHO estimate,WHO estimate,WHO estimate
Cuba,CUB,2011,Americas,26.34,48.567047,4.1481315,180.24068,Linear interpolation between WHO estimates,WHO estimate,WHO estimate
Cuba,CUB,2012,Americas,25.38,50.002354,4.1457671,179.08131,Linear interpolation between WHO estimates,WHO estimate,WHO estimate
Cuba,CUB,2013,Americas,24.42,51.444107,4.1979352,177.95169,Linear interpolation between WHO estimates,WHO estimate,WHO estimate
Cuba,CUB,2014,Americas,23.46,52.880341,4.3853661,181.84674,Linear interpolation between WHO estimates,WHO estimate,WHO estimate
Cuba,CUB,2015,Americas,22.5,54.306801,4.5197411,181.1167,WHO estimate,WHO estimate,WHO estimate
Cuba,CUB,2016,Americas,21.72,55.721451,4.4465612,175.76997,Linear interpolation between WHO estimates,WHO estimate,WHO estimate
Cuba,CUB,2017,Americas,20.94,57.117619,4.5623413,188.82724,Linear interpolation between WHO estimates,WHO estimate,WHO estimate
Cuba,CUB,2018,Americas,20.16,58.491222,4.6437935,179.1055,Linear interpolation between WHO estimates,WHO estimate,WHO estimate
Cuba,CUB,2019,Americas,19.38,59.849804,4.6694109,181.30461,Linear interpolation between WHO estimates,WHO estimate,WHO estimate
Cuba,CUB,2020,Americas,18.6,61.196922,4.040746,192.6597,WHO estimate,WHO estimate,WHO estimate
Cuba,CUB,2021,Americas,17.95,62.49482,3.9728172,263.82138,Linear interpolation between WHO estimates,WHO estimate,WHO estimate
Cyprus,CYP,2000,Europe,40,42.824505,5.6966468,177.823,WHO estimate,WHO estimate,WHO estimate
Cyprus,CYP,2004,Europe,38.56,43.000027,5.9049539,171.24675,Linear interpolation between WHO estimates,WHO estimate,WHO estimate
Cyprus,CYP,2005,Europe,38.2,43.015739,5.3668936,174.50798,WHO estimate,WHO estimate,WHO estimate
Cyprus,CYP,2006,Europe,37.85,43.01413,5.2410602,161.97072,Linear interpolation between WHO estimates,WHO estimate,WHO estimate
Cyprus,CYP,2007,Europe,37.5,42.997189,5.3313673,159.99689,WHO estimate,WHO estimate,WHO estimate
Cyprus,CYP,2008,Europe,37.133333,42.965393,5.5323276,150.01004,Linear interpolation between WHO estimates,WHO estimate,WHO estimate
Cyprus,CYP,2009,Europe,36.766667,42.91877,5.2360759,137.87968,Linear interpolation between WHO estimates,WHO estimate,WHO estimate
Cyprus,CYP,2010,Europe,36.4,42.860962,5.2374584,133.20065,WHO estimate,WHO estimate,WHO estimate
Cyprus,CYP,2011,Europe,36.08,42.806931,5.1082509,141.3397,Linear interpolation between WHO estimates,WHO estimate,WHO estimate
Cyprus,CYP,2012,Europe,35.76,42.762169,5.0301085,135.17795,Linear interpolation between WHO estimates,WHO estimate,WHO estimate
Cyprus,CYP,2013,Europe,35.44,42.726509,4.4324772,118.38519,Linear interpolation between WHO estimates,WHO estimate,WHO estimate
Cyprus,CYP,2014,Europe,35.12,42.705872,4.5804928,122.02325,Linear interpolation between WHO estimates,WHO estimate,WHO estimate
Cyprus,CYP,2015,Europe,34.8,42.702423,4.5914884,126.29488,WHO estimate,WHO estimate,WHO estimate
Cyprus,CYP,2016,Europe,34.56,42.714497,4.7236107,107.33781,Linear interpolation between WHO estimates,WHO estimate,WHO estimate
Cyprus,CYP,2017,Europe,34.32,42.740288,4.8836234,112.09315,Linear interpolation between WHO estimates,WHO estimate,WHO estimate
Cyprus,CYP,2018,Europe,34.08,42.774288,4.9332312,97.42582,Linear interpolation between WHO estimates,WHO estimate,WHO estimate
Cyprus,CYP,2019,Europe,33.84,42.812263,4.6938411,93.192215,Linear interpolation between WHO estimates,WHO estimate,WHO estimate
Cyprus,CYP,2020,Europe,33.6,42.861073,3.2976318,96.89648,WHO estimate,WHO estimate,WHO estimate
Cyprus,CYP,2021,Europe,33.2,42.915024,3.7900276,96.00899,Linear interpolation between WHO estimates,WHO estimate,WHO estimate
Cyprus,CYP,2022,Europe,32.8,42.964199,4.1405474,94.119835,WHO estimate,WHO estimate,WHO estimate
Czechia,CZE,2000,Europe,34.7,25.570648,13.943256,342.27258,WHO estimate,WHO estimate,WHO estimate
Czechia,CZE,2001,Europe,34.42,25.500185,13.70062,336.5012,Linear interpolation between WHO estimates,WHO estimate,WHO estimate
Czechia,CZE,2002,Europe,34.14,25.442324,13.83044,335.61566,Linear interpolation between WHO estimates,WHO estimate,WHO estimate
Czechia,CZE,2003,Europe,33.86,25.398163,13.918849,338.78726,Linear interpolation between WHO estimates,WHO estimate,WHO estimate
Czechia,CZE,2004,Europe,33.58,25.373253,13.459841,316.61298,Linear interpolation between WHO estimates,WHO estimate,WHO estimate
Czechia,CZE,2005,Europe,33.3,25.359015,13.689695,307.7241,WHO estimate,WHO estimate,WHO estimate
Czechia,CZE,2006,Europe,33,25.36352,13.591429,284.18994,Linear interpolation between WHO estimates,WHO estimate,WHO estimate
Czechia,CZE,2007,Europe,32.7,25.392839,13.839879,272.68494,WHO estimate,WHO estimate,WHO estimate
Czechia,CZE,2008,Europe,32.433333,25.431072,13.665719,261.88007,Linear interpolation between WHO estimates,WHO estimate,WHO estimate
Czechia,CZE,2009,Europe,32.166667,25.473991,13.470453,262.1858,Linear interpolation between WHO estimates,WHO estimate,WHO estimate
Czechia,CZE,2010,Europe,31.9,25.532839,12.738712,253.08017,WHO estimate,WHO estimate,WHO estimate
Czechia,CZE,2011,Europe,31.64,25.610569,12.631122,243.75755,Linear interpolation between WHO estimates,WHO estimate,WHO estimate
Czechia,CZE,2012,Europe,31.38,25.701977,12.904661,238.45242,Linear interpolation between WHO estimates,WHO estimate,WHO estimate
Czechia,CZE,2013,Europe,31.12,25.813692,12.619614,227.14525,Linear interpolation between WHO estimates,WHO estimate,WHO estimate
Czechia,CZE,2014,Europe,30.86,25.948545,12.838094,208.39964,Linear interpolation between WHO estimates,WHO estimate,WHO estimate
Czechia,CZE,2015,Europe,30.6,26.089033,12.855498,213.09843,WHO estimate,WHO estimate,WHO estimate
Czechia,CZE,2016,Europe,30.34,26.238781,13.04235,195.02919,Linear interpolation between WHO estimates,WHO estimate,WHO estimate
Czechia,CZE,2017,Europe,30.08,26.405466,12.869424,197.51462,Linear interpolation between WHO estimates,WHO estimate,WHO estimate
Czechia,CZE,2018,Europe,29.82,26.564812,13.127033,191.01944,Linear interpolation between WHO estimates,WHO estimate,WHO estimate
Czechia,CZE,2019,Europe,29.56,26.711065,13.219384,182.1192,Linear interpolation between WHO estimates,WHO estimate,WHO estimate
Czechia,CZE,2020,Europe,29.3,26.854658,12.82424,190.07057,WHO estimate,WHO estimate,WHO estimate
Czechia,CZE,2021,Europe,29.05,27.000343,12.81051,182.69455,Linear interpolation between WHO estimates,WHO estimate,WHO estimate
Czechia,CZE,2022,Europe,28.8,27.129742,12.877696,172.5478,WHO estimate,WHO estimate,WHO estimate
Czechia,CZE,2023,Europe,28.5,,12.661554,159.7214,WHO estimate,No WHO estimate,WHO estimate
Denmark,DNK,2000,Europe,38.3,28.6071,11.739228,183.12325,WHO estimate,WHO estimate,WHO estimate
Denmark,DNK,2001,Europe,37,27.912798,11.607201,184.06049,Linear interpolation between WHO estimates,WHO estimate,WHO estimate
Denmark,DNK,2002,Europe,35.7,27.214094,11.385518,178.67288,Linear interpolation between WHO estimates,WHO estimate,WHO estimate
Denmark,DNK,2003,Europe,34.4,26.514221,11.602494,172.57683,Linear interpolation between WHO estimates,WHO estimate,WHO estimate
Denmark,DNK,2004,Europe,33.1,25.820578,11.341547,160.3947,Linear interpolation between WHO estimates,WHO estimate,WHO estimate
Denmark,DNK,2005,Europe,31.8,25.130146,11.339925,149.4766,WHO estimate,WHO estimate,WHO estimate
Denmark,DNK,2006,Europe,30.7,24.43432,11.034931,142.48097,Linear interpolation between WHO estimates,WHO estimate,WHO estimate
Denmark,DNK,2007,Europe,29.6,23.725668,11.010918,132.15442,WHO estimate,WHO estimate,WHO estimate
Denmark,DNK,2008,Europe,28.533333,23.006378,10.714015,122.05984,Linear interpolation between WHO estimates,WHO estimate,WHO estimate
Denmark,DNK,2009,Europe,27.466667,22.27631,10.090094,117.38041,Linear interpolation between WHO estimates,WHO estimate,WHO estimate
Denmark,DNK,2010,Europe,26.4,21.542408,10.285775,113.5158,WHO estimate,WHO estimate,WHO estimate
Denmark,DNK,2011,Europe,25.52,20.817131,10.472044,102.05643,Linear interpolation between WHO estimates,WHO estimate,WHO estimate
Denmark,DNK,2012,Europe,24.64,20.111149,9.2615641,99.66162,Linear interpolation between WHO estimates,WHO estimate,WHO estimate
Denmark,DNK,2013,Europe,23.76,19.432541,9.4803708,95.17665,Linear interpolation between WHO estimates,WHO estimate,WHO estimate
Denmark,DNK,2014,Europe,22.88,18.786415,9.5984339,89.047035,Linear interpolation between WHO estimates,WHO estimate,WHO estimate
Denmark,DNK,2015,Europe,22,18.174908,9.4355175,90.36159,WHO estimate,WHO estimate,WHO estimate
Denmark,DNK,2016,Europe,21.24,17.596165,9.5034866,90.24752,Linear interpolation between WHO estimates,WHO estimate,WHO estimate
Denmark,DNK,2017,Europe,20.48,17.040676,9.2672482,86.14533,Linear interpolation between WHO estimates,WHO estimate,WHO estimate
Denmark,DNK,2018,Europe,19.72,16.49502,9.3432172,82.2612,Linear interpolation between WHO estimates,WHO estimate,WHO estimate
Denmark,DNK,2019,Europe,18.96,15.962824,9.1775136,77.142006,Linear interpolation between WHO estimates,WHO estimate,WHO estimate
Denmark,DNK,2020,Europe,18.2,15.451982,9.3632383,74.201675,WHO estimate,WHO estimate,WHO estimate
Denmark,DNK,2021,Europe,17.6,14.953945,10.056537,72.90937,Linear interpolation between WHO estimates,WHO estimate,WHO estimate
Denmark,DNK,2022,Europe,17,14.482859,9.3781858,75.263824,WHO estimate,WHO estimate,WHO estimate
Dominican Republic,DOM,2000,Americas,,26.108984,5.3073919,135.3624,No WHO estimate,WHO estimate,WHO estimate
Dominican Republic,DOM,2001,Americas,,26.553341,4.9715895,138.19969,No WHO estimate,WHO estimate,WHO estimate
Dominican Republic,DOM,2002,Americas,,26.989624,5.2686828,136.22649,No WHO estimate,WHO estimate,WHO estimate
Dominican Republic,DOM,2003,Americas,,27.418545,5.1620333,150.62376,No WHO estimate,WHO estimate,WHO estimate
Dominican Republic,DOM,2004,Americas,,27.85309,4.209833,159.26753,No WHO estimate,WHO estimate,WHO estimate
Dominican Republic,DOM,2005,Americas,,28.294199,4.6244009,155.57599,No WHO estimate,WHO estimate,WHO estimate
Dominican Republic,DOM,2006,Americas,,28.742022,4.7532148,126.10973,No WHO estimate,WHO estimate,WHO estimate
Dominican Republic,DOM,2007,Americas,,29.195332,4.7751414,126.63742,No WHO estimate,WHO estimate,WHO estimate
Dominican Republic,DOM,2008,Americas,,29.652634,4.776076,128.44446,No WHO estimate,WHO estimate,WHO estimate
Dominican Republic,DOM,2009,Americas,,30.112085,4.3916069,127.32381,No WHO estimate,WHO estimate,WHO estimate
Dominican Republic,DOM,2010,Americas,,30.574474,4.6341489,142.70337,No WHO estimate,WHO estimate,WHO estimate
Dominican Republic,DOM,2011,Americas,,31.042439,4.5493715,145.12502,No WHO estimate,WHO estimate,WHO estimate
Dominican Republic,DOM,2012,Americas,,31.516108,4.4009151,152.04195,No WHO estimate,WHO estimate,WHO estimate
Dominican Republic,DOM,2013,Americas,,31.998211,3.9974062,144.03993,No WHO estimate,WHO estimate,WHO estimate
Dominican Republic,DOM,2014,Americas,,32.491951,4.0364441,134.81049,No WHO estimate,WHO estimate,WHO estimate
Dominican Republic,DOM,2015,Americas,,32.997303,3.9752239,125.72465,No WHO estimate,WHO estimate,WHO estimate
Dominican Republic,DOM,2016,Americas,,33.513706,3.7660718,126.50275,No WHO estimate,WHO estimate,WHO estimate
Dominican Republic,DOM,2017,Americas,,34.039459,3.7388914,121.8079,No WHO estimate,WHO estimate,WHO estimate
Dominican Republic,DOM,2018,Americas,,34.572788,3.9471361,128.6926,No WHO estimate,WHO estimate,WHO estimate
Ecuador,ECU,2000,Americas,14.1,20.721432,3.8989215,151.84665,WHO estimate,WHO estimate,WHO estimate
Ecuador,ECU,2001,Americas,13.9,20.686474,4.0513423,144.5497,Linear interpolation between WHO estimates,WHO estimate,WHO estimate
Ecuador,ECU,2002,Americas,13.7,20.656916,3.8388121,144.33179,Linear interpolation between WHO estimates,WHO estimate,WHO estimate
Ecuador,ECU,2003,Americas,13.5,20.63464,3.888072,135.48927,Linear interpolation between WHO estimates,WHO estimate,WHO estimate
Ecuador,ECU,2004,Americas,13.3,20.621325,3.9762444,126.07738,Linear interpolation between WHO estimates,WHO estimate,WHO estimate
Ecuador,ECU,2005,Americas,13.1,20.617958,3.7599324,128.51773,WHO estimate,WHO estimate,WHO estimate
Ecuador,ECU,2006,Americas,12.9,20.626297,3.7285305,127.83986,Linear interpolation between WHO estimates,WHO estimate,WHO estimate
Ecuador,ECU,2007,Americas,12.7,20.648237,3.8145708,123.99479,WHO estimate,WHO estimate,WHO estimate
Ecuador,ECU,2008,Americas,12.5,20.686907,3.9262261,124.04325,Linear interpolation between WHO estimates,WHO estimate,WHO estimate
Ecuador,ECU,2009,Americas,12.3,20.742567,3.992312,112.37742,Linear interpolation between WHO estimates,WHO estimate,WHO estimate
Ecuador,ECU,2010,Americas,12.1,20.813452,4.0573899,112.98846,WHO estimate,WHO estimate,WHO estimate
Ecuador,ECU,2011,Americas,11.94,20.89846,4.175403,109.16169,Linear interpolation between WHO estimates,WHO estimate,WHO estimate
Ecuador,ECU,2012,Americas,11.78,20.995544,4.083974,110.94924,Linear interpolation between WHO estimates,WHO estimate,WHO estimate
Ecuador,ECU,2013,Americas,11.62,21.102316,3.9375317,107.53527,Linear interpolation between WHO estimates,WHO estimate,WHO estimate
Ecuador,ECU,2014,Americas,11.46,21.218887,3.9639641,103.9668,Linear interpolation between WHO estimates,WHO estimate,WHO estimate
Ecuador,ECU,2015,Americas,11.3,21.345797,3.8491851,104.44651,WHO estimate,WHO estimate,WHO estimate
Ecuador,ECU,2016,Americas,11.18,21.4835,3.3083736,110.30145,Linear interpolation between WHO estimates,WHO estimate,WHO estimate
Ecuador,ECU,2017,Americas,11.06,21.631702,3.0399837,112.29959,Linear interpolation between WHO estimates,WHO estimate,WHO estimate
Ecuador,ECU,2018,Americas,10.94,21.784365,3.1456148,113.49277,Linear interpolation between WHO estimates,WHO estimate,WHO estimate
Ecuador,ECU,2019,Americas,10.82,21.953804,3.1266001,112.82131,Linear interpolation between WHO estimates,WHO estimate,WHO estimate
Ecuador,ECU,2020,Americas,10.7,22.130301,2.3632066,167.46765,WHO estimate,WHO estimate,WHO estimate
Ecuador,ECU,2021,Americas,10.55,22.312134,2.5172743,138.85449,Linear interpolation between WHO estimates,WHO estimate,WHO estimate
Ecuador,ECU,2022,Americas,10.4,22.534657,2.9433386,134.66649,WHO estimate,WHO estimate,WHO estimate
Egypt,EGY,2000,Eastern Mediterranean,19.7,28.921806,0.10543653,343.8625,WHO estimate,WHO estimate,WHO estimate
Egypt,EGY,2001,Eastern Mediterranean,19.84,29.046667,0.094089514,370.43494,Linear interpolation between WHO estimates,WHO estimate,WHO estimate
Egypt,EGY,2002,Eastern Mediterranean,19.98,29.16831,0.10170678,388.4109,Linear interpolation between WHO estimates,WHO estimate,WHO estimate
Egypt,EGY,2003,Eastern Mediterranean,20.12,29.282555,0.10314525,398.87482,Linear interpolation between WHO estimates,WHO estimate,WHO estimate
Egypt,EGY,2004,Eastern Mediterranean,20.26,29.395103,0.10922164,410.57364,Linear interpolation between WHO estimates,WHO estimate,WHO estimate
Egypt,EGY,2005,Eastern Mediterranean,20.4,29.509214,0.11522124,415.0234,WHO estimate,WHO estimate,WHO estimate
Egypt,EGY,2006,Eastern Mediterranean,20.6,29.628199,0.12018549,415.83582,Linear interpolation between WHO estimates,WHO estimate,WHO estimate
Egypt,EGY,2007,Eastern Mediterranean,20.8,29.753941,0.12996263,408.6981,WHO estimate,WHO estimate,WHO estimate
Egypt,EGY,2008,Eastern Mediterranean,21.033333,29.886181,0.14071036,413.64447,Linear interpolation between WHO estimates,WHO estimate,WHO estimate
Egypt,EGY,2009,Eastern Mediterranean,21.266667,30.024353,0.12957445,420.17242,Linear interpolation between WHO estimates,WHO estimate,WHO estimate
Egypt,EGY,2010,Eastern Mediterranean,21.5,30.165989,0.14951936,422.1846,WHO estimate,WHO estimate,WHO estimate
Egypt,EGY,2011,Eastern Mediterranean,21.72,30.308359,0.13798622,402.42648,Linear interpolation between WHO estimates,WHO estimate,WHO estimate
Egypt,EGY,2012,Eastern Mediterranean,21.94,30.458958,0.144996,431.08328,Linear interpolation between WHO estimates,WHO estimate,WHO estimate
Egypt,EGY,2013,Eastern Mediterranean,22.16,30.61997,0.14018788,375.15604,Linear interpolation between WHO estimates,WHO estimate,WHO estimate
Egypt,EGY,2014,Eastern Mediterranean,22.38,30.795681,0.14360917,525.55804,Linear interpolation between WHO estimates,WHO estimate,WHO estimate
Egypt,EGY,2015,Eastern Mediterranean,22.6,30.98863,0.13409398,456.01837,WHO estimate,WHO estimate,WHO estimate
Egypt,EGY,2016,Eastern Mediterranean,22.86,31.194771,0.10420211,421.99384,Linear interpolation between WHO estimates,WHO estimate,WHO estimate
Egypt,EGY,2017,Eastern Mediterranean,23.12,31.402657,0.10040037,422.62415,Linear interpolation between WHO estimates,WHO estimate,WHO estimate
Egypt,EGY,2018,Eastern Mediterranean,23.38,31.602833,0.1086802,445.49695,Linear interpolation between WHO estimates,WHO estimate,WHO estimate
Egypt,EGY,2019,Eastern Mediterranean,23.64,31.795317,0.10477771,459.27567,Linear interpolation between WHO estimates,WHO estimate,WHO estimate
El Salvador,SLV,2000,Americas,15.3,28.951498,2.6311482,154.4828,WHO estimate,WHO estimate,WHO estimate
El Salvador,SLV,2001,Americas,14.92,29.426939,2.747443,147.80168,Linear interpolation between WHO estimates,WHO estimate,WHO estimate
El Salvador,SLV,2002,Americas,14.54,29.91272,2.8377979,136.93172,Linear interpolation between WHO estimates,WHO estimate,WHO estimate
El Salvador,SLV,2003,Americas,14.16,30.406248,2.9058145,137.79686,Linear interpolation between WHO estimates,WHO estimate,WHO estimate
El Salvador,SLV,2004,Americas,13.78,30.90538,2.7923707,130.76103,Linear interpolation between WHO estimates,WHO estimate,WHO estimate
El Salvador,SLV,2005,Americas,13.4,31.412315,2.6948519,128.42879,WHO estimate,WHO estimate,WHO estimate
El Salvador,SLV,2006,Americas,13,31.927389,2.7081759,127.23934,Linear interpolation between WHO estimates,WHO estimate,WHO estimate
El Salvador,SLV,2007,Americas,12.6,32.389027,2.7829257,115.76989,WHO estimate,WHO estimate,WHO estimate
El Salvador,SLV,2008,Americas,12.3,32.796539,2.6441034,118.56806,Linear interpolation between WHO estimates,WHO estimate,WHO estimate
El Salvador,SLV,2009,Americas,12,33.20792,2.5275012,118.0668,Linear interpolation between WHO estimates,WHO estimate,WHO estimate
El Salvador,SLV,2010,Americas,11.7,33.621086,2.3381569,116.83455,WHO estimate,WHO estimate,WHO estimate
El Salvador,SLV,2011,Americas,11.42,34.033741,2.3549737,115.87059,Linear interpolation between WHO estimates,WHO estimate,WHO estimate
El Salvador,SLV,2012,Americas,11.14,34.439976,2.462505,101.47315,Linear interpolation between WHO estimates,WHO estimate,WHO estimate
El Salvador,SLV,2013,Americas,10.86,34.837578,2.3972735,96.00634,Linear interpolation between WHO estimates,WHO estimate,WHO estimate
El Salvador,SLV,2014,Americas,10.58,35.237362,2.5089766,97.9766,Linear interpolation between WHO estimates,WHO estimate,WHO estimate
El Salvador,SLV,2015,Americas,10.3,35.654369,2.6022873,144.93712,WHO estimate,WHO estimate,WHO estimate
El Salvador,SLV,2016,Americas,10.04,36.095997,2.7078917,120.03221,Linear interpolation between WHO estimates,WHO estimate,WHO estimate
El Salvador,SLV,2017,Americas,9.78,36.561516,2.8879834,149.79337,Linear interpolation between WHO estimates,WHO estimate,WHO estimate
El Salvador,SLV,2018,Americas,9.52,37.041901,3.0258071,116.26953,Linear interpolation between WHO estimates,WHO estimate,WHO estimate
Estonia,EST,2000,Europe,47.8,13.694918,9.05,418.51855,WHO estimate,WHO estimate,WHO estimate
Estonia,EST,2001,Europe,46.64,13.970536,10.2,412.61246,Linear interpolation between WHO estimates,WHO estimate,WHO estimate
Estonia,EST,2002,Europe,45.48,14.254017,11.37,411.14386,Linear interpolation between WHO estimates,WHO estimate,WHO estimate
Estonia,EST,2003,Europe,44.32,14.519008,11.69,403.63034,Linear interpolation between WHO estimates,WHO estimate,WHO estimate
Estonia,EST,2004,Europe,43.16,14.770286,15.07,377.1333,Linear interpolation between WHO estimates,WHO estimate,WHO estimate
Estonia,EST,2005,Europe,42,15.028107,15.53,364.5939,WHO estimate,WHO estimate,WHO estimate
Estonia,EST,2006,Europe,41,15.303185,16.58,356.51855,Linear interpolation between WHO estimates,WHO estimate,WHO estimate
Estonia,EST,2007,Europe,40,15.589187,17.91,341.78543,WHO estimate,WHO estimate,WHO estimate
Estonia,EST,2008,Europe,39.033333,15.872341,17,332.69943,Linear interpolation between WHO estimates,WHO estimate,WHO estimate
Estonia,EST,2009,Europe,38.066667,16.149513,15.04,311.14386,Linear interpolation between WHO estimates,WHO estimate,WHO estimate
Estonia,EST,2010,Europe,37.1,16.418949,14.97,299.7598,WHO estimate,WHO estimate,WHO estimate
Estonia,EST,2011,Europe,36.2,16.696602,16.26,270.76248,Linear interpolation between WHO estimates,WHO estimate,WHO estimate
Estonia,EST,2012,Europe,35.3,16.973282,16.96,266.76788,Linear interpolation between WHO estimates,WHO estimate,WHO estimate
Estonia,EST,2013,Europe,34.4,17.215046,17.94,257.8074,Linear interpolation between WHO estimates,WHO estimate,WHO estimate
Estonia,EST,2014,Europe,33.5,17.43774,17.29,249.62689,Linear interpolation between WHO estimates,WHO estimate,WHO estimate
Estonia,EST,2015,Europe,32.6,17.655409,16.6,234.79692,WHO estimate,WHO estimate,WHO estimate
Estonia,EST,2016,Europe,31.86,17.893398,15.76,228.69485,Linear interpolation between WHO estimates,WHO estimate,WHO estimate
Estonia,EST,2017,Europe,31.12,18.160776,13.24,220.38667,Linear interpolation between WHO estimates,WHO estimate,WHO estimate
Estonia,EST,2018,Europe,30.38,18.42717,10.72,214.42567,Linear interpolation between WHO estimates,WHO estimate,WHO estimate
Estonia,EST,2019,Europe,29.64,18.703485,11.5,203.89206,Linear interpolation between WHO estimates,WHO estimate,WHO estimate
Estonia,EST,2020,Europe,28.9,18.982527,11.13,200.67957,WHO estimate,WHO estimate,WHO estimate
Estonia,EST,2021,Europe,28.2,19.235281,11.74,211.18497,Linear interpolation between WHO estimates,WHO estimate,WHO estimate
Estonia,EST,2022,Europe,27.5,19.495741,12.82,198.76707,WHO estimate,WHO estimate,WHO estimate
Fiji,FJI,2001,Western Pacific,34.44,21.936213,1.7111805,712.7391,Linear interpolation between WHO estimates,WHO estimate,WHO estimate
Fiji,FJI,2002,Western Pacific,33.98,21.374886,1.7601537,594.2188,Linear interpolation between WHO estimates,WHO estimate,WHO estimate
Fiji,FJI,2003,Western Pacific,33.52,20.838377,1.581315,588.29767,Linear interpolation between WHO estimates,WHO estimate,WHO estimate
Fiji,FJI,2004,Western Pacific,33.06,20.329111,2.0559919,512.16254,Linear interpolation between WHO estimates,WHO estimate,WHO estimate
Fiji,FJI,2005,Western Pacific,32.6,19.844751,2.028771,546.7559,WHO estimate,WHO estimate,WHO estimate
Fiji,FJI,2006,Western Pacific,32.2,19.384975,2.0372646,470.9208,Linear interpolation between WHO estimates,WHO estimate,WHO estimate
Fiji,FJI,2007,Western Pacific,31.8,18.948673,2.4274074,419.18555,WHO estimate,WHO estimate,WHO estimate
Fiji,FJI,2008,Western Pacific,31.4,18.532539,2.37715,417.51755,Linear interpolation between WHO estimates,WHO estimate,WHO estimate
Fiji,FJI,2009,Western Pacific,31,18.137383,1.9844027,506.37152,Linear interpolation between WHO estimates,WHO estimate,WHO estimate
Fiji,FJI,2011,Western Pacific,30.22,17.396561,1.8210318,449.4886,Linear interpolation between WHO estimates,WHO estimate,WHO estimate
Fiji,FJI,2012,Western Pacific,29.84,17.060757,1.9168753,409.63254,Linear interpolation between WHO estimates,WHO estimate,WHO estimate
Finland,FIN,2000,Europe,39,29.535353,8.64,216.72484,WHO estimate,WHO estimate,WHO estimate
Finland,FIN,2001,Europe,38.08,28.539053,8.94,204.01494,Linear interpolation between WHO estimates,WHO estimate,WHO estimate
Finland,FIN,2002,Europe,37.16,27.540689,9.25,202.93417,Linear interpolation between WHO estimates,WHO estimate,WHO estimate
Finland,FIN,2003,Europe,36.24,26.537266,9.31,195.67595,Linear interpolation between WHO estimates,WHO estimate,WHO estimate
Finland,FIN,2004,Europe,35.32,25.563028,9.89,183.5047,Linear interpolation between WHO estimates,WHO estimate,WHO estimate
Finland,FIN,2005,Europe,34.4,24.6271,9.96,177.1626,WHO estimate,WHO estimate,WHO estimate
Finland,FIN,2006,Europe,33.6,23.719679,10.14,172.63411,Linear interpolation between WHO estimates,WHO estimate,WHO estimate
Finland,FIN,2007,Europe,32.8,22.825855,10.45,169.939,WHO estimate,WHO estimate,WHO estimate
Finland,FIN,2008,Europe,31.966667,21.945028,10.26,164.55388,Linear interpolation between WHO estimates,WHO estimate,WHO estimate
Finland,FIN,2009,Europe,31.133333,21.078806,9.95,160.57681,Linear interpolation between WHO estimates,WHO estimate,WHO estimate
Finland,FIN,2010,Europe,30.3,20.212715,9.72,156.82567,WHO estimate,WHO estimate,WHO estimate
Finland,FIN,2011,Europe,29.6,19.367311,9.81,149.4482,Linear interpolation between WHO estimates,WHO estimate,WHO estimate
Finland,FIN,2012,Europe,28.9,18.534233,9.27,145.75644,Linear interpolation between WHO estimates,WHO estimate,WHO estimate
Finland,FIN,2013,Europe,28.2,17.713852,9.07,137.10394,Linear interpolation between WHO estimates,WHO estimate,WHO estimate
Finland,FIN,2014,Europe,27.5,16.934843,8.75,133.01434,Linear interpolation between WHO estimates,WHO estimate,WHO estimate
Finland,FIN,2015,Europe,26.8,16.205872,8.51,128.76431,WHO estimate,WHO estimate,WHO estimate
Finland,FIN,2016,Europe,26.18,15.526578,8.43,127.27719,Linear interpolation between WHO estimates,WHO estimate,WHO estimate
Finland,FIN,2017,Europe,25.56,14.881556,8.37,121.44699,Linear interpolation between WHO estimates,WHO estimate,WHO estimate
Finland,FIN,2018,Europe,24.94,14.267119,8.37,117.55106,Linear interpolation between WHO estimates,WHO estimate,WHO estimate
Finland,FIN,2019,Europe,24.32,13.677118,8.16,111.60654,Linear interpolation between WHO estimates,WHO estimate,WHO estimate
Finland,FIN,2020,Europe,23.7,13.098433,8.19,111.13455,WHO estimate,WHO estimate,WHO estimate
Finland,FIN,2021,Europe,23.05,12.543572,8.13,109.57672,Linear interpolation between WHO estimates,WHO estimate,WHO estimate
Finland,FIN,2022,Europe,22.4,12.0079,7.62,112.86014,WHO estimate,WHO estimate,WHO estimate
France,FRA,2000,Europe,34.5,41.376041,13.92,123.24474,WHO estimate,WHO estimate,WHO estimate
France,FRA,2001,Europe,34.44,40.859348,14.15,120.39696,Linear interpolation between WHO estimates,WHO estimate,WHO estimate
France,FRA,2002,Europe,34.38,40.325104,13.92,117.75436,Linear interpolation between WHO estimates,WHO estimate,WHO estimate
France,FRA,2003,Europe,34.32,39.768166,13.45,117.48878,Linear interpolation between WHO estimates,WHO estimate,WHO estimate
France,FRA,2004,Europe,34.26,39.197067,13.14,106.60366,Linear interpolation between WHO estimates,WHO estimate,WHO estimate
France,FRA,2005,Europe,34.2,38.606228,12.86,104.80716,WHO estimate,WHO estimate,WHO estimate
France,FRA,2006,Europe,34.2,37.998234,13.12,97.508545,Linear interpolation between WHO estimates,WHO estimate,WHO estimate
France,FRA,2007,Europe,34.2,37.381645,12.89,93.52184,WHO estimate,WHO estimate,WHO estimate
France,FRA,2008,Europe,34.133333,36.741016,12.47,91.38275,Linear interpolation between WHO estimates,WHO estimate,WHO estimate
France,FRA,2009,Europe,34.066667,36.075191,12.6,87.338234,Linear interpolation between WHO estimates,WHO estimate,WHO estimate
France,FRA,2010,Europe,34,35.385521,12.33,83.51001,WHO estimate,WHO estimate,WHO estimate
France,FRA,2011,Europe,33.94,34.674736,12.37,78.52397,Linear interpolation between WHO estimates,WHO estimate,WHO estimate
France,FRA,2012,Europe,33.88,33.94952,12.24,77.15069,Linear interpolation between WHO estimates,WHO estimate,WHO estimate
France,FRA,2013,Europe,33.82,33.2197,11.64,74.093636,Linear interpolation between WHO estimates,WHO estimate,WHO estimate
France,FRA,2014,Europe,33.76,32.497971,11.97,70.93563,Linear interpolation between WHO estimates,WHO estimate,WHO estimate
France,FRA,2015,Europe,33.7,31.776228,11.87,71.84106,WHO estimate,WHO estimate,WHO estimate
France,FRA,2016,Europe,33.72,31.072039,11.74,69.30401,Linear interpolation between WHO estimates,WHO estimate,WHO estimate
France,FRA,2017,Europe,33.74,30.397343,11.69,68.016174,Linear interpolation between WHO estimates,WHO estimate,WHO estimate
France,FRA,2018,Europe,33.76,29.730797,11.56,66.98589,Linear interpolation between WHO estimates,WHO estimate,WHO estimate
France,FRA,2019,Europe,33.78,29.073589,11.44,63.408577,Linear interpolation between WHO estimates,WHO estimate,WHO estimate
France,FRA,2020,Europe,33.8,28.41127,10.39,61.39927,WHO estimate,WHO estimate,WHO estimate
France,FRA,2021,Europe,33.75,27.745005,10.56,62.00982,Linear interpolation between WHO estimates,WHO estimate,WHO estimate
France,FRA,2022,Europe,33.7,27.103693,10.76,62.61863,WHO estimate,WHO estimate,WHO estimate
French Guiana,GUF,2001,Unknown,,,,141.00256,No WHO estimate,No WHO estimate,No WHO estimate
French Guiana,GUF,2002,Unknown,,,,162.16183,No WHO estimate,No WHO estimate,No WHO estimate
French Guiana,GUF,2003,Unknown,,,,169.10321,No WHO estimate,No WHO estimate,No WHO estimate
French Guiana,GUF,2004,Unknown,,,,125.06635,No WHO estimate,No WHO estimate,No WHO estimate
French Guiana,GUF,2005,Unknown,,,,143.75662,No WHO estimate,No WHO estimate,No WHO estimate
French Guiana,GUF,2006,Unknown,,,,113.95146,No WHO estimate,No WHO estimate,No WHO estimate
French Guiana,GUF,2007,Unknown,,,,114.20348,No WHO estimate,No WHO estimate,No WHO estimate
French Guiana,GUF,2008,Unknown,,,,128.53722,No WHO estimate,No WHO estimate,No WHO estimate
French Guiana,GUF,2009,Unknown,,,,105.16384,No WHO estimate,No WHO estimate,No WHO estimate
French Guiana,GUF,2010,Unknown,,,,101.55939,No WHO estimate,No WHO estimate,No WHO estimate
French Guiana,GUF,2011,Unknown,,,,84.60175,No WHO estimate,No WHO estimate,No WHO estimate
French Guiana,GUF,2012,Unknown,,,,101.65897,No WHO estimate,No WHO estimate,No WHO estimate
French Guiana,GUF,2013,Unknown,,,,89.23487,No WHO estimate,No WHO estimate,No WHO estimate
French Guiana,GUF,2014,Unknown,,,,96.01704,No WHO estimate,No WHO estimate,No WHO estimate
French Guiana,GUF,2015,Unknown,,,,118.68703,No WHO estimate,No WHO estimate,No WHO estimate
French Guiana,GUF,2016,Unknown,,,,123.29266,No WHO estimate,No WHO estimate,No WHO estimate
Georgia,GEO,2000,Europe,35.4,16.295366,4.5961025,508.78705,WHO estimate,WHO estimate,WHO estimate
Georgia,GEO,2001,Europe,35.28,16.647608,4.4470701,480.57352,Linear interpolation between WHO estimates,WHO estimate,WHO estimate
Georgia,GEO,2004,Europe,34.92,17.638193,5.2356212,515.55206,Linear interpolation between WHO estimates,WHO estimate,WHO estimate
Georgia,GEO,2005,Europe,34.8,18.006191,5.3635131,435.14157,WHO estimate,WHO estimate,WHO estimate
Georgia,GEO,2006,Europe,34.65,18.423016,5.6540712,425.71997,Linear interpolation between WHO estimates,WHO estimate,WHO estimate
Georgia,GEO,2007,Europe,34.5,18.885399,5.9134394,403.2449,WHO estimate,WHO estimate,WHO estimate
Georgia,GEO,2009,Europe,34.166667,19.896723,6.1319025,361.98102,Linear interpolation between WHO estimates,WHO estimate,WHO estimate
Georgia,GEO,2010,Europe,34,20.415102,7.2620061,188.34387,WHO estimate,WHO estimate,WHO estimate
Georgia,GEO,2011,Europe,33.92,20.922724,7.2941647,222.69722,Linear interpolation between WHO estimates,WHO estimate,WHO estimate
Georgia,GEO,2012,Europe,33.84,21.408651,7.3727069,244.17152,Linear interpolation between WHO estimates,WHO estimate,WHO estimate
Georgia,GEO,2013,Europe,33.76,21.888577,7.3874397,223.99146,Linear interpolation between WHO estimates,WHO estimate,WHO estimate
Georgia,GEO,2014,Europe,33.68,22.361179,7.4352213,292.80533,Linear interpolation between WHO estimates,WHO estimate,WHO estimate
Georgia,GEO,2015,Europe,33.6,22.835958,7.4758517,308.6975,WHO estimate,WHO estimate,WHO estimate
Georgia,GEO,2016,Europe,33.54,23.340082,7.5937446,265.23315,Linear interpolation between WHO estimates,WHO estimate,WHO estimate
Georgia,GEO,2017,Europe,33.48,23.864452,7.6747665,292.37363,Linear interpolation between WHO estimates,WHO estimate,WHO estimate
Georgia,GEO,2018,Europe,33.42,24.398289,7.7654317,317.1119,Linear interpolation between WHO estimates,WHO estimate,WHO estimate
Georgia,GEO,2019,Europe,33.36,24.945135,7.9050051,315.5584,Linear interpolation between WHO estimates,WHO estimate,WHO estimate
Georgia,GEO,2020,Europe,33.3,25.48514,6.5290345,321.16718,WHO estimate,WHO estimate,WHO estimate
Georgia,GEO,2021,Europe,33.05,25.990387,6.8878209,325.75684,Linear interpolation between WHO estimates,WHO estimate,WHO estimate
Georgia,GEO,2023,Europe,33.1,,7.4667361,252.92833,WHO estimate,No WHO estimate,WHO estimate
Germany,DEU,2000,Europe,34.9,22.501616,13.011001,215.06265,WHO estimate,WHO estimate,WHO estimate
Germany,DEU,2001,Europe,34.24,22.246664,12.866016,209.78607,Linear interpolation between WHO estimates,WHO estimate,WHO estimate
Germany,DEU,2002,Europe,33.58,21.9597,12.597016,209.12198,Linear interpolation between WHO estimates,WHO estimate,WHO estimate
Germany,DEU,2003,Europe,32.92,21.638977,12.324804,209.81192,Linear interpolation between WHO estimates,WHO estimate,WHO estimate
Germany,DEU,2004,Europe,32.26,21.317753,12.287367,192.4521,Linear interpolation between WHO estimates,WHO estimate,WHO estimate
Germany,DEU,2005,Europe,31.6,20.997311,12.132997,185.7733,WHO estimate,WHO estimate,WHO estimate
Germany,DEU,2006,Europe,31,20.665894,12.209702,175.27658,Linear interpolation between WHO estimates,WHO estimate,WHO estimate
Germany,DEU,2007,Europe,30.4,20.328363,11.807065,169.63908,WHO estimate,WHO estimate,WHO estimate
Germany,DEU,2008,Europe,29.833333,19.984011,11.787599,163.34212,Linear interpolation between WHO estimates,WHO estimate,WHO estimate
Germany,DEU,2009,Europe,29.266667,19.635212,11.494682,158.88637,Linear interpolation between WHO estimates,WHO estimate,WHO estimate
Germany,DEU,2010,Europe,28.7,19.279408,11.107238,152.61641,WHO estimate,WHO estimate,WHO estimate
Germany,DEU,2011,Europe,28.18,18.907244,11.758141,143.6206,Linear interpolation between WHO estimates,WHO estimate,WHO estimate
Germany,DEU,2012,Europe,27.66,18.504004,11.670939,142.56642,Linear interpolation between WHO estimates,WHO estimate,WHO estimate
Germany,DEU,2013,Europe,27.14,18.081926,11.59716,145.48692,Linear interpolation between WHO estimates,WHO estimate,WHO estimate
Germany,DEU,2014,Europe,26.62,17.67985,11.528077,135.62076,Linear interpolation between WHO estimates,WHO estimate,WHO estimate
Germany,DEU,2015,Europe,26.1,17.285828,11.31804,139.02193,WHO estimate,WHO estimate,WHO estimate
Germany,DEU,2016,Europe,25.62,16.897743,11.322295,129.45697,Linear interpolation between WHO estimates,WHO estimate,WHO estimate
Germany,DEU,2017,Europe,25.14,16.534855,11.206454,128.4568,Linear interpolation between WHO estimates,WHO estimate,WHO estimate
Germany,DEU,2018,Europe,24.66,16.201046,11.272154,127.02289,Linear interpolation between WHO estimates,WHO estimate,WHO estimate
Germany,DEU,2019,Europe,24.18,15.903655,10.876649,119.02801,Linear interpolation between WHO estimates,WHO estimate,WHO estimate
Germany,DEU,2020,Europe,23.7,15.61946,10.666236,118.52573,WHO estimate,WHO estimate,WHO estimate
Greece,GRC,2000,Europe,52.2,30.767029,8.3660289,248.34215,WHO estimate,WHO estimate,WHO estimate
Greece,GRC,2001,Europe,51.04,31.187931,8.3235977,241.73756,Linear interpolation between WHO estimates,WHO estimate,WHO estimate
Greece,GRC,2002,Europe,49.88,31.623947,8.3561128,237.50545,Linear interpolation between WHO estimates,WHO estimate,WHO estimate
Greece,GRC,2003,Europe,48.72,32.068954,8.237594,238.32616,Linear interpolation between WHO estimates,WHO estimate,WHO estimate
Greece,GRC,2004,Europe,47.56,32.52845,8.1785188,229.08528,Linear interpolation between WHO estimates,WHO estimate,WHO estimate
Greece,GRC,2005,Europe,46.4,33.008434,8.1613474,214.1032,WHO estimate,WHO estimate,WHO estimate
Greece,GRC,2006,Europe,45.3,33.499054,8.1927723,207.37254,Linear interpolation between WHO estimates,WHO estimate,WHO estimate
Greece,GRC,2007,Europe,44.2,33.981125,8.2923326,200.5237,WHO estimate,WHO estimate,WHO estimate
Greece,GRC,2008,Europe,43.233333,34.44944,8.3438828,189.0351,Linear interpolation between WHO estimates,WHO estimate,WHO estimate
Greece,GRC,2009,Europe,42.266667,34.905434,8.1580611,179.13646,Linear interpolation between WHO estimates,WHO estimate,WHO estimate
Greece,GRC,2010,Europe,41.3,35.348545,7.573466,167.68398,WHO estimate,WHO estimate,WHO estimate
Greece,GRC,2011,Europe,40.38,35.760635,7.2797404,161.46231,Linear interpolation between WHO estimates,WHO estimate,WHO estimate
Greece,GRC,2012,Europe,39.46,36.129265,7.2713517,160.4481,Linear interpolation between WHO estimates,WHO estimate,WHO estimate
Greece,GRC,2013,Europe,38.54,36.486626,7.4444378,146.49432,Linear interpolation between WHO estimates,WHO estimate,WHO estimate
Greece,GRC,2014,Europe,37.62,36.853428,7.4410162,138.75427,Linear interpolation between WHO estimates,WHO estimate,WHO estimate
Greece,GRC,2015,Europe,36.7,37.22366,7.3812123,138.75545,WHO estimate,WHO estimate,WHO estimate
Greece,GRC,2016,Europe,35.96,37.603683,7.4953141,130.12901,Linear interpolation between WHO estimates,WHO estimate,WHO estimate
Greece,GRC,2017,Europe,35.22,37.98209,7.5349381,133.82706,Linear interpolation between WHO estimates,WHO estimate,WHO estimate
Greece,GRC,2018,Europe,34.48,38.353428,7.6331101,124.91584,Linear interpolation between WHO estimates,WHO estimate,WHO estimate
Greece,GRC,2019,Europe,33.74,38.723213,7.6866162,122.66516,Linear interpolation between WHO estimates,WHO estimate,WHO estimate
Greece,GRC,2020,Europe,33,39.082024,5.8023256,122.8893,WHO estimate,WHO estimate,WHO estimate
Greece,GRC,2021,Europe,32.25,39.425148,6.727285,126.03786,Linear interpolation between WHO estimates,WHO estimate,WHO estimate
Greece,GRC,2022,Europe,31.5,39.754745,7.9460518,118.77363,WHO estimate,WHO estimate,WHO estimate
Grenada,GRD,2001,Americas,,27.728706,7.3238802,219.96877,No WHO estimate,WHO estimate,WHO estimate
Grenada,GRD,2002,Americas,,28.071886,8.072241,320.328,No WHO estimate,WHO estimate,WHO estimate
Grenada,GRD,2003,Americas,,28.406757,8.2724421,275.9295,No WHO estimate,WHO estimate,WHO estimate
Grenada,GRD,2004,Americas,,28.72246,7.8185186,313.01166,No WHO estimate,WHO estimate,WHO estimate
Grenada,GRD,2005,Americas,,29.05205,8.0309609,295.19193,No WHO estimate,WHO estimate,WHO estimate
Grenada,GRD,2006,Americas,,29.399073,8.3894546,253.4843,No WHO estimate,WHO estimate,WHO estimate
Grenada,GRD,2007,Americas,,29.76195,8.1924713,220.62918,No WHO estimate,WHO estimate,WHO estimate
Grenada,GRD,2008,Americas,,30.144421,8.1256771,267.77316,No WHO estimate,WHO estimate,WHO estimate
Grenada,GRD,2009,Americas,,30.538866,7.6656183,226.7567,No WHO estimate,WHO estimate,WHO estimate
Grenada,GRD,2010,Americas,,30.945133,7.476633,232.84807,No WHO estimate,WHO estimate,WHO estimate
Grenada,GRD,2011,Americas,,31.36352,7.4718308,210.97194,No WHO estimate,WHO estimate,WHO estimate
Grenada,GRD,2012,Americas,,31.783304,7.5733963,217.86699,No WHO estimate,WHO estimate,WHO estimate
Grenada,GRD,2013,Americas,,32.208939,7.5775185,213.24658,No WHO estimate,WHO estimate,WHO estimate
Grenada,GRD,2014,Americas,,32.64727,7.5601832,266.5566,No WHO estimate,WHO estimate,WHO estimate
Grenada,GRD,2015,Americas,,33.10342,7.7782902,201.32646,No WHO estimate,WHO estimate,WHO estimate
Grenada,GRD,2016,Americas,,33.5797,7.8652373,232.91269,No WHO estimate,WHO estimate,WHO estimate
Grenada,GRD,2017,Americas,,34.06992,7.9347021,210.1432,No WHO estimate,WHO estimate,WHO estimate
Grenada,GRD,2018,Americas,,34.567871,8.1988186,231.63466,No WHO estimate,WHO estimate,WHO estimate
Grenada,GRD,2019,Americas,,35.074444,8.190681,223.70921,No WHO estimate,WHO estimate,WHO estimate
Grenada,GRD,2020,Americas,,35.57917,7.0390468,277.60062,No WHO estimate,WHO estimate,WHO estimate
Grenada,GRD,2021,Americas,,36.091019,7.2839078,288.18198,No WHO estimate,WHO estimate,WHO estimate
Grenada,GRD,2022,Americas,,36.62011,7.8381397,275.17325,No WHO estimate,WHO estimate,WHO estimate
Grenada,GRD,2023,Americas,,,8.2950333,269.36072,No WHO estimate,No WHO estimate,WHO estimate
Guadeloupe,GLP,2000,Unknown,,,,136.50023,No WHO estimate,No WHO estimate,No WHO estimate
Guadeloupe,GLP,2001,Unknown,,,,131.15324,No WHO estimate,No WHO estimate,No WHO estimate
Guadeloupe,GLP,2002,Unknown,,,,139.93745,No WHO estimate,No WHO estimate,No WHO estimate
Guadeloupe,GLP,2003,Unknown,,,,126.09116,No WHO estimate,No WHO estimate,No WHO estimate
Guadeloupe,GLP,2004,Unknown,,,,136.50981,No WHO estimate,No WHO estimate,No WHO estimate
Guadeloupe,GLP,2005,Unknown,,,,131.17624,No WHO estimate,No WHO estimate,No WHO estimate
Guadeloupe,GLP,2006,Unknown,,,,123.08908,No WHO estimate,No WHO estimate,No WHO estimate
Guadeloupe,GLP,2007,Unknown,,,,107.34674,No WHO estimate,No WHO estimate,No WHO estimate
Guadeloupe,GLP,2008,Unknown,,,,104.56326,No WHO estimate,No WHO estimate,No WHO estimate
Guadeloupe,GLP,2009,Unknown,,,,111.96,No WHO estimate,No WHO estimate,No WHO estimate
Guadeloupe,GLP,2010,Unknown,,,,100.16357,No WHO estimate,No WHO estimate,No WHO estimate
Guadeloupe,GLP,2011,Unknown,,,,89.10082,No WHO estimate,No WHO estimate,No WHO estimate
Guadeloupe,GLP,2012,Unknown,,,,82.7844,No WHO estimate,No WHO estimate,No WHO estimate
Guadeloupe,GLP,2013,Unknown,,,,82.05825,No WHO estimate,No WHO estimate,No WHO estimate
Guadeloupe,GLP,2014,Unknown,,,,86.86966,No WHO estimate,No WHO estimate,No WHO estimate
Guadeloupe,GLP,2015,Unknown,,,,69.13228,No WHO estimate,No WHO estimate,No WHO estimate
Guadeloupe,GLP,2016,Unknown,,,,78.17304,No WHO estimate,No WHO estimate,No WHO estimate
Guatemala,GTM,2000,Americas,14.3,9.5370502,2.5089518,132.72223,WHO estimate,WHO estimate,WHO estimate
Guatemala,GTM,2001,Americas,14.14,10.220633,2.40456,129.5208,Linear interpolation between WHO estimates,WHO estimate,WHO estimate
Guatemala,GTM,2002,Americas,13.98,10.951376,2.2945443,119.49749,Linear interpolation between WHO estimates,WHO estimate,WHO estimate
Guatemala,GTM,2003,Americas,13.82,11.729646,2.3260424,152.3809,Linear interpolation between WHO estimates,WHO estimate,WHO estimate
Guatemala,GTM,2004,Americas,13.66,12.55575,2.2828939,125.31807,Linear interpolation between WHO estimates,WHO estimate,WHO estimate
Guatemala,GTM,2005,Americas,13.5,13.430074,2.2340043,134.28586,WHO estimate,WHO estimate,WHO estimate
Guatemala,GTM,2006,Americas,13.35,14.352809,2.2663856,142.72949,Linear interpolation between WHO estimates,WHO estimate,WHO estimate
Guatemala,GTM,2007,Americas,13.2,15.324529,2.2827216,148.06018,WHO estimate,WHO estimate,WHO estimate
Guatemala,GTM,2008,Americas,13.066667,16.346622,2.1121494,139.14426,Linear interpolation between WHO estimates,WHO estimate,WHO estimate
Guatemala,GTM,2009,Americas,12.933333,17.418158,2.0382041,123.1029,Linear interpolation between WHO estimates,WHO estimate,WHO estimate
Guatemala,GTM,2010,Americas,12.8,18.538221,2.0364804,127.31587,WHO estimate,WHO estimate,WHO estimate
Guatemala,GTM,2011,Americas,12.68,19.708214,2.0644964,132.25389,Linear interpolation between WHO estimates,WHO estimate,WHO estimate
Guatemala,GTM,2012,Americas,12.56,20.927065,1.9233952,132.26907,Linear interpolation between WHO estimates,WHO estimate,WHO estimate
Guatemala,GTM,2013,Americas,12.44,22.192678,1.838662,132.40915,Linear interpolation between WHO estimates,WHO estimate,WHO estimate
Guatemala,GTM,2014,Americas,12.32,23.503096,1.7022156,134.76042,Linear interpolation between WHO estimates,WHO estimate,WHO estimate
Guatemala,GTM,2015,Americas,12.2,24.855015,1.6672004,129.68787,WHO estimate,WHO estimate,WHO estimate
Guatemala,GTM,2016,Americas,12.1,26.242506,1.6270606,124.77653,Linear interpolation between WHO estimates,WHO estimate,WHO estimate
Guatemala,GTM,2017,Americas,12,27.665075,1.6385189,120.90243,Linear interpolation between WHO estimates,WHO estimate,WHO estimate
Guatemala,GTM,2018,Americas,11.9,29.122471,1.6621123,116.63464,Linear interpolation between WHO estimates,WHO estimate,WHO estimate
Guatemala,GTM,2019,Americas,11.8,30.611933,2.1086695,116.84735,Linear interpolation between WHO estimates,WHO estimate,WHO estimate
Guatemala,GTM,2020,Americas,11.7,32.123295,1.9582348,137.88995,WHO estimate,WHO estimate,WHO estimate
Guatemala,GTM,2021,Americas,11.55,33.636734,2.51241,166.2121,Linear interpolation between WHO estimates,WHO estimate,WHO estimate
Guatemala,GTM,2022,Americas,11.4,35.151569,2.9680873,134.07932,WHO estimate,WHO estimate,WHO estimate
Guyana,GUY,2001,Americas,28.08,25.02132,5.2570393,373.83777,Linear interpolation between WHO estimates,WHO estimate,WHO estimate
Guyana,GUY,2002,Americas,27.06,25.353359,6.1123634,381.06177,Linear interpolation between WHO estimates,WHO estimate,WHO estimate
Guyana,GUY,2003,Americas,26.04,25.709909,6.0760808,403.06305,Linear interpolation between WHO estimates,WHO estimate,WHO estimate
Guyana,GUY,2004,Americas,25.02,26.091749,5.9714528,415.5307,Linear interpolation between WHO estimates,WHO estimate,WHO estimate
Guyana,GUY,2005,Americas,24,26.482361,5.6431721,397.62433,WHO estimate,WHO estimate,WHO estimate
Guyana,GUY,2006,Americas,23.05,26.879961,5.4899237,371.84204,Linear interpolation between WHO estimates,WHO estimate,WHO estimate
Guyana,GUY,2007,Americas,22.1,27.285402,5.5598504,382.4071,WHO estimate,WHO estimate,WHO estimate
Guyana,GUY,2008,Americas,21.3,27.699673,5.6453985,395.4799,Linear interpolation between WHO estimates,WHO estimate,WHO estimate
Guyana,GUY,2009,Americas,20.5,28.120693,5.8287054,393.15497,Linear interpolation between WHO estimates,WHO estimate,WHO estimate
Guyana,GUY,2010,Americas,19.7,28.549047,5.8814357,422.1226,WHO estimate,WHO estimate,WHO estimate
Guyana,GUY,2011,Americas,19.02,28.984251,6.01356,394.808,Linear interpolation between WHO estimates,WHO estimate,WHO estimate
Guyana,GUY,2012,Americas,18.34,29.414978,6.150568,394.27765,Linear interpolation between WHO estimates,WHO estimate,WHO estimate
Guyana,GUY,2013,Americas,17.66,29.86866,6.210432,360.0578,Linear interpolation between WHO estimates,WHO estimate,WHO estimate
Guyana,GUY,2014,Americas,16.98,30.358728,6.390911,364.8779,Linear interpolation between WHO estimates,WHO estimate,WHO estimate
Guyana,GUY,2015,Americas,16.3,30.864807,6.0519807,355.39993,WHO estimate,WHO estimate,WHO estimate
Guyana,GUY,2016,Americas,15.74,31.387922,6.020854,306.2971,Linear interpolation between WHO estimates,WHO estimate,WHO estimate
Guyana,GUY,2017,Americas,15.18,31.92473,5.8276723,317.1992,Linear interpolation between WHO estimates,WHO estimate,WHO estimate
Guyana,GUY,2018,Americas,14.62,32.278339,5.586683,282.1803,Linear interpolation between WHO estimates,WHO estimate,WHO estimate
Guyana,GUY,2019,Americas,14.06,32.74313,5.5162587,216.11969,Linear interpolation between WHO estimates,WHO estimate,WHO estimate
Guyana,GUY,2020,Americas,13.5,33.368542,5.2667188,220.89395,WHO estimate,WHO estimate,WHO estimate
Hong Kong,HKG,2000,Unknown,,,,111.6899,No WHO estimate,No WHO estimate,No WHO estimate
Hong Kong,HKG,2001,Unknown,,,,93.41133,No WHO estimate,No WHO estimate,No WHO estimate
Hong Kong,HKG,2002,Unknown,,,,93.71931,No WHO estimate,No WHO estimate,No WHO estimate
Hong Kong,HKG,2003,Unknown,,,,97.11866,No WHO estimate,No WHO estimate,No WHO estimate
Hong Kong,HKG,2004,Unknown,,,,97.6598,No WHO estimate,No WHO estimate,No WHO estimate
Hong Kong,HKG,2005,Unknown,,,,93.55045,No WHO estimate,No WHO estimate,No WHO estimate
Hong Kong,HKG,2006,Unknown,,,,85.28637,No WHO estimate,No WHO estimate,No WHO estimate
Hong Kong,HKG,2007,Unknown,,,,89.76528,No WHO estimate,No WHO estimate,No WHO estimate
Hong Kong,HKG,2008,Unknown,,,,90.52324,No WHO estimate,No WHO estimate,No WHO estimate
Hong Kong,HKG,2009,Unknown,,,,82.1966,No WHO estimate,No WHO estimate,No WHO estimate
Hong Kong,HKG,2010,Unknown,,,,80.70999,No WHO estimate,No WHO estimate,No WHO estimate
Hong Kong,HKG,2011,Unknown,,,,73.15627,No WHO estimate,No WHO estimate,No WHO estimate
Hong Kong,HKG,2012,Unknown,,,,70.81763,No WHO estimate,No WHO estimate,No WHO estimate
Hong Kong,HKG,2013,Unknown,,,,64.79351,No WHO estimate,No WHO estimate,No WHO estimate
Hong Kong,HKG,2014,Unknown,,,,66.566605,No WHO estimate,No WHO estimate,No WHO estimate
Hong Kong,HKG,2015,Unknown,,,,62.01855,No WHO estimate,No WHO estimate,No WHO estimate
Hong Kong,HKG,2016,Unknown,,,,60.047832,No WHO estimate,No WHO estimate,No WHO estimate
Hong Kong,HKG,2017,Unknown,,,,56.159164,No WHO estimate,No WHO estimate,No WHO estimate
Hungary,HUN,2000,Europe,38.3,19.523005,12.218453,408.47653,WHO estimate,WHO estimate,WHO estimate
Hungary,HUN,2001,Europe,37.94,20.048515,13.228977,375.53665,Linear interpolation between WHO estimates,WHO estimate,WHO estimate
Hungary,HUN,2002,Europe,37.58,20.584206,13.317209,375.01923,Linear interpolation between WHO estimates,WHO estimate,WHO estimate
Hungary,HUN,2003,Europe,37.22,21.131145,13.29254,378.04776,Linear interpolation between WHO estimates,WHO estimate,WHO estimate
Hungary,HUN,2004,Europe,36.86,21.686792,13.256938,362.99548,Linear interpolation between WHO estimates,WHO estimate,WHO estimate
Hungary,HUN,2005,Europe,36.5,22.248611,13.168337,374.6169,WHO estimate,WHO estimate,WHO estimate
Hungary,HUN,2006,Europe,36.1,22.813608,13.426439,343.5287,Linear interpolation between WHO estimates,WHO estimate,WHO estimate
Hungary,HUN,2007,Europe,35.7,23.39249,12.715441,335.8393,WHO estimate,WHO estimate,WHO estimate
Hungary,HUN,2008,Europe,35.433333,23.984089,11.855501,319.84146,Linear interpolation between WHO estimates,WHO estimate,WHO estimate
Hungary,HUN,2009,Europe,35.166667,24.583332,11.650937,313.78836,Linear interpolation between WHO estimates,WHO estimate,WHO estimate
Hungary,HUN,2010,Europe,34.9,25.192768,10.875124,311.54776,WHO estimate,WHO estimate,WHO estimate
Hungary,HUN,2011,Europe,34.58,25.848909,11.53121,298.91806,Linear interpolation between WHO estimates,WHO estimate,WHO estimate
Hungary,HUN,2012,Europe,34.26,26.505152,11.278764,297.01614,Linear interpolation between WHO estimates,WHO estimate,WHO estimate
Hungary,HUN,2013,Europe,33.94,27.134953,10.871128,286.3813,Linear interpolation between WHO estimates,WHO estimate,WHO estimate
Hungary,HUN,2014,Europe,33.62,27.797073,11.075424,281.53854,Linear interpolation between WHO estimates,WHO estimate,WHO estimate
Hungary,HUN,2015,Europe,33.3,28.466436,11.075535,288.4191,WHO estimate,WHO estimate,WHO estimate
Hungary,HUN,2016,Europe,33.04,29.137369,11.504616,274.13177,Linear interpolation between WHO estimates,WHO estimate,WHO estimate
Hungary,HUN,2017,Europe,32.78,29.817644,11.038261,281.79315,Linear interpolation between WHO estimates,WHO estimate,WHO estimate
Hungary,HUN,2018,Europe,32.52,30.497303,11.670159,275.0003,Linear interpolation between WHO estimates,WHO estimate,WHO estimate
Hungary,HUN,2019,Europe,32.26,31.190228,10.980135,266.44943,Linear interpolation between WHO estimates,WHO estimate,WHO estimate
Hungary,HUN,2020,Europe,32,31.900227,10.639948,278.66412,WHO estimate,WHO estimate,WHO estimate
Hungary,HUN,2021,Europe,31.65,32.601032,10.682401,275.45114,Linear interpolation between WHO estimates,WHO estimate,WHO estimate
Hungary,HUN,2022,Europe,31.3,33.058319,10.908453,260.3408,WHO estimate,WHO estimate,WHO estimate
Hungary,HUN,2023,Europe,31.1,,10.420405,258.4217,WHO estimate,No WHO estimate,WHO estimate
Iceland,ISL,2000,Europe,31.1,33.369408,6.137676,166.58582,WHO estimate,WHO estimate,WHO estimate
Iceland,ISL,2001,Europe,29.68,33.143745,6.3250674,153.20316,Linear interpolation between WHO estimates,WHO estimate,WHO estimate
Iceland,ISL,2002,Europe,28.26,32.939548,6.5267718,161.58913,Linear interpolation between WHO estimates,WHO estimate,WHO estimate
Iceland,ISL,2003,Europe,26.84,32.732452,6.5207962,151.32216,Linear interpolation between WHO estimates,WHO estimate,WHO estimate
Iceland,ISL,2004,Europe,25.42,32.502621,6.7247447,151.962,Linear interpolation between WHO estimates,WHO estimate,WHO estimate
Iceland,ISL,2005,Europe,24,32.218952,7.0229965,130.57668,WHO estimate,WHO estimate,WHO estimate
Iceland,ISL,2006,Europe,22.85,31.88327,7.2208253,136.958,Linear interpolation between WHO estimates,WHO estimate,WHO estimate
Iceland,ISL,2007,Europe,21.7,31.518555,7.5316615,127.98319,WHO estimate,WHO estimate,WHO estimate
Iceland,ISL,2008,Europe,20.666667,31.180365,7.2428688,126.73408,Linear interpolation between WHO estimates,WHO estimate,WHO estimate
Iceland,ISL,2009,Europe,19.633333,30.935457,7.2627571,125.87849,Linear interpolation between WHO estimates,WHO estimate,WHO estimate
Iceland,ISL,2010,Europe,18.6,30.712854,6.7898008,120.39073,WHO estimate,WHO estimate,WHO estimate
Iceland,ISL,2011,Europe,17.76,30.450535,6.8426677,112.19016,Linear interpolation between WHO estimates,WHO estimate,WHO estimate
Iceland,ISL,2012,Europe,16.92,30.179632,6.822778,103.60477,Linear interpolation between WHO estimates,WHO estimate,WHO estimate
Iceland,ISL,2013,Europe,16.08,29.893637,6.7975528,107.49279,Linear interpolation between WHO estimates,WHO estimate,WHO estimate
Iceland,ISL,2014,Europe,15.24,29.606766,7.0066224,99.97064,Linear interpolation between WHO estimates,WHO estimate,WHO estimate
Iceland,ISL,2015,Europe,14.4,29.331694,7.6577958,108.61053,WHO estimate,WHO estimate,WHO estimate
Iceland,ISL,2016,Europe,13.78,29.042503,7.4956758,101.01311,Linear interpolation between WHO estimates,WHO estimate,WHO estimate
Iceland,ISL,2017,Europe,13.16,28.718155,7.7450544,96.340805,Linear interpolation between WHO estimates,WHO estimate,WHO estimate
Iceland,ISL,2018,Europe,12.54,28.406195,7.7193081,90.83586,Linear interpolation between WHO estimates,WHO estimate,WHO estimate
Iceland,ISL,2019,Europe,11.92,28.152742,7.4306453,92.97593,Linear interpolation between WHO estimates,WHO estimate,WHO estimate
Iceland,ISL,2020,Europe,11.3,27.96907,7.4068107,90.26332,WHO estimate,WHO estimate,WHO estimate
Iceland,ISL,2021,Europe,10.75,27.832687,8.162101,85.59636,Linear interpolation between WHO estimates,WHO estimate,WHO estimate
Iceland,ISL,2022,Europe,10.2,27.720785,7.7886311,91.35075,WHO estimate,WHO estimate,WHO estimate
Iran,IRN,2013,Eastern Mediterranean,15.64,37.557899,0,228.4941,Linear interpolation between WHO estimates,WHO estimate,WHO estimate
Iran,IRN,2014,Eastern Mediterranean,15.22,38.462963,0,218.43591,Linear interpolation between WHO estimates,WHO estimate,WHO estimate
Iran,IRN,2015,Eastern Mediterranean,14.8,39.392735,0,249.09448,WHO estimate,WHO estimate,WHO estimate
Iran,IRN,2016,Eastern Mediterranean,14.44,40.356415,0,212.16447,Linear interpolation between WHO estimates,WHO estimate,WHO estimate
Iran,IRN,2017,Eastern Mediterranean,14.08,41.314842,0,230.30803,Linear interpolation between WHO estimates,WHO estimate,WHO estimate
Iraq,IRQ,2008,Eastern Mediterranean,21.566667,42.656834,0.39509831,360.16647,Linear interpolation between WHO estimates,WHO estimate,WHO estimate
Iraq,IRQ,2015,Eastern Mediterranean,20.8,46.346321,0.48173346,280.06818,WHO estimate,WHO estimate,WHO estimate
Iraq,IRQ,2016,Eastern Mediterranean,20.7,46.878471,0.47550284,307.7126,Linear interpolation between WHO estimates,WHO estimate,WHO estimate
Ireland,IRL,2000,Europe,36.2,40.0508,14.079761,234.03299,WHO estimate,WHO estimate,WHO estimate
Ireland,IRL,2001,Europe,35.2,39.284512,14.283396,214.84377,Linear interpolation between WHO estimates,WHO estimate,WHO estimate
Ireland,IRL,2002,Europe,34.2,38.520386,14.207403,205.79167,Linear interpolation between WHO estimates,WHO estimate,WHO estimate
Ireland,IRL,2003,Europe,33.2,37.767036,13.322912,190.20445,Linear interpolation between WHO estimates,WHO estimate,WHO estimate
Ireland,IRL,2004,Europe,32.2,36.993088,13.409868,179.05388,Linear interpolation between WHO estimates,WHO estimate,WHO estimate
Ireland,IRL,2005,Europe,31.2,36.169239,13.319507,164.22404,WHO estimate,WHO estimate,WHO estimate
Ireland,IRL,2006,Europe,30.3,35.302513,13.259796,158.0811,Linear interpolation between WHO estimates,WHO estimate,WHO estimate
Ireland,IRL,2007,Europe,29.4,34.463917,13.191053,154.3781,WHO estimate,WHO estimate,WHO estimate
Ireland,IRL,2008,Europe,28.6,33.709106,12.201504,148.87445,Linear interpolation between WHO estimates,WHO estimate,WHO estimate
Ireland,IRL,2009,Europe,27.8,33.016312,11.040165,141.66309,Linear interpolation between WHO estimates,WHO estimate,WHO estimate
Ireland,IRL,2010,Europe,27,32.338928,11.603691,133.9125,WHO estimate,WHO estimate,WHO estimate
Ireland,IRL,2011,Europe,26.28,31.644131,11.608664,126.45774,Linear interpolation between WHO estimates,WHO estimate,WHO estimate
Ireland,IRL,2012,Europe,25.56,30.929331,11.425447,125.91924,Linear interpolation between WHO estimates,WHO estimate,WHO estimate
Ireland,IRL,2013,Europe,24.84,30.210417,10.487429,122.15439,Linear interpolation between WHO estimates,WHO estimate,WHO estimate
Ireland,IRL,2014,Europe,24.12,29.495016,10.768914,116.58649,Linear interpolation between WHO estimates,WHO estimate,WHO estimate
Ireland,IRL,2015,Europe,23.4,28.77762,10.614776,114.09944,WHO estimate,WHO estimate,WHO estimate
Ireland,IRL,2016,Europe,22.78,28.062168,11.074249,108.37151,Linear interpolation between WHO estimates,WHO estimate,WHO estimate
Ireland,IRL,2017,Europe,22.16,27.348083,10.907511,100.97972,Linear interpolation between WHO estimates,WHO estimate,WHO estimate
Ireland,IRL,2018,Europe,21.54,26.644028,10.930442,100.59688,Linear interpolation between WHO estimates,WHO estimate,WHO estimate
Ireland,IRL,2019,Europe,20.92,25.947269,10.699897,95.431496,Linear interpolation between WHO estimates,WHO estimate,WHO estimate
Ireland,IRL,2020,Europe,20.3,25.254393,9.9488225,91.87105,WHO estimate,WHO estimate,WHO estimate
Ireland,IRL,2021,Europe,19.75,24.571177,9.8258447,94.171455,Linear interpolation between WHO estimates,WHO estimate,WHO estimate
Ireland,IRL,2022,Europe,19.2,23.91061,10.416797,95.09137,WHO estimate,WHO estimate,WHO estimate
Israel,ISR,2000,Europe,30.1,35.144688,3.0825545,146.48653,WHO estimate,WHO estimate,WHO estimate
Israel,ISR,2001,Europe,29.64,34.857323,3.1113803,138.5854,Linear interpolation between WHO estimates,WHO estimate,WHO estimate
Israel,ISR,2002,Europe,29.18,34.56649,3.0782518,133.20407,Linear interpolation between WHO estimates,WHO estimate,WHO estimate
Israel,ISR,2003,Europe,28.72,34.265182,3.0492297,128.12213,Linear interpolation between WHO estimates,WHO estimate,WHO estimate
Israel,ISR,2004,Europe,28.26,33.961941,3.0642535,121.86941,Linear interpolation between WHO estimates,WHO estimate,WHO estimate
Israel,ISR,2005,Europe,27.8,33.658501,3.2356078,118.04507,WHO estimate,WHO estimate,WHO estimate
Israel,ISR,2006,Europe,27.5,33.352539,3.0655704,110.21231,Linear interpolation between WHO estimates,WHO estimate,WHO estimate
Israel,ISR,2007,Europe,27.2,33.04134,3.2097227,111.70058,WHO estimate,WHO estimate,WHO estimate
Israel,ISR,2008,Europe,26.766667,32.70961,3.3042247,98.24576,Linear interpolation between WHO estimates,WHO estimate,WHO estimate
Israel,ISR,2009,Europe,26.333333,32.359962,3.3616189,89.023766,Linear interpolation between WHO estimates,WHO estimate,WHO estimate
Israel,ISR,2010,Europe,25.9,31.989468,3.2005069,87.528145,WHO estimate,WHO estimate,WHO estimate
Israel,ISR,2011,Europe,25.54,31.593037,3.2602711,86.284355,Linear interpolation between WHO estimates,WHO estimate,WHO estimate
Israel,ISR,2012,Europe,25.18,31.184149,3.3324081,81.780334,Linear interpolation between WHO estimates,WHO estimate,WHO estimate
Israel,ISR,2013,Europe,24.82,30.77426,3.2885246,78.97137,Linear interpolation between WHO estimates,WHO estimate,WHO estimate
Israel,ISR,2014,Europe,24.46,30.376833,3.1241309,76.29861,Linear interpolation between WHO estimates,WHO estimate,WHO estimate
Israel,ISR,2015,Europe,24.1,30.001587,3.159733,76.69726,WHO estimate,WHO estimate,WHO estimate
Israel,ISR,2016,Europe,23.76,29.658163,3.1253529,73.987785,Linear interpolation between WHO estimates,WHO estimate,WHO estimate
Israel,ISR,2017,Europe,23.42,29.343584,3.125377,70.817406,Linear interpolation between WHO estimates,WHO estimate,WHO estimate
Israel,ISR,2018,Europe,23.08,29.037424,3.2622956,66.528854,Linear interpolation between WHO estimates,WHO estimate,WHO estimate
Israel,ISR,2019,Europe,22.74,28.735764,3.3248126,67.589264,Linear interpolation between WHO estimates,WHO estimate,WHO estimate
Israel,ISR,2020,Europe,22.4,28.447332,3.1634927,65.72757,WHO estimate,WHO estimate,WHO estimate
Israel,ISR,2021,Europe,22.1,28.169329,3.3888711,63.32023,Linear interpolation between WHO estimates,WHO estimate,WHO estimate
Israel,ISR,2022,Europe,21.8,27.901167,3.455932,61.702034,WHO estimate,WHO estimate,WHO estimate
Italy,ITA,2000,Europe,25.9,46.481194,9.7695791,174.53062,WHO estimate,WHO estimate,WHO estimate
Italy,ITA,2001,Europe,25.74,46.547348,9.6841308,165.55501,Linear interpolation between WHO estimates,WHO estimate,WHO estimate
Italy,ITA,2002,Europe,25.58,46.59705,9.2587436,160.6849,Linear interpolation between WHO estimates,WHO estimate,WHO estimate
Italy,ITA,2003,Europe,25.42,46.610554,9.3028446,160.22546,Linear interpolation between WHO estimates,WHO estimate,WHO estimate
Italy,ITA,2004,Europe,25.26,46.607788,8.9846573,145.32668,Linear interpolation between WHO estimates,WHO estimate,WHO estimate
Italy,ITA,2005,Europe,25.1,46.615528,8.6536964,146.52666,WHO estimate,WHO estimate,WHO estimate
Italy,ITA,2006,Europe,24.95,46.629227,8.4385333,133.5276,Linear interpolation between WHO estimates,WHO estimate,WHO estimate
Italy,ITA,2007,Europe,24.8,46.62339,8.3671558,130.33586,WHO estimate,WHO estimate,WHO estimate
Italy,ITA,2008,Europe,24.666667,46.584015,7.9594342,126.50934,Linear interpolation between WHO estimates,WHO estimate,WHO estimate
Italy,ITA,2009,Europe,24.533333,46.533524,7.2520819,121.99988,Linear interpolation between WHO estimates,WHO estimate,WHO estimate
Italy,ITA,2010,Europe,24.4,46.468323,7.5682888,116.20376,WHO estimate,WHO estimate,WHO estimate
Italy,ITA,2011,Europe,24.26,46.372871,6.9749746,115.71926,Linear interpolation between WHO estimates,WHO estimate,WHO estimate
Italy,ITA,2012,Europe,24.12,46.236275,7.4800792,115.42607,Linear interpolation between WHO estimates,WHO estimate,WHO estimate
Italy,ITA,2013,Europe,23.98,46.088547,7.3418149,108.26857,Linear interpolation between WHO estimates,WHO estimate,WHO estimate
Italy,ITA,2014,Europe,23.84,45.957848,7.3341308,104.27959,Linear interpolation between WHO estimates,WHO estimate,WHO estimate
Italy,ITA,2015,Europe,23.7,45.824535,7.1407767,110.12326,WHO estimate,WHO estimate,WHO estimate
Italy,ITA,2016,Europe,23.56,45.704189,7.0912027,100.02824,Linear interpolation between WHO estimates,WHO estimate,WHO estimate
Italy,ITA,2017,Europe,23.42,45.602165,7.5743698,102.26082,Linear interpolation between WHO estimates,WHO estimate,WHO estimate
Italy,ITA,2018,Europe,23.28,45.50523,8.0200495,96.29613,Linear interpolation between WHO estimates,WHO estimate,WHO estimate
Italy,ITA,2019,Europe,23.14,45.427822,7.8584801,90.439316,Linear interpolation between WHO estimates,WHO estimate,WHO estimate
Italy,ITA,2020,Europe,23,45.345695,7.5538557,94.55776,WHO estimate,WHO estimate,WHO estimate
Italy,ITA,2021,Europe,22.85,45.252304,8.1420998,90.38306,Linear interpolation between WHO estimates,WHO estimate,WHO estimate
Italy,ITA,2022,Europe,22.7,45.167908,8.018471,87.85139,WHO estimate,WHO estimate,WHO estimate
Jamaica,JAM,2000,Americas,18.8,26.960516,3.7942594,185.97723,WHO estimate,WHO estimate,WHO estimate
Jamaica,JAM,2001,Americas,18.4,27.379646,3.517133,169.39175,Linear interpolation between WHO estimates,WHO estimate,WHO estimate
Jamaica,JAM,2002,Americas,18,27.812021,3.4008298,145.90721,Linear interpolation between WHO estimates,WHO estimate,WHO estimate
Jamaica,JAM,2003,Americas,17.6,28.254757,3.221779,164.59619,Linear interpolation between WHO estimates,WHO estimate,WHO estimate
Jamaica,JAM,2004,Americas,17.2,28.70602,3.4263924,172.57121,Linear interpolation between WHO estimates,WHO estimate,WHO estimate
Jamaica,JAM,2005,Americas,16.8,29.166567,3.4594397,160.09557,WHO estimate,WHO estimate,WHO estimate
Jamaica,JAM,2006,Americas,16.45,29.631939,3.4504561,156.8966,Linear interpolation between WHO estimates,WHO estimate,WHO estimate
Jamaica,JAM,2009,Americas,15.433333,31.051609,3.3207321,165.14346,Linear interpolation between WHO estimates,WHO estimate,WHO estimate
Jamaica,JAM,2010,Americas,15.1,31.548056,3.4577036,164.9189,WHO estimate,WHO estimate,WHO estimate
Jamaica,JAM,2011,Americas,14.8,32.063854,3.426577,162.80417,Linear interpolation between WHO estimates,WHO estimate,WHO estimate
Jamaica,JAM,2012,Americas,14.5,32.582241,3.4418175,164.14581,Linear interpolation between WHO estimates,WHO estimate,WHO estimate
Jamaica,JAM,2013,Americas,14.2,33.10083,3.5176793,171.18051,Linear interpolation between WHO estimates,WHO estimate,WHO estimate
Jamaica,JAM,2014,Americas,13.9,33.627354,3.5058969,199.11005,Linear interpolation between WHO estimates,WHO estimate,WHO estimate
Japan,JPN,2000,Western Pacific,33.4,31.880613,7.0117349,109.44353,WHO estimate,WHO estimate,WHO estimate
Japan,JPN,2001,Western Pacific,32.58,32.592602,7.0784762,105.76656,Linear interpolation between WHO estimates,WHO estimate,WHO estimate
Japan,JPN,2002,Western Pacific,31.76,33.336166,7.0082391,102.76297,Linear interpolation between WHO estimates,WHO estimate,WHO estimate
Japan,JPN,2003,Western Pacific,30.94,34.103691,6.9118853,101.97732,Linear interpolation between WHO estimates,WHO estimate,WHO estimate
Japan,JPN,2004,Western Pacific,30.12,34.893181,6.9614515,97.963104,Linear interpolation between WHO estimates,WHO estimate,WHO estimate
Japan,JPN,2005,Western Pacific,29.3,35.697468,7.2463371,99.09297,WHO estimate,WHO estimate,WHO estimate
Japan,JPN,2006,Western Pacific,28.45,36.513031,7.1930602,93.96492,Linear interpolation between WHO estimates,WHO estimate,WHO estimate
Japan,JPN,2007,Western Pacific,27.6,37.351082,6.6936706,91.0557,WHO estimate,WHO estimate,WHO estimate
Japan,JPN,2008,Western Pacific,26.9,38.201378,6.5044347,89.60151,Linear interpolation between WHO estimates,WHO estimate,WHO estimate
Japan,JPN,2009,Western Pacific,26.2,39.052628,6.5384254,85.44193,Linear interpolation between WHO estimates,WHO estimate,WHO estimate
Japan,JPN,2010,Western Pacific,25.5,39.903809,6.49234,84.88826,WHO estimate,WHO estimate,WHO estimate
Japan,JPN,2011,Western Pacific,24.86,40.757259,6.4960257,83.703995,Linear interpolation between WHO estimates,WHO estimate,WHO estimate
Japan,JPN,2012,Western Pacific,24.22,41.613468,6.5181135,81.06149,Linear interpolation between WHO estimates,WHO estimate,WHO estimate
Japan,JPN,2013,Western Pacific,23.58,42.478588,6.5815059,77.33594,Linear interpolation between WHO estimates,WHO estimate,WHO estimate
Japan,JPN,2014,Western Pacific,22.94,43.350246,6.3994059,74.48358,Linear interpolation between WHO estimates,WHO estimate,WHO estimate
Japan,JPN,2015,Western Pacific,22.3,44.21986,6.488015,71.88557,WHO estimate,WHO estimate,WHO estimate
Japan,JPN,2016,Western Pacific,21.74,45.096462,6.4605038,70.211044,Linear interpolation between WHO estimates,WHO estimate,WHO estimate
Japan,JPN,2017,Western Pacific,21.18,46.005993,6.4728235,69.77603,Linear interpolation between WHO estimates,WHO estimate,WHO estimate
Japan,JPN,2018,Western Pacific,20.62,46.94352,6.3845125,68.42335,Linear interpolation between WHO estimates,WHO estimate,WHO estimate
Japan,JPN,2019,Western Pacific,20.06,47.880375,6.3149658,66.68943,Linear interpolation between WHO estimates,WHO estimate,WHO estimate
Japan,JPN,2020,Western Pacific,19.5,48.797241,6.0904907,65.08896,WHO estimate,WHO estimate,WHO estimate
Japan,JPN,2021,Western Pacific,19,49.689884,6.0083034,65.42859,Linear interpolation between WHO estimates,WHO estimate,WHO estimate
Japan,JPN,2022,Western Pacific,18.5,50.573277,6.129719,68.23437,WHO estimate,WHO estimate,WHO estimate
Jordan,JOR,2008,Eastern Mediterranean,32.833333,25.203491,0.48960417,192.21967,Linear interpolation between WHO estimates,WHO estimate,WHO estimate
Jordan,JOR,2009,Eastern Mediterranean,32.866667,25.345108,0.47951224,188.01389,Linear interpolation between WHO estimates,WHO estimate,WHO estimate
Jordan,JOR,2010,Eastern Mediterranean,32.9,25.47607,0.46568075,191.5881,WHO estimate,WHO estimate,WHO estimate
Jordan,JOR,2011,Eastern Mediterranean,32.96,25.595205,0.42438661,199.09685,Linear interpolation between WHO estimates,WHO estimate,WHO estimate
Jordan,JOR,2012,Eastern Mediterranean,33.02,25.706345,0.42287336,186.7356,Linear interpolation between WHO estimates,WHO estimate,WHO estimate
Jordan,JOR,2015,Eastern Mediterranean,33.2,25.657293,0.32606358,169.21841,WHO estimate,WHO estimate,WHO estimate
Jordan,JOR,2016,Eastern Mediterranean,33.28,25.775826,0.31842517,180.141,Linear interpolation between WHO estimates,WHO estimate,WHO estimate
Jordan,JOR,2017,Eastern Mediterranean,33.36,25.889608,0.30223998,181.39755,Linear interpolation between WHO estimates,WHO estimate,WHO estimate
Jordan,JOR,2018,Eastern Mediterranean,33.44,25.995995,0.28509473,146.88702,Linear interpolation between WHO estimates,WHO estimate,WHO estimate
Kazakhstan,KAZ,2000,Europe,35.1,17.19352,2.8789789,597.82,WHO estimate,WHO estimate,WHO estimate
Kazakhstan,KAZ,2001,Europe,34.36,17.49822,2.8506473,608.9984,Linear interpolation between WHO estimates,WHO estimate,WHO estimate
Kazakhstan,KAZ,2002,Europe,33.62,17.795887,2.9376365,617.3408,Linear interpolation between WHO estimates,WHO estimate,WHO estimate
Kazakhstan,KAZ,2003,Europe,32.88,18.092663,3.1467708,647.9952,Linear interpolation between WHO estimates,WHO estimate,WHO estimate
Kazakhstan,KAZ,2004,Europe,32.14,18.405401,3.2398516,620.5657,Linear interpolation between WHO estimates,WHO estimate,WHO estimate
Kazakhstan,KAZ,2005,Europe,31.4,18.751516,3.4787316,635.6732,WHO estimate,WHO estimate,WHO estimate
Kazakhstan,KAZ,2006,Europe,30.8,19.143961,3.6659458,623.8633,Linear interpolation between WHO estimates,WHO estimate,WHO estimate
Kazakhstan,KAZ,2007,Europe,30.2,19.583609,3.9251607,613.28564,WHO estimate,WHO estimate,WHO estimate
Kazakhstan,KAZ,2008,Europe,29.6,20.064398,3.3788473,565.0008,Linear interpolation between WHO estimates,WHO estimate,WHO estimate
Kazakhstan,KAZ,2009,Europe,29,20.57155,3.1382296,473.1766,Linear interpolation between WHO estimates,WHO estimate,WHO estimate
Kazakhstan,KAZ,2010,Europe,28.4,21.090973,3.877721,470.5572,WHO estimate,WHO estimate,WHO estimate
Kazakhstan,KAZ,2011,Europe,27.84,21.620066,3.3651259,349.13965,Linear interpolation between WHO estimates,WHO estimate,WHO estimate
Kazakhstan,KAZ,2012,Europe,27.28,22.153301,3.6803639,282.80957,Linear interpolation between WHO estimates,WHO estimate,WHO estimate
Kazakhstan,KAZ,2013,Europe,26.72,22.691498,3.7526047,275.6605,Linear interpolation between WHO estimates,WHO estimate,WHO estimate
Kazakhstan,KAZ,2014,Europe,26.16,23.243813,3.5063683,232.19073,Linear interpolation between WHO estimates,WHO estimate,WHO estimate
Kazakhstan,KAZ,2015,Europe,25.6,23.826881,3.2856804,214.0349,WHO estimate,WHO estimate,WHO estimate
Kazakhstan,KAZ,2016,Europe,25.08,24.445477,3.528113,192.68298,Linear interpolation between WHO estimates,WHO estimate,WHO estimate
Kazakhstan,KAZ,2017,Europe,24.56,25.096273,3.6099739,185.90884,Linear interpolation between WHO estimates,WHO estimate,WHO estimate
Kazakhstan,KAZ,2018,Europe,24.04,25.772715,4.0593657,175.68442,Linear interpolation between WHO estimates,WHO estimate,WHO estimate
Kazakhstan,KAZ,2019,Europe,23.52,26.461849,3.6179745,167.0988,Linear interpolation between WHO estimates,WHO estimate,WHO estimate
Kazakhstan,KAZ,2020,Europe,23,27.142849,3.725202,196.17259,WHO estimate,WHO estimate,WHO estimate
Kazakhstan,KAZ,2021,Europe,22.55,27.796463,3.7792387,228.95827,Linear interpolation between WHO estimates,WHO estimate,WHO estimate
Kazakhstan,KAZ,2022,Europe,22.1,28.427849,5.3705388,149.47504,WHO estimate,WHO estimate,WHO estimate
Kazakhstan,KAZ,2023,Europe,21.7,,5.1859646,138.99355,WHO estimate,No WHO estimate,WHO estimate
Kuwait,KWT,2000,Eastern Mediterranean,20.9,55.772854,0.092573947,291.7579,WHO estimate,WHO estimate,WHO estimate
Kuwait,KWT,2001,Eastern Mediterranean,20.8,56.214165,0.085055936,274.95908,Linear interpolation between WHO estimates,WHO estimate,WHO estimate
Kuwait,KWT,2002,Eastern Mediterranean,20.7,56.644409,0.085997421,258.8697,Linear interpolation between WHO estimates,WHO estimate,WHO estimate
Kuwait,KWT,2003,Eastern Mediterranean,20.6,57.060833,0.091324613,335.39154,Linear interpolation between WHO estimates,WHO estimate,WHO estimate
Kuwait,KWT,2004,Eastern Mediterranean,20.5,57.465164,0.097824076,362.29327,Linear interpolation between WHO estimates,WHO estimate,WHO estimate
Kuwait,KWT,2005,Eastern Mediterranean,20.4,57.833363,0.10208252,331.30157,WHO estimate,WHO estimate,WHO estimate
Kuwait,KWT,2006,Eastern Mediterranean,20.3,58.14864,0.10455859,333.22122,Linear interpolation between WHO estimates,WHO estimate,WHO estimate
Kuwait,KWT,2007,Eastern Mediterranean,20.2,58.430817,0.10708677,216.70825,WHO estimate,WHO estimate,WHO estimate
Kuwait,KWT,2008,Eastern Mediterranean,20.133333,58.697914,0.097674767,234.40077,Linear interpolation between WHO estimates,WHO estimate,WHO estimate
Kuwait,KWT,2009,Eastern Mediterranean,20.066667,58.961712,0.088386784,228.4359,Linear interpolation between WHO estimates,WHO estimate,WHO estimate
Kuwait,KWT,2010,Eastern Mediterranean,20,59.233944,0.082396637,199.70015,WHO estimate,WHO estimate,WHO estimate
Kuwait,KWT,2011,Eastern Mediterranean,19.92,59.557079,0.076151584,182.55064,Linear interpolation between WHO estimates,WHO estimate,WHO estimate
Kuwait,KWT,2012,Eastern Mediterranean,19.84,59.91777,0.071454235,184.44365,Linear interpolation between WHO estimates,WHO estimate,WHO estimate
Kuwait,KWT,2013,Eastern Mediterranean,19.76,60.271118,0.069233388,166.6514,Linear interpolation between WHO estimates,WHO estimate,WHO estimate
Kuwait,KWT,2014,Eastern Mediterranean,19.68,60.612511,0.06626578,146.0641,Linear interpolation between WHO estimates,WHO estimate,WHO estimate
Kuwait,KWT,2015,Eastern Mediterranean,19.6,60.955505,0.059704489,176.55974,WHO estimate,WHO estimate,WHO estimate
Kuwait,KWT,2016,Eastern Mediterranean,19.56,61.277748,0.053505351,179.4173,Linear interpolation between WHO estimates,WHO estimate,WHO estimate
Kuwait,KWT,2017,Eastern Mediterranean,19.52,61.583752,0.047586769,174.34975,Linear interpolation between WHO estimates,WHO estimate,WHO estimate
Kuwait,KWT,2018,Eastern Mediterranean,19.48,61.857708,0.045024233,148.27039,Linear interpolation between WHO estimates,WHO estimate,WHO estimate
Kuwait,KWT,2019,Eastern Mediterranean,19.44,62.118298,0.038667736,154.12183,Linear interpolation between WHO estimates,WHO estimate,WHO estimate
Kuwait,KWT,2022,Eastern Mediterranean,19.3,63.097893,0.0363632,159.95096,WHO estimate,WHO estimate,WHO estimate
Kuwait,KWT,2023,Eastern Mediterranean,19.4,,0.052624891,127.16734,WHO estimate,No WHO estimate,WHO estimate
Kyrgyzstan,KGZ,2000,Europe,33.4,15.793822,3.7232668,507.87973,WHO estimate,WHO estimate,WHO estimate
Kyrgyzstan,KGZ,2001,Europe,32.84,15.785861,5.2100043,491.64886,Linear interpolation between WHO estimates,WHO estimate,WHO estimate
Kyrgyzstan,KGZ,2002,Europe,32.28,15.777013,5.7691898,538.3757,Linear interpolation between WHO estimates,WHO estimate,WHO estimate
Kyrgyzstan,KGZ,2003,Europe,31.72,15.769079,5.8424381,538.62256,Linear interpolation between WHO estimates,WHO estimate,WHO estimate
Kyrgyzstan,KGZ,2004,Europe,31.16,15.763937,6.0028177,505.003,Linear interpolation between WHO estimates,WHO estimate,WHO estimate
Kyrgyzstan,KGZ,2005,Europe,30.6,15.774943,6.0956222,537.21875,WHO estimate,WHO estimate,WHO estimate
Kyrgyzstan,KGZ,2006,Europe,30.05,15.818505,6.1490249,552.2825,Linear interpolation between WHO estimates,WHO estimate,WHO estimate
Kyrgyzstan,KGZ,2007,Europe,29.5,15.895362,6.175916,543.43634,WHO estimate,WHO estimate,WHO estimate
Kyrgyzstan,KGZ,2008,Europe,29.033333,15.997559,6.0863759,532.53973,Linear interpolation between WHO estimates,WHO estimate,WHO estimate
Kyrgyzstan,KGZ,2009,Europe,28.566667,16.116438,5.4962115,536.7965,Linear interpolation between WHO estimates,WHO estimate,WHO estimate
Kyrgyzstan,KGZ,2010,Europe,28.1,16.243361,5.9780508,527.4958,WHO estimate,WHO estimate,WHO estimate
Kyrgyzstan,KGZ,2011,Europe,27.62,16.373911,5.896544,531.6073,Linear interpolation between WHO estimates,WHO estimate,WHO estimate
Kyrgyzstan,KGZ,2012,Europe,27.14,16.504246,5.9315739,533.59406,Linear interpolation between WHO estimates,WHO estimate,WHO estimate
Kyrgyzstan,KGZ,2013,Europe,26.66,16.63221,5.9999835,494.0688,Linear interpolation between WHO estimates,WHO estimate,WHO estimate
Kyrgyzstan,KGZ,2014,Europe,26.18,16.765318,6.156249,493.60355,Linear interpolation between WHO estimates,WHO estimate,WHO estimate
Kyrgyzstan,KGZ,2015,Europe,25.7,16.916918,5.3577462,476.89795,WHO estimate,WHO estimate,WHO estimate
Kyrgyzstan,KGZ,2016,Europe,25.3,17.101019,5.3005177,433.08554,Linear interpolation between WHO estimates,WHO estimate,WHO estimate
Kyrgyzstan,KGZ,2017,Europe,24.9,17.317251,4.8465475,433.21268,Linear interpolation between WHO estimates,WHO estimate,WHO estimate
Kyrgyzstan,KGZ,2018,Europe,24.5,17.555653,4.3957383,415.2537,Linear interpolation between WHO estimates,WHO estimate,WHO estimate
Kyrgyzstan,KGZ,2019,Europe,24.1,17.815491,3.9832177,412.19324,Linear interpolation between WHO estimates,WHO estimate,WHO estimate
Kyrgyzstan,KGZ,2020,Europe,23.7,18.083414,3.1174259,490.67114,WHO estimate,WHO estimate,WHO estimate
Kyrgyzstan,KGZ,2021,Europe,23.35,18.354542,3.2895129,454.3948,Linear interpolation between WHO estimates,WHO estimate,WHO estimate
Kyrgyzstan,KGZ,2022,Europe,23,18.637306,3.4375692,380.63324,WHO estimate,WHO estimate,WHO estimate
Kyrgyzstan,KGZ,2023,Europe,22.6,,2.9848274,397.27606,WHO estimate,No WHO estimate,WHO estimate
Latvia,LVA,2000,Europe,44.3,23.009823,7.1300546,447.93152,WHO estimate,WHO estimate,WHO estimate
Latvia,LVA,2001,Europe,43.84,22.743122,6.6848019,464.82117,Linear interpolation between WHO estimates,WHO estimate,WHO estimate
Latvia,LVA,2002,Europe,43.38,22.479139,7.440223,459.51486,Linear interpolation between WHO estimates,WHO estimate,WHO estimate
Latvia,LVA,2003,Europe,42.92,22.213203,8.2406735,454.06592,Linear interpolation between WHO estimates,WHO estimate,WHO estimate
Latvia,LVA,2004,Europe,42.46,21.946474,8.8050933,444.33157,Linear interpolation between WHO estimates,WHO estimate,WHO estimate
Latvia,LVA,2005,Europe,42,21.685781,9.8,447.5076,WHO estimate,WHO estimate,WHO estimate
Latvia,LVA,2006,Europe,41.65,21.430336,10.4,436.37613,Linear interpolation between WHO estimates,WHO estimate,WHO estimate
Latvia,LVA,2007,Europe,41.3,21.182913,11.2,435.83313,WHO estimate,WHO estimate,WHO estimate
Latvia,LVA,2008,Europe,40.866667,20.955635,11.9,389.75906,Linear interpolation between WHO estimates,WHO estimate,WHO estimate
Latvia,LVA,2009,Europe,40.433333,20.745718,9.9,371.31326,Linear interpolation between WHO estimates,WHO estimate,WHO estimate
Latvia,LVA,2010,Europe,40,20.531727,9.8,369.36377,WHO estimate,WHO estimate,WHO estimate
Latvia,LVA,2011,Europe,39.56,20.317085,10.1,349.49078,Linear interpolation between WHO estimates,WHO estimate,WHO estimate
Latvia,LVA,2012,Europe,39.12,20.101633,10.3,351.68326,Linear interpolation between WHO estimates,WHO estimate,WHO estimate
Latvia,LVA,2013,Europe,38.68,19.877096,10.4,345.13846,Linear interpolation between WHO estimates,WHO estimate,WHO estimate
Latvia,LVA,2014,Europe,38.24,19.654079,10.6,334.21008,Linear interpolation between WHO estimates,WHO estimate,WHO estimate
Latvia,LVA,2015,Europe,37.8,19.435848,10.8,327.24466,WHO estimate,WHO estimate,WHO estimate
Latvia,LVA,2016,Europe,37.42,19.234871,11.3,319.85425,Linear interpolation between WHO estimates,WHO estimate,WHO estimate
Latvia,LVA,2017,Europe,37.04,19.057106,12.6,316.67178,Linear interpolation between WHO estimates,WHO estimate,WHO estimate
Latvia,LVA,2018,Europe,36.66,18.892939,13.2,310.93127,Linear interpolation between WHO estimates,WHO estimate,WHO estimate
Latvia,LVA,2019,Europe,36.28,18.736986,12.9,291.66214,Linear interpolation between WHO estimates,WHO estimate,WHO estimate
Latvia,LVA,2020,Europe,35.9,18.573036,12.640483,296.28012,WHO estimate,WHO estimate,WHO estimate
Latvia,LVA,2021,Europe,35.6,18.37178,12.3,332.68948,Linear interpolation between WHO estimates,WHO estimate,WHO estimate
Latvia,LVA,2022,Europe,35.3,18.173937,12.805773,313.34232,WHO estimate,WHO estimate,WHO estimate
Latvia,LVA,2023,Europe,34.9,,12.4,278.90048,WHO estimate,No WHO estimate,WHO estimate
Lebanon,LBN,2019,Eastern Mediterranean,43.88,56.185078,1.281141,90.07418,Linear interpolation between WHO estimates,WHO estimate,WHO estimate
Lebanon,LBN,2020,Eastern Mediterranean,44.5,57.369827,1.0937435,54.479336,WHO estimate,WHO estimate,WHO estimate
Lebanon,LBN,2021,Eastern Mediterranean,45.05,58.470909,1.1622977,61.361748,Linear interpolation between WHO estimates,WHO estimate,WHO estimate
Lebanon,LBN,2023,Eastern Mediterranean,46.3,,1.1649262,47.79989,WHO estimate,No WHO estimate,WHO estimate
Lithuania,LTU,2000,Europe,43.6,25.918167,10.7399,382.1818,WHO estimate,WHO estimate,WHO estimate
Lithuania,LTU,2001,Europe,42.98,25.818325,11.012693,399.03214,Linear interpolation between WHO estimates,WHO estimate,WHO estimate
Lithuania,LTU,2002,Europe,42.36,25.733402,11.868329,398.00662,Linear interpolation between WHO estimates,WHO estimate,WHO estimate
Lithuania,LTU,2003,Europe,41.74,25.662827,12.227074,390.42282,Linear interpolation between WHO estimates,WHO estimate,WHO estimate
Lithuania,LTU,2004,Europe,41.12,25.594738,13.100999,389.58157,Linear interpolation between WHO estimates,WHO estimate,WHO estimate
Lithuania,LTU,2005,Europe,40.5,25.526943,12.43311,406.1884,WHO estimate,WHO estimate,WHO estimate
Lithuania,LTU,2006,Europe,39.9,25.457212,13.327915,407.47107,Linear interpolation between WHO estimates,WHO estimate,WHO estimate
Lithuania,LTU,2007,Europe,39.3,25.383068,13.762499,400.40244,WHO estimate,WHO estimate,WHO estimate
Lithuania,LTU,2008,Europe,38.766667,25.317711,13.749889,375.80722,Linear interpolation between WHO estimates,WHO estimate,WHO estimate
Lithuania,LTU,2009,Europe,38.233333,25.263018,12.953736,359.3434,Linear interpolation between WHO estimates,WHO estimate,WHO estimate
Lithuania,LTU,2010,Europe,37.7,25.203625,12.173002,356.3636,WHO estimate,WHO estimate,WHO estimate
Lithuania,LTU,2011,Europe,37.24,25.136805,14.796938,341.87335,Linear interpolation between WHO estimates,WHO estimate,WHO estimate
Lithuania,LTU,2012,Europe,36.78,25.062639,15.001549,335.0073,Linear interpolation between WHO estimates,WHO estimate,WHO estimate
Lithuania,LTU,2013,Europe,36.32,24.975792,14.937078,328.69873,Linear interpolation between WHO estimates,WHO estimate,WHO estimate
Lithuania,LTU,2014,Europe,35.86,24.879915,10.120256,311.1402,Linear interpolation between WHO estimates,WHO estimate,WHO estimate
Lithuania,LTU,2015,Europe,35.4,24.788673,13.166619,319.15695,WHO estimate,WHO estimate,WHO estimate
Lithuania,LTU,2016,Europe,34.94,24.707031,12.52368,309.03983,Linear interpolation between WHO estimates,WHO estimate,WHO estimate
Lithuania,LTU,2017,Europe,34.48,24.634388,11.358064,292.85977,Linear interpolation between WHO estimates,WHO estimate,WHO estimate
Lithuania,LTU,2018,Europe,34.02,24.572531,10.751787,281.01346,Linear interpolation between WHO estimates,WHO estimate,WHO estimate
Lithuania,LTU,2019,Europe,33.56,24.523819,10.748122,266.22968,Linear interpolation between WHO estimates,WHO estimate,WHO estimate
Lithuania,LTU,2020,Europe,33.1,24.462669,10.978047,294.28946,WHO estimate,WHO estimate,WHO estimate
Lithuania,LTU,2021,Europe,32.7,24.370155,11.928388,294.0899,Linear interpolation between WHO estimates,WHO estimate,WHO estimate
Lithuania,LTU,2022,Europe,32.3,24.279987,10.991173,283.53363,WHO estimate,WHO estimate,WHO estimate
Lithuania,LTU,2023,Europe,31.7,,10.950949,238.87729,WHO estimate,No WHO estimate,WHO estimate
Luxembourg,LUX,2000,Europe,28.1,29.064762,7.0031186,173.10283,WHO estimate,WHO estimate,WHO estimate
Luxembourg,LUX,2001,Europe,27.9,28.448088,7.0701589,181.06102,Linear interpolation between WHO estimates,WHO estimate,WHO estimate
Luxembourg,LUX,2002,Europe,27.7,27.866026,7.0452348,177.4946,Linear interpolation between WHO estimates,WHO estimate,WHO estimate
Luxembourg,LUX,2003,Europe,27.5,27.241135,8.0190171,190.08783,Linear interpolation between WHO estimates,WHO estimate,WHO estimate
Luxembourg,LUX,2004,Europe,27.3,26.593384,7.5346955,163.03548,Linear interpolation between WHO estimates,WHO estimate,WHO estimate
Luxembourg,LUX,2005,Europe,27.1,25.950861,7.1209326,161.97586,WHO estimate,WHO estimate,WHO estimate
Luxembourg,LUX,2006,Europe,27,25.305187,6.5483621,166.4894,Linear interpolation between WHO estimates,WHO estimate,WHO estimate
Luxembourg,LUX,2007,Europe,26.9,24.654924,6.739618,150.1842,WHO estimate,WHO estimate,WHO estimate
Luxembourg,LUX,2008,Europe,26.7,23.990808,6.4969896,138.40326,Linear interpolation between WHO estimates,WHO estimate,WHO estimate
Luxembourg,LUX,2009,Europe,26.5,23.326817,6.4777979,132.96281,Linear interpolation between WHO estimates,WHO estimate,WHO estimate
Luxembourg,LUX,2010,Europe,26.3,22.654625,6.0160477,122.20283,WHO estimate,WHO estimate,WHO estimate
Luxembourg,LUX,2011,Europe,26.16,21.948843,6.4281915,119.57896,Linear interpolation between WHO estimates,WHO estimate,WHO estimate
Luxembourg,LUX,2012,Europe,26.02,21.238462,6.271432,110.55043,Linear interpolation between WHO estimates,WHO estimate,WHO estimate
Luxembourg,LUX,2013,Europe,25.88,20.562035,6.8421693,102.73006,Linear interpolation between WHO estimates,WHO estimate,WHO estimate
Luxembourg,LUX,2014,Europe,25.74,19.909311,7.5332133,97.61374,Linear interpolation between WHO estimates,WHO estimate,WHO estimate
Luxembourg,LUX,2015,Europe,25.6,19.267147,7.3226805,92.92849,WHO estimate,WHO estimate,WHO estimate
Luxembourg,LUX,2016,Europe,25.48,18.640636,9.0006495,95.97439,Linear interpolation between WHO estimates,WHO estimate,WHO estimate
Luxembourg,LUX,2017,Europe,25.36,18.042765,8.9535802,97.57406,Linear interpolation between WHO estimates,WHO estimate,WHO estimate
Luxembourg,LUX,2018,Europe,25.24,17.474392,10.020428,88.24319,Linear interpolation between WHO estimates,WHO estimate,WHO estimate
Luxembourg,LUX,2019,Europe,25.12,16.927572,10.695286,79.37911,Linear interpolation between WHO estimates,WHO estimate,WHO estimate
Luxembourg,LUX,2020,Europe,25,16.403467,10.545383,77.35233,WHO estimate,WHO estimate,WHO estimate
Luxembourg,LUX,2021,Europe,24.85,15.915457,11.255011,70.91903,Linear interpolation between WHO estimates,WHO estimate,WHO estimate
Luxembourg,LUX,2022,Europe,24.7,15.467244,11.022988,71.927,WHO estimate,WHO estimate,WHO estimate
Luxembourg,LUX,2023,Europe,24.6,,11.022988,70.5095,WHO estimate,No WHO estimate,WHO estimate
Malaysia,MYS,2000,Western Pacific,27.6,39.335869,0.56356826,113.08715,WHO estimate,WHO estimate,WHO estimate
Malaysia,MYS,2001,Western Pacific,26.98,39.413631,0.5263277,119.06479,Linear interpolation between WHO estimates,WHO estimate,WHO estimate
Malaysia,MYS,2002,Western Pacific,26.36,39.494457,0.51601714,113.8255,Linear interpolation between WHO estimates,WHO estimate,WHO estimate
Malaysia,MYS,2003,Western Pacific,25.74,39.576096,0.51196909,111.5029,Linear interpolation between WHO estimates,WHO estimate,WHO estimate
Malaysia,MYS,2004,Western Pacific,25.12,39.656742,0.51359899,109.57354,Linear interpolation between WHO estimates,WHO estimate,WHO estimate
Malaysia,MYS,2005,Western Pacific,24.5,39.736427,0.48487405,109.34683,WHO estimate,WHO estimate,WHO estimate
Malaysia,MYS,2006,Western Pacific,23.95,39.809528,0.44789226,107.91238,Linear interpolation between WHO estimates,WHO estimate,WHO estimate
Malaysia,MYS,2007,Western Pacific,23.4,39.869297,0.45573105,106.59867,WHO estimate,WHO estimate,WHO estimate
Malaysia,MYS,2008,Western Pacific,22.933333,39.90535,0.49492773,109.68874,Linear interpolation between WHO estimates,WHO estimate,WHO estimate
Malaysia,MYS,2009,Western Pacific,22.466667,39.910698,0.49153462,96.10945,Linear interpolation between WHO estimates,WHO estimate,WHO estimate
Malaysia,MYS,2010,Western Pacific,22,39.869102,0.51254688,92.83803,WHO estimate,WHO estimate,WHO estimate
Malaysia,MYS,2011,Western Pacific,21.54,39.793041,0.54349893,94.806404,Linear interpolation between WHO estimates,WHO estimate,WHO estimate
Malaysia,MYS,2012,Western Pacific,21.08,39.70879,0.55992747,91.50058,Linear interpolation between WHO estimates,WHO estimate,WHO estimate
Malaysia,MYS,2013,Western Pacific,20.62,39.62339,0.556904,87.89143,Linear interpolation between WHO estimates,WHO estimate,WHO estimate
Malaysia,MYS,2014,Western Pacific,20.16,39.542995,0.54762763,88.49979,Linear interpolation between WHO estimates,WHO estimate,WHO estimate
Malaysia,MYS,2015,Western Pacific,19.7,39.470718,0.61556842,91.07099,WHO estimate,WHO estimate,WHO estimate
Malaysia,MYS,2016,Western Pacific,19.36,39.40802,0.66628353,90.08388,Linear interpolation between WHO estimates,WHO estimate,WHO estimate
Malaysia,MYS,2017,Western Pacific,19.02,39.353264,0.69298545,104.9696,Linear interpolation between WHO estimates,WHO estimate,WHO estimate
Malaysia,MYS,2018,Western Pacific,18.68,39.305,0.65305083,136.16893,Linear interpolation between WHO estimates,WHO estimate,WHO estimate
Malaysia,MYS,2019,Western Pacific,18.34,39.262745,0.68096452,113.19008,Linear interpolation between WHO estimates,WHO estimate,WHO estimate
Malaysia,MYS,2020,Western Pacific,18,39.229305,0.60896554,119.34524,WHO estimate,WHO estimate,WHO estimate
Maldives,MDV,2000,South-East Asia,42.3,24.393038,0.29773536,31.486345,WHO estimate,WHO estimate,WHO estimate
Maldives,MDV,2001,South-East Asia,41.36,24.287458,0.28581338,253.8509,Linear interpolation between WHO estimates,WHO estimate,WHO estimate
Maldives,MDV,2002,South-East Asia,40.42,24.198433,0.40581231,239.40376,Linear interpolation between WHO estimates,WHO estimate,WHO estimate
Maldives,MDV,2003,South-East Asia,39.48,24.118366,0.45345733,297.17627,Linear interpolation between WHO estimates,WHO estimate,WHO estimate
Maldives,MDV,2004,South-East Asia,38.54,24.05015,0.49783666,128.91493,Linear interpolation between WHO estimates,WHO estimate,WHO estimate
Maldives,MDV,2005,South-East Asia,37.6,23.991468,0.42198094,39.523712,WHO estimate,WHO estimate,WHO estimate
Maldives,MDV,2007,South-East Asia,36,23.762579,0.59341714,257.75595,WHO estimate,WHO estimate,WHO estimate
Maldives,MDV,2008,South-East Asia,35.266667,23.620348,0.6113155,228.00816,Linear interpolation between WHO estimates,WHO estimate,WHO estimate
Maldives,MDV,2010,South-East Asia,33.8,23.335434,0.55369705,252.9829,WHO estimate,WHO estimate,WHO estimate
Maldives,MDV,2011,South-East Asia,33.12,23.187456,0.61617418,237.62485,Linear interpolation between WHO estimates,WHO estimate,WHO estimate
Maldives,MDV,2012,South-East Asia,32.44,23.041054,0.5906062,221.82495,Linear interpolation between WHO estimates,WHO estimate,WHO estimate
Maldives,MDV,2013,South-East Asia,31.76,22.897472,0.53011947,203.42694,Linear interpolation between WHO estimates,WHO estimate,WHO estimate
Maldives,MDV,2014,South-East Asia,31.08,22.785936,0.55011376,215.79953,Linear interpolation between WHO estimates,WHO estimate,WHO estimate
Maldives,MDV,2015,South-East Asia,30.4,22.708292,1.4269763,197.96652,WHO estimate,WHO estimate,WHO estimate
Maldives,MDV,2016,South-East Asia,29.84,22.64465,1.4110417,184.51863,Linear interpolation between WHO estimates,WHO estimate,WHO estimate
Maldives,MDV,2017,South-East Asia,29.28,22.596008,0.52343941,182.14691,Linear interpolation between WHO estimates,WHO estimate,WHO estimate
Maldives,MDV,2018,South-East Asia,28.72,22.563728,1.4489952,149.36906,Linear interpolation between WHO estimates,WHO estimate,WHO estimate
Maldives,MDV,2019,South-East Asia,28.16,22.549412,1.4967586,99.05189,Linear interpolation between WHO estimates,WHO estimate,WHO estimate
Maldives,MDV,2020,South-East Asia,27.6,22.549994,0.68276207,105.73899,WHO estimate,WHO estimate,WHO estimate
Maldives,MDV,2021,South-East Asia,27.1,22.564655,0.66020974,88.56567,Linear interpolation between WHO estimates,WHO estimate,WHO estimate
Malta,MLT,2000,Europe,32.6,56.415112,8.3815077,239.82756,WHO estimate,WHO estimate,WHO estimate
Malta,MLT,2001,Europe,32.18,55.962418,8.0403287,212.09,Linear interpolation between WHO estimates,WHO estimate,WHO estimate
Malta,MLT,2002,Europe,31.76,55.500919,8.0034124,214.80783,Linear interpolation between WHO estimates,WHO estimate,WHO estimate
Malta,MLT,2003,Europe,31.34,55.044674,6.186647,214.5567,Linear interpolation between WHO estimates,WHO estimate,WHO estimate
Malta,MLT,2004,Europe,30.92,54.603535,6.33028,189.02943,Linear interpolation between WHO estimates,WHO estimate,WHO estimate
Malta,MLT,2005,Europe,30.5,54.163994,6.6588763,200.62917,WHO estimate,WHO estimate,WHO estimate
Malta,MLT,2006,Europe,30.1,53.715633,7.1724996,191.34879,Linear interpolation between WHO estimates,WHO estimate,WHO estimate
Malta,MLT,2007,Europe,29.7,53.239719,7.9830111,170.58806,WHO estimate,WHO estimate,WHO estimate
Malta,MLT,2008,Europe,29.366667,52.723461,7.8478869,166.30838,Linear interpolation between WHO estimates,WHO estimate,WHO estimate
Malta,MLT,2009,Europe,29.033333,52.164482,7.8072391,155.35617,Linear interpolation between WHO estimates,WHO estimate,WHO estimate
Malta,MLT,2010,Europe,28.7,51.561131,7.7929093,138.9571,WHO estimate,WHO estimate,WHO estimate
Malta,MLT,2011,Europe,28.38,50.898724,8.3415803,169.59906,Linear interpolation between WHO estimates,WHO estimate,WHO estimate
Malta,MLT,2012,Europe,28.06,50.193035,8.7197968,177.24557,Linear interpolation between WHO estimates,WHO estimate,WHO estimate
Malta,MLT,2013,Europe,27.74,49.5019,9.1978011,138.68204,Linear interpolation between WHO estimates,WHO estimate,WHO estimate
Malta,MLT,2014,Europe,27.42,48.831879,9.3511562,128.24345,Linear interpolation between WHO estimates,WHO estimate,WHO estimate
Malta,MLT,2015,Europe,27.1,48.162846,9.5148007,133.25061,WHO estimate,WHO estimate,WHO estimate
Malta,MLT,2016,Europe,26.82,47.495621,10.010065,114.26814,Linear interpolation between WHO estimates,WHO estimate,WHO estimate
Malta,MLT,2017,Europe,26.54,46.840183,9.9382046,113.84808,Linear interpolation between WHO estimates,WHO estimate,WHO estimate
Malta,MLT,2018,Europe,26.26,46.190014,9.7370218,110.69922,Linear interpolation between WHO estimates,WHO estimate,WHO estimate
Malta,MLT,2019,Europe,25.98,45.540722,9.0731651,108.71578,Linear interpolation between WHO estimates,WHO estimate,WHO estimate
Malta,MLT,2020,Europe,25.7,44.899078,6.2701779,106.3992,WHO estimate,WHO estimate,WHO estimate
Malta,MLT,2021,Europe,25.35,44.258625,6.824863,100.49562,Linear interpolation between WHO estimates,WHO estimate,WHO estimate
Malta,MLT,2022,Europe,25,43.716095,7.6383014,96.05111,WHO estimate,WHO estimate,WHO estimate
Martinique,MTQ,2000,Unknown,,,,140.59314,No WHO estimate,No WHO estimate,No WHO estimate
Martinique,MTQ,2001,Unknown,,,,126.81541,No WHO estimate,No WHO estimate,No WHO estimate
Martinique,MTQ,2002,Unknown,,,,121.84415,No WHO estimate,No WHO estimate,No WHO estimate
Martinique,MTQ,2003,Unknown,,,,115.98988,No WHO estimate,No WHO estimate,No WHO estimate
Martinique,MTQ,2004,Unknown,,,,113.94616,No WHO estimate,No WHO estimate,No WHO estimate
Martinique,MTQ,2005,Unknown,,,,94.03784,No WHO estimate,No WHO estimate,No WHO estimate
Martinique,MTQ,2006,Unknown,,,,96.757454,No WHO estimate,No WHO estimate,No WHO estimate
Martinique,MTQ,2007,Unknown,,,,100.91767,No WHO estimate,No WHO estimate,No WHO estimate
Martinique,MTQ,2008,Unknown,,,,97.2845,No WHO estimate,No WHO estimate,No WHO estimate
Martinique,MTQ,2009,Unknown,,,,87.03592,No WHO estimate,No WHO estimate,No WHO estimate
Martinique,MTQ,2010,Unknown,,,,89.04144,No WHO estimate,No WHO estimate,No WHO estimate
Martinique,MTQ,2011,Unknown,,,,77.83833,No WHO estimate,No WHO estimate,No WHO estimate
Martinique,MTQ,2013,Unknown,,,,75.20458,No WHO estimate,No WHO estimate,No WHO estimate
Martinique,MTQ,2014,Unknown,,,,82.60651,No WHO estimate,No WHO estimate,No WHO estimate
Martinique,MTQ,2015,Unknown,,,,74.329956,No WHO estimate,No WHO estimate,No WHO estimate
Martinique,MTQ,2016,Unknown,,,,79.72018,No WHO estimate,No WHO estimate,No WHO estimate
Mauritius,MUS,2000,Africa,27,25.245846,2.1482586,431.32642,WHO estimate,WHO estimate,WHO estimate
Mauritius,MUS,2001,Africa,26.52,25.533113,2.0915053,410.1411,Linear interpolation between WHO estimates,WHO estimate,WHO estimate
Mauritius,MUS,2002,Africa,26.04,25.820812,1.8641011,435.1131,Linear interpolation between WHO estimates,WHO estimate,WHO estimate
Mauritius,MUS,2003,Africa,25.56,26.114168,1.9350704,437.874,Linear interpolation between WHO estimates,WHO estimate,WHO estimate
Mauritius,MUS,2004,Africa,25.08,26.415119,1.9139535,417.7795,Linear interpolation between WHO estimates,WHO estimate,WHO estimate
Mauritius,MUS,2005,Africa,24.6,26.714424,7.6391679,306.8499,WHO estimate,WHO estimate,WHO estimate
Mauritius,MUS,2006,Africa,24.15,27.003199,7.5038659,307.61,Linear interpolation between WHO estimates,WHO estimate,WHO estimate
Mauritius,MUS,2007,Africa,23.7,27.278255,7.4806273,278.2987,WHO estimate,WHO estimate,WHO estimate
Mauritius,MUS,2008,Africa,23.3,27.538486,7.2929916,274.34708,Linear interpolation between WHO estimates,WHO estimate,WHO estimate
Mauritius,MUS,2009,Africa,22.9,27.787813,7.4396524,248.82373,Linear interpolation between WHO estimates,WHO estimate,WHO estimate
Mauritius,MUS,2010,Africa,22.5,28.031019,7.5930639,237.44102,WHO estimate,WHO estimate,WHO estimate
Mauritius,MUS,2011,Africa,22.1,28.268654,7.6592738,223.7156,Linear interpolation between WHO estimates,WHO estimate,WHO estimate
Mauritius,MUS,2012,Africa,21.7,28.500408,7.4312544,224.31795,Linear interpolation between WHO estimates,WHO estimate,WHO estimate
Mauritius,MUS,2013,Africa,21.3,28.740967,7.5169181,207.79301,Linear interpolation between WHO estimates,WHO estimate,WHO estimate
Mauritius,MUS,2014,Africa,20.9,28.998024,7.4785564,211.42644,Linear interpolation between WHO estimates,WHO estimate,WHO estimate
Mauritius,MUS,2015,Africa,20.5,29.269855,7.7626658,217.66331,WHO estimate,WHO estimate,WHO estimate
Mauritius,MUS,2016,Africa,20.18,29.55566,8.2232159,232.70496,Linear interpolation between WHO estimates,WHO estimate,WHO estimate
Mauritius,MUS,2017,Africa,19.86,29.850832,8.1575147,207.87894,Linear interpolation between WHO estimates,WHO estimate,WHO estimate
Mauritius,MUS,2018,Africa,19.54,30.159071,8.2040122,233.79774,Linear interpolation between WHO estimates,WHO estimate,WHO estimate
Mauritius,MUS,2019,Africa,19.22,30.479986,7.993588,210.38913,Linear interpolation between WHO estimates,WHO estimate,WHO estimate
Mauritius,MUS,2020,Africa,18.9,30.819698,7.2255878,190.09956,WHO estimate,WHO estimate,WHO estimate
Mauritius,MUS,2021,Africa,18.55,31.168982,7.2169163,235.69098,Linear interpolation between WHO estimates,WHO estimate,WHO estimate
Mauritius,MUS,2022,Africa,18.2,31.515289,7.4990999,248.67546,WHO estimate,WHO estimate,WHO estimate
Mauritius,MUS,2023,Africa,17.8,,7.6593232,195.1199,WHO estimate,No WHO estimate,WHO estimate
Mayotte,MYT,2012,Unknown,,,,77.675354,No WHO estimate,No WHO estimate,No WHO estimate
Mayotte,MYT,2013,Unknown,,,,73.03217,No WHO estimate,No WHO estimate,No WHO estimate
Mayotte,MYT,2014,Unknown,,,,113.85062,No WHO estimate,No WHO estimate,No WHO estimate
Mayotte,MYT,2015,Unknown,,,,130.09166,No WHO estimate,No WHO estimate,No WHO estimate
Mayotte,MYT,2016,Unknown,,,,124.28148,No WHO estimate,No WHO estimate,No WHO estimate
Mexico,MEX,2000,Americas,21.2,21.113739,3.9435488,148.44194,WHO estimate,WHO estimate,WHO estimate
Mexico,MEX,2001,Americas,20.94,21.409693,3.8955821,145.15854,Linear interpolation between WHO estimates,WHO estimate,WHO estimate
Mexico,MEX,2002,Americas,20.68,21.70369,3.8318176,146.36617,Linear interpolation between WHO estimates,WHO estimate,WHO estimate
Mexico,MEX,2003,Americas,20.42,21.993706,3.9025553,146.15749,Linear interpolation between WHO estimates,WHO estimate,WHO estimate
Mexico,MEX,2004,Americas,20.16,22.279551,3.9330454,140.80455,Linear interpolation between WHO estimates,WHO estimate,WHO estimate
Mexico,MEX,2005,Americas,19.9,22.56348,4.0211642,141.12323,WHO estimate,WHO estimate,WHO estimate
Mexico,MEX,2006,Americas,19.65,22.849718,4.1762409,135.96442,Linear interpolation between WHO estimates,WHO estimate,WHO estimate
Mexico,MEX,2007,Americas,19.4,23.139977,4.3502258,137.19206,WHO estimate,WHO estimate,WHO estimate
Mexico,MEX,2008,Americas,19.166667,23.435575,4.3839906,142.37584,Linear interpolation between WHO estimates,WHO estimate,WHO estimate
Mexico,MEX,2009,Americas,18.933333,23.736645,4.501009,140.79497,Linear interpolation between WHO estimates,WHO estimate,WHO estimate
Mexico,MEX,2010,Americas,18.7,24.034538,4.181447,145.59187,WHO estimate,WHO estimate,WHO estimate
Mexico,MEX,2011,Americas,18.48,24.347527,4.1383407,139.90466,Linear interpolation between WHO estimates,WHO estimate,WHO estimate
Mexico,MEX,2012,Americas,18.26,24.677423,3.9989644,139.41682,Linear interpolation between WHO estimates,WHO estimate,WHO estimate
Mexico,MEX,2013,Americas,18.04,25.008301,3.872903,138.5737,Linear interpolation between WHO estimates,WHO estimate,WHO estimate
Mexico,MEX,2014,Americas,17.82,25.344536,4.0114151,143.3141,Linear interpolation between WHO estimates,WHO estimate,WHO estimate
Mexico,MEX,2015,Americas,17.6,25.685776,4.3527529,146.46335,WHO estimate,WHO estimate,WHO estimate
Mexico,MEX,2016,Americas,17.4,26.029938,4.4008867,148.83333,Linear interpolation between WHO estimates,WHO estimate,WHO estimate
Mexico,MEX,2017,Americas,17.2,26.376909,4.6947329,148.6703,Linear interpolation between WHO estimates,WHO estimate,WHO estimate
Mexico,MEX,2018,Americas,17,26.73015,4.8803526,150.48657,Linear interpolation between WHO estimates,WHO estimate,WHO estimate
Mexico,MEX,2019,Americas,16.8,27.068657,4.9767296,151.37212,Linear interpolation between WHO estimates,WHO estimate,WHO estimate
Mexico,MEX,2020,Americas,16.6,27.380531,4.6230857,198.48056,WHO estimate,WHO estimate,WHO estimate
Mexico,MEX,2021,Americas,16.35,27.687445,4.8502126,194.57265,Linear interpolation between WHO estimates,WHO estimate,WHO estimate
Mexico,MEX,2022,Americas,16.1,28.024441,5.4215517,168.76141,WHO estimate,WHO estimate,WHO estimate
Moldova,MDA,2000,Europe,23.4,16.328854,4.3796193,622.2433,WHO estimate,WHO estimate,WHO estimate
Moldova,MDA,2001,Europe,23.58,16.054348,5.2551965,606.7653,Linear interpolation between WHO estimates,WHO estimate,WHO estimate
Moldova,MDA,2002,Europe,23.76,15.776841,5.864353,631.42584,Linear interpolation between WHO estimates,WHO estimate,WHO estimate
Moldova,MDA,2003,Europe,23.94,15.489356,8.6628457,639.7061,Linear interpolation between WHO estimates,WHO estimate,WHO estimate
Moldova,MDA,2004,Europe,24.12,15.209842,9.9972333,602.2935,Linear interpolation between WHO estimates,WHO estimate,WHO estimate
Moldova,MDA,2005,Europe,24.3,14.940326,10.989108,641.1342,WHO estimate,WHO estimate,WHO estimate
Moldova,MDA,2006,Europe,24.6,14.677132,7.7058267,587.7414,Linear interpolation between WHO estimates,WHO estimate,WHO estimate
Moldova,MDA,2007,Europe,24.9,14.433929,7.4320566,561.41705,WHO estimate,WHO estimate,WHO estimate
Moldova,MDA,2008,Europe,25.1,14.210546,7.3913636,537.07874,Linear interpolation between WHO estimates,WHO estimate,WHO estimate
Moldova,MDA,2009,Europe,25.3,14.004911,5.9955942,535.70685,Linear interpolation between WHO estimates,WHO estimate,WHO estimate
Moldova,MDA,2010,Europe,25.5,13.814388,6.7605191,549.06616,WHO estimate,WHO estimate,WHO estimate
Moldova,MDA,2011,Europe,25.7,13.630435,8.1405674,497.96136,Linear interpolation between WHO estimates,WHO estimate,WHO estimate
Moldova,MDA,2012,Europe,25.9,13.439153,8.4990387,494.1437,Linear interpolation between WHO estimates,WHO estimate,WHO estimate
Moldova,MDA,2013,Europe,26.1,13.232382,9.0513791,469.51602,Linear interpolation between WHO estimates,WHO estimate,WHO estimate
Moldova,MDA,2014,Europe,26.3,13.015276,8.1003936,477.67337,Linear interpolation between WHO estimates,WHO estimate,WHO estimate
Moldova,MDA,2015,Europe,26.5,12.799898,7.4962968,474.75012,WHO estimate,WHO estimate,WHO estimate
Moldova,MDA,2016,Europe,26.74,12.606399,7.9548489,442.2106,Linear interpolation between WHO estimates,WHO estimate,WHO estimate
Moldova,MDA,2017,Europe,26.98,12.441722,8.3626311,422.1156,Linear interpolation between WHO estimates,WHO estimate,WHO estimate
Moldova,MDA,2018,Europe,27.22,12.306185,8.4924239,527.10077,Linear interpolation between WHO estimates,WHO estimate,WHO estimate
Moldova,MDA,2019,Europe,27.46,12.203619,8.6717928,523.9082,Linear interpolation between WHO estimates,WHO estimate,WHO estimate
Moldova,MDA,2020,Europe,27.7,12.100535,8.5244882,556.99945,WHO estimate,WHO estimate,WHO estimate
Moldova,MDA,2021,Europe,28,11.975447,10.245199,593.0265,Linear interpolation between WHO estimates,WHO estimate,WHO estimate
Moldova,MDA,2022,Europe,28.3,11.591944,9.8887823,518.89026,WHO estimate,WHO estimate,WHO estimate
Moldova,MDA,2023,Europe,28.7,,10.287376,470.157,WHO estimate,No WHO estimate,WHO estimate
Mongolia,MNG,2016,Western Pacific,30.5,18.672554,14.176224,312.3613,Linear interpolation between WHO estimates,WHO estimate,WHO estimate
Mongolia,MNG,2017,Western Pacific,30.4,19.83017,9.5589296,289.47183,Linear interpolation between WHO estimates,WHO estimate,WHO estimate
Mongolia,MNG,2018,Western Pacific,30.3,21.034775,11.005188,307.56705,Linear interpolation between WHO estimates,WHO estimate,WHO estimate
Mongolia,MNG,2019,Western Pacific,30.2,22.286831,9.6331337,275.33026,Linear interpolation between WHO estimates,WHO estimate,WHO estimate
Mongolia,MNG,2020,Western Pacific,30.1,23.59211,9.6359463,256.00702,WHO estimate,WHO estimate,WHO estimate
Mongolia,MNG,2021,Western Pacific,30,24.917517,6.0653608,299.76294,Linear interpolation between WHO estimates,WHO estimate,WHO estimate
Mongolia,MNG,2022,Western Pacific,29.9,26.270607,6.3625618,256.8948,WHO estimate,WHO estimate,WHO estimate
Mongolia,MNG,2023,Western Pacific,29.7,,5.8386253,245.80035,WHO estimate,No WHO estimate,WHO estimate
Montenegro,MNE,2000,Europe,36.8,20.468927,,383.9554,WHO estimate,WHO estimate,No WHO estimate
Montenegro,MNE,2001,Europe,36.76,20.560528,,376.14197,Linear interpolation between WHO estimates,WHO estimate,No WHO estimate
Montenegro,MNE,2002,Europe,36.72,20.652523,,353.76505,Linear interpolation between WHO estimates,WHO estimate,No WHO estimate
Montenegro,MNE,2003,Europe,36.68,20.742117,,368.25824,Linear interpolation between WHO estimates,WHO estimate,No WHO estimate
Montenegro,MNE,2004,Europe,36.64,20.840082,,372.6537,Linear interpolation between WHO estimates,WHO estimate,No WHO estimate
Montenegro,MNE,2005,Europe,36.6,20.94939,,379.34146,WHO estimate,WHO estimate,No WHO estimate
Montenegro,MNE,2006,Europe,36.6,21.077105,9.3581654,401.14926,Linear interpolation between WHO estimates,WHO estimate,WHO estimate
Montenegro,MNE,2007,Europe,36.6,21.238731,9.0691416,387.3196,WHO estimate,WHO estimate,WHO estimate
Montenegro,MNE,2008,Europe,36.6,21.437752,9.3168192,344.68323,Linear interpolation between WHO estimates,WHO estimate,WHO estimate
Montenegro,MNE,2009,Europe,36.6,21.663132,7.9905489,348.39017,Linear interpolation between WHO estimates,WHO estimate,WHO estimate
Montenegro,MNE,2017,Europe,36.7,23.57102,10.092602,182.72118,Linear interpolation between WHO estimates,WHO estimate,WHO estimate
Montenegro,MNE,2019,Europe,36.9,24.197605,10.149669,131.54285,Linear interpolation between WHO estimates,WHO estimate,WHO estimate
Netherlands,NLD,2000,Europe,34.8,21.192764,10.168459,174.07285,WHO estimate,WHO estimate,WHO estimate
Netherlands,NLD,2001,Europe,34.06,20.760859,9.8629982,164.76309,Linear interpolation between WHO estimates,WHO estimate,WHO estimate
Netherlands,NLD,2002,Europe,33.32,20.316643,9.7614737,163.42595,Linear interpolation between WHO estimates,WHO estimate,WHO estimate
Netherlands,NLD,2003,Europe,32.58,19.863436,9.5102897,157.20616,Linear interpolation between WHO estimates,WHO estimate,WHO estimate
Netherlands,NLD,2004,Europe,31.84,19.403984,9.5993947,146.22998,Linear interpolation between WHO estimates,WHO estimate,WHO estimate
Netherlands,NLD,2005,Europe,31.1,18.932688,9.5204073,138.72345,WHO estimate,WHO estimate,WHO estimate
Netherlands,NLD,2006,Europe,30.4,18.458315,9.583368,129.52605,Linear interpolation between WHO estimates,WHO estimate,WHO estimate
Netherlands,NLD,2007,Europe,29.7,17.984997,9.4498469,123.57241,WHO estimate,WHO estimate,WHO estimate
Netherlands,NLD,2008,Europe,29.066667,17.502672,9.5130709,117.53799,Linear interpolation between WHO estimates,WHO estimate,WHO estimate
Netherlands,NLD,2009,Europe,28.433333,17.013088,9.1284021,110.8556,Linear interpolation between WHO estimates,WHO estimate,WHO estimate
Netherlands,NLD,2010,Europe,27.8,16.52009,9.0753994,107.90192,WHO estimate,WHO estimate,WHO estimate
Netherlands,NLD,2011,Europe,27.22,16.024305,9.0115389,102.3282,Linear interpolation between WHO estimates,WHO estimate,WHO estimate
Netherlands,NLD,2012,Europe,26.64,15.528313,9.0666476,100.14109,Linear interpolation between WHO estimates,WHO estimate,WHO estimate
Netherlands,NLD,2013,Europe,26.06,15.041595,8.5868245,97.28936,Linear interpolation between WHO estimates,WHO estimate,WHO estimate
Netherlands,NLD,2014,Europe,25.48,14.573452,8.3839094,92.96863,Linear interpolation between WHO estimates,WHO estimate,WHO estimate
Netherlands,NLD,2015,Europe,24.9,14.117842,8.2891731,94.11274,WHO estimate,WHO estimate,WHO estimate
Netherlands,NLD,2016,Europe,24.4,13.691457,8.2791507,89.94741,Linear interpolation between WHO estimates,WHO estimate,WHO estimate
Netherlands,NLD,2017,Europe,23.9,13.293908,8.2710213,86.576256,Linear interpolation between WHO estimates,WHO estimate,WHO estimate
Netherlands,NLD,2018,Europe,23.4,12.901175,8.3452596,80.21951,Linear interpolation between WHO estimates,WHO estimate,WHO estimate
Netherlands,NLD,2019,Europe,22.9,12.518533,8.2535561,72.56911,Linear interpolation between WHO estimates,WHO estimate,WHO estimate
Netherlands,NLD,2020,Europe,22.4,12.141604,7.7980156,72.33867,WHO estimate,WHO estimate,WHO estimate
Netherlands,NLD,2021,Europe,21.9,11.770481,8.1644223,75.21127,Linear interpolation between WHO estimates,WHO estimate,WHO estimate
Netherlands,NLD,2022,Europe,21.4,11.425827,8.3285091,76.17331,WHO estimate,WHO estimate,WHO estimate
Netherlands,NLD,2023,Europe,20.9,,7.8039602,74.540565,WHO estimate,No WHO estimate,WHO estimate
New Zealand,NZL,2000,Western Pacific,30,22.296349,8.9740826,182.04431,WHO estimate,WHO estimate,WHO estimate
New Zealand,NZL,2001,Western Pacific,28.68,22.352718,8.8075886,183.22371,Linear interpolation between WHO estimates,WHO estimate,WHO estimate
New Zealand,NZL,2002,Western Pacific,27.36,22.347172,9.1331769,177.50255,Linear interpolation between WHO estimates,WHO estimate,WHO estimate
New Zealand,NZL,2003,Western Pacific,26.04,22.308912,8.9289119,167.19427,Linear interpolation between WHO estimates,WHO estimate,WHO estimate
New Zealand,NZL,2004,Western Pacific,24.72,22.269161,9.1613878,166.45813,Linear interpolation between WHO estimates,WHO estimate,WHO estimate
New Zealand,NZL,2005,Western Pacific,23.4,22.234133,9.3221451,150.40085,WHO estimate,WHO estimate,WHO estimate
New Zealand,NZL,2006,Western Pacific,22.3,22.196304,9.3600568,149.29759,Linear interpolation between WHO estimates,WHO estimate,WHO estimate
New Zealand,NZL,2007,Western Pacific,21.2,22.155527,9.2186204,140.88942,WHO estimate,WHO estimate,WHO estimate
New Zealand,NZL,2008,Western Pacific,20.233333,22.105194,9.5352822,135.13834,Linear interpolation between WHO estimates,WHO estimate,WHO estimate
New Zealand,NZL,2009,Western Pacific,19.266667,22.035517,9.3110271,130.3836,Linear interpolation between WHO estimates,WHO estimate,WHO estimate
New Zealand,NZL,2010,Western Pacific,18.3,21.957443,9.7183564,123.75434,WHO estimate,WHO estimate,WHO estimate
New Zealand,NZL,2011,Western Pacific,17.5,21.875658,9.5559396,123.26206,Linear interpolation between WHO estimates,WHO estimate,WHO estimate
New Zealand,NZL,2012,Western Pacific,16.7,21.781509,9.310921,117.75001,Linear interpolation between WHO estimates,WHO estimate,WHO estimate
New Zealand,NZL,2013,Western Pacific,15.9,21.666876,9.2754505,111.57484,Linear interpolation between WHO estimates,WHO estimate,WHO estimate
New Zealand,NZL,2014,Western Pacific,15.1,21.521486,9.0778731,112.18525,Linear interpolation between WHO estimates,WHO estimate,WHO estimate
New Zealand,NZL,2015,Western Pacific,14.3,21.362881,8.6725776,109.91273,WHO estimate,WHO estimate,WHO estimate
New Zealand,NZL,2016,Western Pacific,13.7,21.217808,8.8932939,102.00503,Linear interpolation between WHO estimates,WHO estimate,WHO estimate
New Zealand,NZL,2017,Western Pacific,13.1,21.089079,8.8198262,107.32381,Linear interpolation between WHO estimates,WHO estimate,WHO estimate
New Zealand,NZL,2018,Western Pacific,12.5,20.972776,8.7888869,103.47952,Linear interpolation between WHO estimates,WHO estimate,WHO estimate
Nicaragua,NIC,2005,Americas,,30.477343,3.7054483,150.48376,No WHO estimate,WHO estimate,WHO estimate
Nicaragua,NIC,2006,Americas,,30.831675,3.7032688,132.57935,No WHO estimate,WHO estimate,WHO estimate
Nicaragua,NIC,2007,Americas,,31.195366,3.8317849,146.96858,No WHO estimate,WHO estimate,WHO estimate
Nicaragua,NIC,2008,Americas,,31.57188,3.6475713,147.26102,No WHO estimate,WHO estimate,WHO estimate
Nicaragua,NIC,2009,Americas,,31.961199,3.3785026,140.72072,No WHO estimate,WHO estimate,WHO estimate
Nicaragua,NIC,2010,Americas,,32.362652,3.4036171,146.80475,No WHO estimate,WHO estimate,WHO estimate
Nicaragua,NIC,2011,Americas,,32.772686,3.4172002,144.18495,No WHO estimate,WHO estimate,WHO estimate
Nicaragua,NIC,2012,Americas,,33.185726,3.6666144,144.06038,No WHO estimate,WHO estimate,WHO estimate
Nicaragua,NIC,2013,Americas,,33.599327,3.6194215,149.86943,No WHO estimate,WHO estimate,WHO estimate
Nicaragua,NIC,2014,Americas,,34.014053,3.6010478,159.54121,No WHO estimate,WHO estimate,WHO estimate
Nicaragua,NIC,2015,Americas,,34.429333,3.782837,151.90942,No WHO estimate,WHO estimate,WHO estimate
Nicaragua,NIC,2016,Americas,,34.845898,3.8645197,155.32465,No WHO estimate,WHO estimate,WHO estimate
Nicaragua,NIC,2017,Americas,,35.266018,3.9371957,143.72406,No WHO estimate,WHO estimate,WHO estimate
Nicaragua,NIC,2018,Americas,,35.692535,3.8350481,140.54427,No WHO estimate,WHO estimate,WHO estimate
Nicaragua,NIC,2019,Americas,,36.126965,3.6481166,149.95934,No WHO estimate,WHO estimate,WHO estimate
Nicaragua,NIC,2020,Americas,,36.557449,3.312384,220.03566,No WHO estimate,WHO estimate,WHO estimate
Nicaragua,NIC,2021,Americas,,36.992107,3.5034734,265.0217,No WHO estimate,WHO estimate,WHO estimate
Nicaragua,NIC,2022,Americas,,37.443462,3.6431796,182.36073,No WHO estimate,WHO estimate,WHO estimate
North Macedonia,MKD,2000,Europe,41.5,22.413319,4.0133269,458.725,WHO estimate,WHO estimate,WHO estimate
North Macedonia,MKD,2001,Europe,41.36,22.513039,3.8272516,438.53928,Linear interpolation between WHO estimates,WHO estimate,WHO estimate
North Macedonia,MKD,2002,Europe,41.22,22.633104,3.8197112,473.544,Linear interpolation between WHO estimates,WHO estimate,WHO estimate
North Macedonia,MKD,2003,Europe,41.08,22.769695,3.8592741,463.16058,Linear interpolation between WHO estimates,WHO estimate,WHO estimate
North Macedonia,MKD,2004,Europe,40.94,22.924032,3.837206,455.37033,Linear interpolation between WHO estimates,WHO estimate,WHO estimate
North Macedonia,MKD,2005,Europe,40.8,23.093323,3.7477777,461.79648,WHO estimate,WHO estimate,WHO estimate
North Macedonia,MKD,2006,Europe,40.65,23.274794,3.9043375,450.77197,Linear interpolation between WHO estimates,WHO estimate,WHO estimate
North Macedonia,MKD,2007,Europe,40.5,23.464315,3.979241,456.12372,WHO estimate,WHO estimate,WHO estimate
North Macedonia,MKD,2008,Europe,40.4,23.665154,3.9958824,426.81,Linear interpolation between WHO estimates,WHO estimate,WHO estimate
North Macedonia,MKD,2009,Europe,40.3,23.882809,3.6568894,421.1714,Linear interpolation between WHO estimates,WHO estimate,WHO estimate
North Macedonia,MKD,2010,Europe,40.2,24.114878,3.7788146,411.49393,WHO estimate,WHO estimate,WHO estimate
North Macedonia,MKD,2011,Europe,40.14,24.35774,3.766957,417.74698,Linear interpolation between WHO estimates,WHO estimate,WHO estimate
North Macedonia,MKD,2012,Europe,40.08,24.615313,3.7791297,425.52933,Linear interpolation between WHO estimates,WHO estimate,WHO estimate
North Macedonia,MKD,2013,Europe,40.02,24.895403,3.8673485,387.7545,Linear interpolation between WHO estimates,WHO estimate,WHO estimate
North Macedonia,MKD,2015,Europe,39.9,25.503859,3.8734217,398.1107,WHO estimate,WHO estimate,WHO estimate
North Macedonia,MKD,2016,Europe,39.84,25.826645,3.9806335,354.6169,Linear interpolation between WHO estimates,WHO estimate,WHO estimate
North Macedonia,MKD,2017,Europe,39.78,26.168541,4.2213588,354.42657,Linear interpolation between WHO estimates,WHO estimate,WHO estimate
North Macedonia,MKD,2018,Europe,39.72,26.535585,4.5370103,328.2084,Linear interpolation between WHO estimates,WHO estimate,WHO estimate
North Macedonia,MKD,2019,Europe,39.66,26.92416,4.728612,256.22418,Linear interpolation between WHO estimates,WHO estimate,WHO estimate
North Macedonia,MKD,2020,Europe,39.6,27.294563,4.1915171,266.39276,WHO estimate,WHO estimate,WHO estimate
North Macedonia,MKD,2021,Europe,39.6,27.631781,4.6315278,286.9352,Linear interpolation between WHO estimates,WHO estimate,WHO estimate
North Macedonia,MKD,2022,Europe,39.6,27.968512,4.929152,242.44907,WHO estimate,WHO estimate,WHO estimate
North Macedonia,MKD,2023,Europe,39.5,,4.9824634,217.39899,WHO estimate,No WHO estimate,WHO estimate
Norway,NOR,2000,Europe,45.3,34.34742,5.67,180.9936,WHO estimate,WHO estimate,WHO estimate
Norway,NOR,2001,Europe,43.22,34.616261,5.49,175.04663,Linear interpolation between WHO estimates,WHO estimate,WHO estimate
Norway,NOR,2002,Europe,41.14,34.870316,5.89,170.39073,Linear interpolation between WHO estimates,WHO estimate,WHO estimate
Norway,NOR,2003,Europe,39.06,35.115139,6.04,157.19897,Linear interpolation between WHO estimates,WHO estimate,WHO estimate
Norway,NOR,2004,Europe,36.98,35.357498,6.22,147.94681,Linear interpolation between WHO estimates,WHO estimate,WHO estimate
Norway,NOR,2005,Europe,34.9,35.58139,6.37,133.97101,WHO estimate,WHO estimate,WHO estimate
Norway,NOR,2006,Europe,33.15,35.780506,6.47,131.40344,Linear interpolation between WHO estimates,WHO estimate,WHO estimate
Norway,NOR,2007,Europe,31.4,35.93903,6.6,128.50829,WHO estimate,WHO estimate,WHO estimate
Norway,NOR,2008,Europe,29.866667,36.059761,6.75,122.22562,Linear interpolation between WHO estimates,WHO estimate,WHO estimate
Norway,NOR,2009,Europe,28.333333,36.167824,6.68,115.00903,Linear interpolation between WHO estimates,WHO estimate,WHO estimate
Norway,NOR,2010,Europe,26.8,36.258339,6.59,110.94945,WHO estimate,WHO estimate,WHO estimate
Norway,NOR,2011,Europe,25.6,36.32132,6.44,106.87748,Linear interpolation between WHO estimates,WHO estimate,WHO estimate
Norway,NOR,2012,Europe,24.4,36.376575,6.21,106.41406,Linear interpolation between WHO estimates,WHO estimate,WHO estimate
Norway,NOR,2013,Europe,23.2,36.453556,6.21,97.46489,Linear interpolation between WHO estimates,WHO estimate,WHO estimate
Norway,NOR,2014,Europe,22,36.558895,6.0145807,92.70055,Linear interpolation between WHO estimates,WHO estimate,WHO estimate
Norway,NOR,2015,Europe,20.8,36.692074,5.9446479,90.753044,WHO estimate,WHO estimate,WHO estimate
Norway,NOR,2016,Europe,19.84,36.859627,6.0093099,84.29828,Linear interpolation between WHO estimates,WHO estimate,WHO estimate
Oman,OMN,2009,Eastern Mediterranean,7.7666667,32.284073,0.56198455,123.68401,Linear interpolation between WHO estimates,WHO estimate,WHO estimate
Oman,OMN,2010,Eastern Mediterranean,7.8,32.436234,0.58188464,114.82652,WHO estimate,WHO estimate,WHO estimate
Oman,OMN,2014,Eastern Mediterranean,8.04,33.44986,0.4284976,114.09944,Linear interpolation between WHO estimates,WHO estimate,WHO estimate
Oman,OMN,2016,Eastern Mediterranean,8.14,34.306286,0.47063033,136.61028,Linear interpolation between WHO estimates,WHO estimate,WHO estimate
Oman,OMN,2017,Eastern Mediterranean,8.18,34.775291,0.48867427,116.65959,Linear interpolation between WHO estimates,WHO estimate,WHO estimate
Oman,OMN,2018,Eastern Mediterranean,8.22,35.379459,0.51396604,95.42446,Linear interpolation between WHO estimates,WHO estimate,WHO estimate
Oman,OMN,2019,Eastern Mediterranean,8.26,36.076443,0.52592672,101.11881,Linear interpolation between WHO estimates,WHO estimate,WHO estimate
Oman,OMN,2020,Eastern Mediterranean,8.3,36.857651,0.34389925,66.20994,WHO estimate,WHO estimate,WHO estimate
Oman,OMN,2021,Eastern Mediterranean,8.35,37.508072,0.43087258,61.099384,Linear interpolation between WHO estimates,WHO estimate,WHO estimate
Panama,PAN,2000,Americas,13.3,34.340744,5.1398136,137.97401,WHO estimate,WHO estimate,WHO estimate
Panama,PAN,2001,Americas,12.8,35.256966,4.9418411,143.1514,Linear interpolation between WHO estimates,WHO estimate,WHO estimate
Panama,PAN,2002,Americas,12.3,36.195541,4.9788504,136.4245,Linear interpolation between WHO estimates,WHO estimate,WHO estimate
Panama,PAN,2003,Americas,11.8,37.155933,4.9539613,139.49756,Linear interpolation between WHO estimates,WHO estimate,WHO estimate
Panama,PAN,2004,Americas,11.3,38.138973,5.0209896,139.82944,Linear interpolation between WHO estimates,WHO estimate,WHO estimate
Panama,PAN,2005,Americas,10.8,39.144157,4.938848,150.96799,WHO estimate,WHO estimate,WHO estimate
Panama,PAN,2006,Americas,10.3,40.172028,5.1086841,135.3081,Linear interpolation between WHO estimates,WHO estimate,WHO estimate
Panama,PAN,2007,Americas,9.8,41.222416,5.4947879,140.9828,WHO estimate,WHO estimate,WHO estimate
Panama,PAN,2008,Americas,9.4333333,42.295204,6.0206825,134.4688,Linear interpolation between WHO estimates,WHO estimate,WHO estimate
Panama,PAN,2009,Americas,9.0666667,43.388386,6.1675757,142.15744,Linear interpolation between WHO estimates,WHO estimate,WHO estimate
Panama,PAN,2010,Americas,8.7,44.499496,6.189705,138.15659,WHO estimate,WHO estimate,WHO estimate
Panama,PAN,2011,Americas,8.38,45.627178,6.2457922,136.06871,Linear interpolation between WHO estimates,WHO estimate,WHO estimate
Panama,PAN,2012,Americas,8.06,46.766167,6.3719441,128.33694,Linear interpolation between WHO estimates,WHO estimate,WHO estimate
Panama,PAN,2013,Americas,7.74,47.910942,6.3796878,131.34846,Linear interpolation between WHO estimates,WHO estimate,WHO estimate
Panama,PAN,2014,Americas,7.42,49.058037,6.4928579,128.51057,Linear interpolation between WHO estimates,WHO estimate,WHO estimate
Panama,PAN,2015,Americas,7.1,50.201977,6.6092046,125.86383,WHO estimate,WHO estimate,WHO estimate
Panama,PAN,2016,Americas,6.82,51.339699,6.4006095,127.67791,Linear interpolation between WHO estimates,WHO estimate,WHO estimate
Panama,PAN,2017,Americas,6.54,52.470089,6.8613605,125.60863,Linear interpolation between WHO estimates,WHO estimate,WHO estimate
Panama,PAN,2018,Americas,6.26,53.59145,6.8344724,127.76051,Linear interpolation between WHO estimates,WHO estimate,WHO estimate
Panama,PAN,2019,Americas,5.98,54.704769,6.8000031,118.14504,Linear interpolation between WHO estimates,WHO estimate,WHO estimate
Panama,PAN,2021,Americas,5.5,56.887741,6.2676675,118.29201,Linear interpolation between WHO estimates,WHO estimate,WHO estimate
Panama,PAN,2022,Americas,5.3,57.953419,6.5756163,109.9593,WHO estimate,WHO estimate,WHO estimate
Paraguay,PRY,2000,Americas,31.2,22.040806,5.6102151,155.70454,WHO estimate,WHO estimate,WHO estimate
Paraguay,PRY,2001,Americas,29.44,22.478706,5.7398756,145.96606,Linear interpolation between WHO estimates,WHO estimate,WHO estimate
Paraguay,PRY,2002,Americas,27.68,22.933071,5.2216097,132.27531,Linear interpolation between WHO estimates,WHO estimate,WHO estimate
Paraguay,PRY,2003,Americas,25.92,23.399738,4.8335057,130.06233,Linear interpolation between WHO estimates,WHO estimate,WHO estimate
Paraguay,PRY,2004,Americas,24.16,23.878651,5.3115787,155.92783,Linear interpolation between WHO estimates,WHO estimate,WHO estimate
Paraguay,PRY,2005,Americas,22.4,24.371677,5.7797003,153.89964,WHO estimate,WHO estimate,WHO estimate
Paraguay,PRY,2006,Americas,21,24.880066,6.0261969,167.75606,Linear interpolation between WHO estimates,WHO estimate,WHO estimate
Paraguay,PRY,2007,Americas,19.6,25.407578,6.0857548,156.55418,WHO estimate,WHO estimate,WHO estimate
Paraguay,PRY,2008,Americas,18.4,25.954033,6.5077045,157.96155,Linear interpolation between WHO estimates,WHO estimate,WHO estimate
Paraguay,PRY,2009,Americas,17.2,26.519056,6.182916,174.38686,Linear interpolation between WHO estimates,WHO estimate,WHO estimate
Paraguay,PRY,2010,Americas,16,27.098948,6.5400902,177.39015,WHO estimate,WHO estimate,WHO estimate
Paraguay,PRY,2011,Americas,15.1,27.694878,6.4936392,166.05835,Linear interpolation between WHO estimates,WHO estimate,WHO estimate
Paraguay,PRY,2012,Americas,14.2,28.308857,6.1936523,155.50029,Linear interpolation between WHO estimates,WHO estimate,WHO estimate
Paraguay,PRY,2013,Americas,13.3,28.940683,6.1192594,158.13727,Linear interpolation between WHO estimates,WHO estimate,WHO estimate
Paraguay,PRY,2014,Americas,12.4,29.589796,5.9098433,141.22885,Linear interpolation between WHO estimates,WHO estimate,WHO estimate
Paraguay,PRY,2015,Americas,11.5,30.255205,5.768128,146.0188,WHO estimate,WHO estimate,WHO estimate
Paraguay,PRY,2016,Americas,10.86,30.935642,5.7049897,160.10027,Linear interpolation between WHO estimates,WHO estimate,WHO estimate
Paraguay,PRY,2017,Americas,10.22,31.626806,5.6495835,147.87823,Linear interpolation between WHO estimates,WHO estimate,WHO estimate
Paraguay,PRY,2018,Americas,9.58,32.325756,5.7055406,156.43214,Linear interpolation between WHO estimates,WHO estimate,WHO estimate
Paraguay,PRY,2019,Americas,8.94,33.033047,5.7354605,154.85078,Linear interpolation between WHO estimates,WHO estimate,WHO estimate
Paraguay,PRY,2020,Americas,8.3,33.744411,5.5772263,155.46509,WHO estimate,WHO estimate,WHO estimate
Paraguay,PRY,2021,Americas,7.8,34.438057,6.0196299,171.38795,Linear interpolation between WHO estimates,WHO estimate,WHO estimate
Peru,PER,2000,Americas,32.9,24.495977,2.2179739,96.43279,WHO estimate,WHO estimate,WHO estimate
Peru,PER,2001,Americas,31.62,24.761915,1.999578,93.32331,Linear interpolation between WHO estimates,WHO estimate,WHO estimate
Peru,PER,2002,Americas,30.34,25.054764,2.0879229,90.33886,Linear interpolation between WHO estimates,WHO estimate,WHO estimate
Peru,PER,2003,Americas,29.06,25.370173,2.2172925,96.8012,Linear interpolation between WHO estimates,WHO estimate,WHO estimate
Peru,PER,2004,Americas,27.78,25.705608,2.3656652,95.56057,Linear interpolation between WHO estimates,WHO estimate,WHO estimate
Peru,PER,2005,Americas,26.5,26.062611,2.583921,94.90573,WHO estimate,WHO estimate,WHO estimate
Peru,PER,2006,Americas,25.5,26.443609,2.7928506,84.42567,Linear interpolation between WHO estimates,WHO estimate,WHO estimate
Peru,PER,2007,Americas,24.5,26.847628,3.1022643,85.65005,WHO estimate,WHO estimate,WHO estimate
Peru,PER,2008,Americas,23.533333,27.285503,3.3080253,75.883575,Linear interpolation between WHO estimates,WHO estimate,WHO estimate
Peru,PER,2009,Americas,22.566667,27.753704,3.5004011,77.395676,Linear interpolation between WHO estimates,WHO estimate,WHO estimate
Peru,PER,2010,Americas,21.6,28.232979,3.6380468,79.17447,WHO estimate,WHO estimate,WHO estimate
Peru,PER,2011,Americas,20.8,28.721634,3.6714161,74.37713,Linear interpolation between WHO estimates,WHO estimate,WHO estimate
Peru,PER,2012,Americas,20,29.218525,3.8627494,71.15964,Linear interpolation between WHO estimates,WHO estimate,WHO estimate
Peru,PER,2013,Americas,19.2,29.724335,3.7867476,69.47598,Linear interpolation between WHO estimates,WHO estimate,WHO estimate
Peru,PER,2014,Americas,18.4,30.2302,3.8248892,66.99504,Linear interpolation between WHO estimates,WHO estimate,WHO estimate
Peru,PER,2015,Americas,17.6,30.728271,3.8473183,62.015743,WHO estimate,WHO estimate,WHO estimate
Peru,PER,2016,Americas,16.96,31.218332,3.8696882,54.629208,Linear interpolation between WHO estimates,WHO estimate,WHO estimate
Peru,PER,2017,Americas,16.32,31.726595,3.8688603,64.56024,Linear interpolation between WHO estimates,WHO estimate,WHO estimate
Peru,PER,2018,Americas,15.68,32.248497,3.8877051,64.8168,Linear interpolation between WHO estimates,WHO estimate,WHO estimate
Peru,PER,2019,Americas,15.04,32.785492,3.8097487,64.26168,Linear interpolation between WHO estimates,WHO estimate,WHO estimate
Peru,PER,2020,Americas,14.4,33.344402,3.1955209,93.44765,WHO estimate,WHO estimate,WHO estimate
Peru,PER,2021,Americas,13.9,33.90522,3.4828004,103.16925,Linear interpolation between WHO estimates,WHO estimate,WHO estimate
Peru,PER,2022,Americas,13.4,34.485886,3.6664544,79.437096,WHO estimate,WHO estimate,WHO estimate
Philippines,PHL,2000,Western Pacific,35.7,12.602612,4.741819,326.4922,WHO estimate,WHO estimate,WHO estimate
Philippines,PHL,2001,Western Pacific,34.86,13.511636,4.6337355,332.78082,Linear interpolation between WHO estimates,WHO estimate,WHO estimate
Philippines,PHL,2002,Western Pacific,34.02,14.474813,4.5301366,333.35837,Linear interpolation between WHO estimates,WHO estimate,WHO estimate
Philippines,PHL,2003,Western Pacific,33.18,15.498839,4.5898833,320.00452,Linear interpolation between WHO estimates,WHO estimate,WHO estimate
Philippines,PHL,2006,Western Pacific,30.7,18.931129,4.3361556,333.13596,Linear interpolation between WHO estimates,WHO estimate,WHO estimate
Philippines,PHL,2007,Western Pacific,29.9,20.195494,4.4705894,333.07828,WHO estimate,WHO estimate,WHO estimate
Philippines,PHL,2008,Western Pacific,29.133333,21.518208,4.545193,334.05933,Linear interpolation between WHO estimates,WHO estimate,WHO estimate
Philippines,PHL,2009,Western Pacific,28.366667,22.899597,4.7022352,347.4071,Linear interpolation between WHO estimates,WHO estimate,WHO estimate
Philippines,PHL,2010,Western Pacific,27.6,24.329931,5.1276672,342.25876,WHO estimate,WHO estimate,WHO estimate
Philippines,PHL,2011,Western Pacific,27,25.799826,5.0900118,334.67862,Linear interpolation between WHO estimates,WHO estimate,WHO estimate
Philippines,PHL,2014,Western Pacific,25.2,30.509174,4.7683249,299.1619,Linear interpolation between WHO estimates,WHO estimate,WHO estimate
Philippines,PHL,2016,Western Pacific,24.06,33.839268,4.644746,293.48868,Linear interpolation between WHO estimates,WHO estimate,WHO estimate
Philippines,PHL,2017,Western Pacific,23.52,35.553318,4.9298312,278.96017,Linear interpolation between WHO estimates,WHO estimate,WHO estimate
Philippines,PHL,2018,Western Pacific,22.98,37.299606,5.0865949,274.11188,Linear interpolation between WHO estimates,WHO estimate,WHO estimate
Philippines,PHL,2019,Western Pacific,22.44,39.072945,5.1166361,274.10104,Linear interpolation between WHO estimates,WHO estimate,WHO estimate
Poland,POL,2000,Europe,40.1,23.293814,8.0322813,332.57703,WHO estimate,WHO estimate,WHO estimate
Poland,POL,2001,Europe,39.14,23.88014,7.3693833,322.90344,Linear interpolation between WHO estimates,WHO estimate,WHO estimate
Poland,POL,2002,Europe,38.18,24.507505,7.6334902,307.32004,Linear interpolation between WHO estimates,WHO estimate,WHO estimate
Poland,POL,2003,Europe,37.22,25.147188,8.6538554,308.5252,Linear interpolation between WHO estimates,WHO estimate,WHO estimate
Poland,POL,2004,Europe,36.26,25.799725,8.7751058,294.69852,Linear interpolation between WHO estimates,WHO estimate,WHO estimate
Poland,POL,2005,Europe,35.3,26.477093,9.0604022,285.1241,WHO estimate,WHO estimate,WHO estimate
Poland,POL,2006,Europe,34.35,27.190912,9.7208726,276.34363,Linear interpolation between WHO estimates,WHO estimate,WHO estimate
Poland,POL,2007,Europe,33.4,27.935055,10.362052,271.59793,WHO estimate,WHO estimate,WHO estimate
Poland,POL,2008,Europe,32.533333,28.695864,10.778064,265.3606,Linear interpolation between WHO estimates,WHO estimate,WHO estimate
Poland,POL,2009,Europe,31.666667,29.46773,10.135684,264.698,Linear interpolation between WHO estimates,WHO estimate,WHO estimate
Poland,POL,2010,Europe,30.8,30.25164,10.053386,249.4241,WHO estimate,WHO estimate,WHO estimate
Poland,POL,2011,Europe,30.08,31.046757,10.235606,236.03664,Linear interpolation between WHO estimates,WHO estimate,WHO estimate
Poland,POL,2012,Europe,29.36,31.846846,10.215009,240.06058,Linear interpolation between WHO estimates,WHO estimate,WHO estimate
Poland,POL,2013,Europe,28.64,32.657471,10.814708,233.27928,Linear interpolation between WHO estimates,WHO estimate,WHO estimate
Poland,POL,2014,Europe,27.92,33.489132,10.477241,216.40826,Linear interpolation between WHO estimates,WHO estimate,WHO estimate
Poland,POL,2015,Europe,27.2,34.340809,10.49575,223.78166,WHO estimate,WHO estimate,WHO estimate
Poland,POL,2016,Europe,26.56,35.228004,10.467201,201.48987,Linear interpolation between WHO estimates,WHO estimate,WHO estimate
Poland,POL,2017,Europe,25.92,36.147408,10.577543,193.75255,Linear interpolation between WHO estimates,WHO estimate,WHO estimate
Poland,POL,2018,Europe,25.28,37.074139,10.679963,189.17584,Linear interpolation between WHO estimates,WHO estimate,WHO estimate
Poland,POL,2019,Europe,24.64,38.008404,10.994627,182.57413,Linear interpolation between WHO estimates,WHO estimate,WHO estimate
Poland,POL,2020,Europe,24,38.929462,10.862465,191.26498,WHO estimate,WHO estimate,WHO estimate
Poland,POL,2021,Europe,23.4,39.826504,10.958398,197.42813,Linear interpolation between WHO estimates,WHO estimate,WHO estimate
Poland,POL,2022,Europe,22.8,40.383694,10.511803,178.5302,WHO estimate,WHO estimate,WHO estimate
Portugal,PRT,2000,Europe,23.5,44.100704,12.826289,199.38426,WHO estimate,WHO estimate,WHO estimate
Portugal,PRT,2001,Europe,23.68,44.69405,12.690483,192.07751,Linear interpolation between WHO estimates,WHO estimate,WHO estimate
Portugal,PRT,2002,Europe,23.86,45.294147,12.569677,189.95897,Linear interpolation between WHO estimates,WHO estimate,WHO estimate
Portugal,PRT,2003,Europe,24.04,45.898788,12.286851,186.03667,Linear interpolation between WHO estimates,WHO estimate,WHO estimate
Portugal,PRT,2007,Europe,24.8,48.347836,11.568125,137.56633,WHO estimate,WHO estimate,WHO estimate
Portugal,PRT,2008,Europe,25,48.928139,11.493307,132.4393,Linear interpolation between WHO estimates,WHO estimate,WHO estimate
Portugal,PRT,2009,Europe,25.2,49.495678,11.528674,126.88254,Linear interpolation between WHO estimates,WHO estimate,WHO estimate
Portugal,PRT,2010,Europe,25.4,50.034286,11.288113,122.56958,WHO estimate,WHO estimate,WHO estimate
Portugal,PRT,2011,Europe,25.6,50.563656,10.890421,111.30152,Linear interpolation between WHO estimates,WHO estimate,WHO estimate
Portugal,PRT,2012,Europe,25.8,51.096474,9.7406464,111.23113,Linear interpolation between WHO estimates,WHO estimate,WHO estimate
Portugal,PRT,2013,Europe,26,51.625504,9.613635,105.18662,Linear interpolation between WHO estimates,WHO estimate,WHO estimate
Portugal,PRT,2014,Europe,26.2,52.154968,10.288918,107.89787,Linear interpolation between WHO estimates,WHO estimate,WHO estimate
Portugal,PRT,2015,Europe,26.4,52.682598,10.526612,105.19136,WHO estimate,WHO estimate,WHO estimate
Portugal,PRT,2016,Europe,26.64,53.199406,11.035872,103.91039,Linear interpolation between WHO estimates,WHO estimate,WHO estimate
Portugal,PRT,2017,Europe,26.88,53.704136,11.600939,100.87599,Linear interpolation between WHO estimates,WHO estimate,WHO estimate
Portugal,PRT,2018,Europe,27.12,54.202972,11.575963,99.36762,Linear interpolation between WHO estimates,WHO estimate,WHO estimate
Portugal,PRT,2019,Europe,27.36,54.688297,11.178489,95.013466,Linear interpolation between WHO estimates,WHO estimate,WHO estimate
Portugal,PRT,2022,Europe,28,56.098217,13.279607,87.88532,WHO estimate,WHO estimate,WHO estimate
Puerto Rico,PRI,2000,Americas,,34.48344,,154.79091,No WHO estimate,WHO estimate,No WHO estimate
Puerto Rico,PRI,2001,Americas,,34.96059,,160.02309,No WHO estimate,WHO estimate,No WHO estimate
Puerto Rico,PRI,2002,Americas,,35.437073,,145.35606,No WHO estimate,WHO estimate,No WHO estimate
Puerto Rico,PRI,2003,Americas,,35.917095,,145.69005,No WHO estimate,WHO estimate,No WHO estimate
Puerto Rico,PRI,2004,Americas,,36.403229,,143.96909,No WHO estimate,WHO estimate,No WHO estimate
Puerto Rico,PRI,2005,Americas,,36.901569,,144.13257,No WHO estimate,WHO estimate,No WHO estimate
Puerto Rico,PRI,2006,Americas,,37.408222,,136.42712,No WHO estimate,WHO estimate,No WHO estimate
Puerto Rico,PRI,2007,Americas,,37.91423,,132.70415,No WHO estimate,WHO estimate,No WHO estimate
Puerto Rico,PRI,2008,Americas,,38.415371,,124.37396,No WHO estimate,WHO estimate,No WHO estimate
Puerto Rico,PRI,2009,Americas,,38.910683,,122.75803,No WHO estimate,WHO estimate,No WHO estimate
Puerto Rico,PRI,2010,Americas,,39.401844,,118.34528,No WHO estimate,WHO estimate,No WHO estimate
Puerto Rico,PRI,2011,Americas,,39.896408,,117.91556,No WHO estimate,WHO estimate,No WHO estimate
Puerto Rico,PRI,2012,Americas,,40.400337,,111.09402,No WHO estimate,WHO estimate,No WHO estimate
Puerto Rico,PRI,2013,Americas,,40.918819,,107.71698,No WHO estimate,WHO estimate,No WHO estimate
Puerto Rico,PRI,2014,Americas,,41.464417,,107.13853,No WHO estimate,WHO estimate,No WHO estimate
Puerto Rico,PRI,2015,Americas,,42.042641,,100.20467,No WHO estimate,WHO estimate,No WHO estimate
Puerto Rico,PRI,2016,Americas,,42.647877,,101.50245,No WHO estimate,WHO estimate,No WHO estimate
Puerto Rico,PRI,2017,Americas,,43.265827,,105.55735,No WHO estimate,WHO estimate,No WHO estimate
Puerto Rico,PRI,2021,Americas,,45.440887,,98.46425,No WHO estimate,WHO estimate,No WHO estimate
Puerto Rico,PRI,2022,Americas,,45.946117,,104.20506,No WHO estimate,WHO estimate,No WHO estimate
Qatar,QAT,2001,Eastern Mediterranean,12.76,42.42651,0.76626922,299.59964,Linear interpolation between WHO estimates,WHO estimate,WHO estimate
Qatar,QAT,2004,Eastern Mediterranean,12.64,44.054951,1.1312224,141.69019,Linear interpolation between WHO estimates,WHO estimate,WHO estimate
Qatar,QAT,2005,Eastern Mediterranean,12.6,44.208405,1.2384336,178.175,WHO estimate,WHO estimate,WHO estimate
Qatar,QAT,2006,Eastern Mediterranean,12.6,43.845596,1.2077454,165.11482,Linear interpolation between WHO estimates,WHO estimate,WHO estimate
Qatar,QAT,2007,Eastern Mediterranean,12.6,43.634186,1.1482053,117.96159,WHO estimate,WHO estimate,WHO estimate
Qatar,QAT,2008,Eastern Mediterranean,12.566667,43.739838,1.1206541,127.57926,Linear interpolation between WHO estimates,WHO estimate,WHO estimate
Qatar,QAT,2009,Eastern Mediterranean,12.533333,44.256023,1.0936201,96.52712,Linear interpolation between WHO estimates,WHO estimate,WHO estimate
Qatar,QAT,2010,Eastern Mediterranean,12.5,45.05204,1.171889,97.24098,WHO estimate,WHO estimate,WHO estimate
Qatar,QAT,2011,Eastern Mediterranean,12.5,45.684399,1.197986,70.710785,Linear interpolation between WHO estimates,WHO estimate,WHO estimate
Qatar,QAT,2012,Eastern Mediterranean,12.5,46.129543,1.2266635,66.35807,Linear interpolation between WHO estimates,WHO estimate,WHO estimate
Qatar,QAT,2013,Eastern Mediterranean,12.5,46.533264,1.2628476,58.713596,Linear interpolation between WHO estimates,WHO estimate,WHO estimate
Qatar,QAT,2014,Eastern Mediterranean,12.5,46.870453,1.14638,86.412155,Linear interpolation between WHO estimates,WHO estimate,WHO estimate
Qatar,QAT,2015,Eastern Mediterranean,12.5,47.206551,1.117709,69.066444,WHO estimate,WHO estimate,WHO estimate
Qatar,QAT,2016,Eastern Mediterranean,12.5,47.612904,1.0449296,114.63622,Linear interpolation between WHO estimates,WHO estimate,WHO estimate
Qatar,QAT,2017,Eastern Mediterranean,12.5,48.074047,1.0457162,106.33189,Linear interpolation between WHO estimates,WHO estimate,WHO estimate
Qatar,QAT,2019,Eastern Mediterranean,12.5,49.20158,1.092702,80.22281,Linear interpolation between WHO estimates,WHO estimate,WHO estimate
Qatar,QAT,2020,Eastern Mediterranean,12.5,49.875938,0.91646503,93.67135,WHO estimate,WHO estimate,WHO estimate
Qatar,QAT,2021,Eastern Mediterranean,12.5,50.529331,0.94648277,85.76279,Linear interpolation between WHO estimates,WHO estimate,WHO estimate
Qatar,QAT,2022,Eastern Mediterranean,12.5,51.07246,1.3428261,79.087105,WHO estimate,WHO estimate,WHO estimate
Qatar,QAT,2023,Eastern Mediterranean,12.5,,1.027205,67.08759,WHO estimate,No WHO estimate,WHO estimate
Reunion,REU,2001,Unknown,,,,176.99002,No WHO estimate,No WHO estimate,No WHO estimate
Reunion,REU,2002,Unknown,,,,182.56061,No WHO estimate,No WHO estimate,No WHO estimate
Reunion,REU,2003,Unknown,,,,173.27556,No WHO estimate,No WHO estimate,No WHO estimate
Reunion,REU,2004,Unknown,,,,170.20242,No WHO estimate,No WHO estimate,No WHO estimate
Reunion,REU,2005,Unknown,,,,175.75334,No WHO estimate,No WHO estimate,No WHO estimate
Reunion,REU,2006,Unknown,,,,164.55605,No WHO estimate,No WHO estimate,No WHO estimate
Reunion,REU,2007,Unknown,,,,137.49837,No WHO estimate,No WHO estimate,No WHO estimate
Reunion,REU,2008,Unknown,,,,129.80815,No WHO estimate,No WHO estimate,No WHO estimate
Reunion,REU,2009,Unknown,,,,131.3438,No WHO estimate,No WHO estimate,No WHO estimate
Reunion,REU,2010,Unknown,,,,131.05992,No WHO estimate,No WHO estimate,No WHO estimate
Reunion,REU,2011,Unknown,,,,113.83005,No WHO estimate,No WHO estimate,No WHO estimate
Reunion,REU,2012,Unknown,,,,104.31727,No WHO estimate,No WHO estimate,No WHO estimate
Reunion,REU,2013,Unknown,,,,98.1181,No WHO estimate,No WHO estimate,No WHO estimate
Reunion,REU,2014,Unknown,,,,90.19239,No WHO estimate,No WHO estimate,No WHO estimate
Reunion,REU,2015,Unknown,,,,90.89944,No WHO estimate,No WHO estimate,No WHO estimate
Reunion,REU,2016,Unknown,,,,94.062416,No WHO estimate,No WHO estimate,No WHO estimate
Romania,ROU,2000,Europe,38.7,19.887213,9.0126062,497.814,WHO estimate,WHO estimate,WHO estimate
Romania,ROU,2001,Europe,38.24,20.503191,12.061457,492.93265,Linear interpolation between WHO estimates,WHO estimate,WHO estimate
Romania,ROU,2002,Europe,37.78,21.153852,13.13468,519.23566,Linear interpolation between WHO estimates,WHO estimate,WHO estimate
Romania,ROU,2003,Europe,37.32,21.836931,11.552524,511.2204,Linear interpolation between WHO estimates,WHO estimate,WHO estimate
Romania,ROU,2004,Europe,36.86,22.548719,11.783306,482.294,Linear interpolation between WHO estimates,WHO estimate,WHO estimate
Romania,ROU,2005,Europe,36.4,23.299398,9.6388667,479.14038,WHO estimate,WHO estimate,WHO estimate
Romania,ROU,2006,Europe,36.05,24.111225,9.9070436,459.51782,Linear interpolation between WHO estimates,WHO estimate,WHO estimate
Romania,ROU,2007,Europe,35.7,24.989571,11.078276,429.78384,WHO estimate,WHO estimate,WHO estimate
Romania,ROU,2008,Europe,35.3,25.927719,12.385583,414.9637,Linear interpolation between WHO estimates,WHO estimate,WHO estimate
Romania,ROU,2009,Europe,34.9,26.918224,11.008037,407.5775,Linear interpolation between WHO estimates,WHO estimate,WHO estimate
Romania,ROU,2010,Europe,34.5,27.938908,10.004401,400.5455,WHO estimate,WHO estimate,WHO estimate
Romania,ROU,2011,Europe,34.16,28.943459,9.5820169,378.60556,Linear interpolation between WHO estimates,WHO estimate,WHO estimate
Romania,ROU,2012,Europe,33.82,29.91864,9.6636561,370.88174,Linear interpolation between WHO estimates,WHO estimate,WHO estimate
Romania,ROU,2013,Europe,33.48,30.892008,9.6604353,347.8201,Linear interpolation between WHO estimates,WHO estimate,WHO estimate
Romania,ROU,2014,Europe,33.14,31.886408,9.5055176,343.4207,Linear interpolation between WHO estimates,WHO estimate,WHO estimate
Romania,ROU,2015,Europe,32.8,32.914623,9.4791534,346.58524,WHO estimate,WHO estimate,WHO estimate
Romania,ROU,2016,Europe,32.44,33.98595,9.6156715,331.64706,Linear interpolation between WHO estimates,WHO estimate,WHO estimate
Romania,ROU,2017,Europe,32.08,35.105499,10.206053,329.80502,Linear interpolation between WHO estimates,WHO estimate,WHO estimate
Romania,ROU,2018,Europe,31.72,36.253574,11.018422,324.00928,Linear interpolation between WHO estimates,WHO estimate,WHO estimate
Romania,ROU,2019,Europe,31.36,37.407757,10.914066,310.1488,Linear interpolation between WHO estimates,WHO estimate,WHO estimate
Romania,ROU,2020,Europe,31,38.525803,10.395534,344.78473,WHO estimate,WHO estimate,WHO estimate
Romania,ROU,2022,Europe,30.4,40.396618,11.503365,329.56818,WHO estimate,WHO estimate,WHO estimate
Russia,RUS,2000,Europe,39.6,11.489715,10.891511,602.8271,WHO estimate,WHO estimate,WHO estimate
Russia,RUS,2001,Europe,38.98,11.715625,11.158765,608.8832,Linear interpolation between WHO estimates,WHO estimate,WHO estimate
Russia,RUS,2002,Europe,38.36,11.938215,11.522778,630.85675,Linear interpolation between WHO estimates,WHO estimate,WHO estimate
Russia,RUS,2003,Europe,37.74,12.162992,11.972327,655.21027,Linear interpolation between WHO estimates,WHO estimate,WHO estimate
Russia,RUS,2004,Europe,37.12,12.408459,12.093461,629.1148,Linear interpolation between WHO estimates,WHO estimate,WHO estimate
Russia,RUS,2005,Europe,36.5,12.694279,12.209493,630.6599,WHO estimate,WHO estimate,WHO estimate
Russia,RUS,2006,Europe,35.95,13.027403,12.444509,588.9253,Linear interpolation between WHO estimates,WHO estimate,WHO estimate
Russia,RUS,2007,Europe,35.4,13.404579,12.850145,555.16724,WHO estimate,WHO estimate,WHO estimate
Russia,RUS,2008,Europe,34.766667,13.807991,12.710088,546.3973,Linear interpolation between WHO estimates,WHO estimate,WHO estimate
Russia,RUS,2009,Europe,34.133333,14.223851,11.897977,515.44147,Linear interpolation between WHO estimates,WHO estimate,WHO estimate
Russia,RUS,2010,Europe,33.5,14.642467,11.598735,508.66122,WHO estimate,WHO estimate,WHO estimate
Russia,RUS,2011,Europe,33,15.057847,11.575745,464.4689,Linear interpolation between WHO estimates,WHO estimate,WHO estimate
Russia,RUS,2012,Europe,32.5,15.461161,11.522267,443.60635,Linear interpolation between WHO estimates,WHO estimate,WHO estimate
Russia,RUS,2013,Europe,32,15.842813,10.728014,414.61182,Linear interpolation between WHO estimates,WHO estimate,WHO estimate
Russia,RUS,2014,Europe,31.5,16.224003,9.7707077,392.74933,Linear interpolation between WHO estimates,WHO estimate,WHO estimate
Russia,RUS,2015,Europe,31,16.635269,8.849296,368.79694,WHO estimate,WHO estimate,WHO estimate
Russia,RUS,2016,Europe,30.56,17.098368,8.6592349,352.90665,Linear interpolation between WHO estimates,WHO estimate,WHO estimate
Russia,RUS,2017,Europe,30.12,17.618776,7.0223651,331.66583,Linear interpolation between WHO estimates,WHO estimate,WHO estimate
Russia,RUS,2018,Europe,29.68,18.16379,6.9642651,327.73087,Linear interpolation between WHO estimates,WHO estimate,WHO estimate
Russia,RUS,2019,Europe,29.24,18.721916,6.9145204,314.40408,Linear interpolation between WHO estimates,WHO estimate,WHO estimate
Saint Lucia,LCA,2000,Americas,19.9,23.890047,11.690542,171.73302,WHO estimate,WHO estimate,WHO estimate
Saint Lucia,LCA,2001,Americas,19.6,23.766842,11.539719,190.52289,Linear interpolation between WHO estimates,WHO estimate,WHO estimate
Saint Lucia,LCA,2002,Americas,19.3,23.616985,11.764117,169.5649,Linear interpolation between WHO estimates,WHO estimate,WHO estimate
Saint Lucia,LCA,2003,Americas,19,23.455942,12.403627,214.77313,Linear interpolation between WHO estimates,WHO estimate,WHO estimate
Saint Lucia,LCA,2004,Americas,18.7,23.30018,12.507378,188.6233,Linear interpolation between WHO estimates,WHO estimate,WHO estimate
Saint Lucia,LCA,2005,Americas,18.4,23.151436,12.873066,247.70761,WHO estimate,WHO estimate,WHO estimate
Saint Lucia,LCA,2006,Americas,18.05,23.004604,13.099214,198.21309,Linear interpolation between WHO estimates,WHO estimate,WHO estimate
Saint Lucia,LCA,2008,Americas,17.433333,22.714355,12.240375,186.12985,Linear interpolation between WHO estimates,WHO estimate,WHO estimate
Saint Lucia,LCA,2009,Americas,17.166667,22.570297,11.294905,179.06589,Linear interpolation between WHO estimates,WHO estimate,WHO estimate
Saint Lucia,LCA,2010,Americas,16.9,22.408548,11.963917,200.70564,WHO estimate,WHO estimate,WHO estimate
Saint Lucia,LCA,2011,Americas,16.66,22.232059,11.724999,136.71828,Linear interpolation between WHO estimates,WHO estimate,WHO estimate
Saint Lucia,LCA,2012,Americas,16.42,22.065256,11.256414,174.7047,Linear interpolation between WHO estimates,WHO estimate,WHO estimate
Saint Lucia,LCA,2013,Americas,16.18,21.908152,10.793579,186.90839,Linear interpolation between WHO estimates,WHO estimate,WHO estimate
Saint Lucia,LCA,2014,Americas,15.94,21.759672,10.909263,195.25934,Linear interpolation between WHO estimates,WHO estimate,WHO estimate
Saint Lucia,LCA,2015,Americas,15.7,21.626871,11.142714,156.53976,WHO estimate,WHO estimate,WHO estimate
Saint Lucia,LCA,2016,Americas,15.5,21.509192,11.690337,168.63205,Linear interpolation between WHO estimates,WHO estimate,WHO estimate
Saint Lucia,LCA,2017,Americas,15.3,21.407621,11.851867,157.87546,Linear interpolation between WHO estimates,WHO estimate,WHO estimate
Saint Lucia,LCA,2018,Americas,15.1,21.322935,11.881518,156.3499,Linear interpolation between WHO estimates,WHO estimate,WHO estimate
Saint Lucia,LCA,2019,Americas,14.9,21.255047,11.960972,174.52597,Linear interpolation between WHO estimates,WHO estimate,WHO estimate
Saint Lucia,LCA,2020,Americas,14.7,21.207077,10.475752,152.78647,WHO estimate,WHO estimate,WHO estimate
Saint Vincent and the Grenadines,VCT,2000,Americas,,24.153719,4.7488443,240.14275,No WHO estimate,WHO estimate,WHO estimate
Saint Vincent and the Grenadines,VCT,2001,Americas,,24.382513,4.6946452,267.29224,No WHO estimate,WHO estimate,WHO estimate
Saint Vincent and the Grenadines,VCT,2002,Americas,,24.632103,4.8282579,275.05362,No WHO estimate,WHO estimate,WHO estimate
Saint Vincent and the Grenadines,VCT,2003,Americas,,24.893063,5.0384163,282.84778,No WHO estimate,WHO estimate,WHO estimate
Saint Vincent and the Grenadines,VCT,2004,Americas,,25.170019,5.4361075,248.42241,No WHO estimate,WHO estimate,WHO estimate
Saint Vincent and the Grenadines,VCT,2005,Americas,,25.461685,5.9891545,294.0536,No WHO estimate,WHO estimate,WHO estimate
Saint Vincent and the Grenadines,VCT,2006,Americas,,25.766108,5.8329715,259.36594,No WHO estimate,WHO estimate,WHO estimate
Saint Vincent and the Grenadines,VCT,2007,Americas,,26.084869,5.7342633,284.49527,No WHO estimate,WHO estimate,WHO estimate
Saint Vincent and the Grenadines,VCT,2008,Americas,,26.409616,6.691214,333.9074,No WHO estimate,WHO estimate,WHO estimate
Saint Vincent and the Grenadines,VCT,2009,Americas,,26.738857,6.5767584,294.44778,No WHO estimate,WHO estimate,WHO estimate
Saint Vincent and the Grenadines,VCT,2010,Americas,,27.073124,6.830581,278.71063,No WHO estimate,WHO estimate,WHO estimate
Saint Vincent and the Grenadines,VCT,2011,Americas,,27.412149,6.872766,291.7059,No WHO estimate,WHO estimate,WHO estimate
Saint Vincent and the Grenadines,VCT,2012,Americas,,27.751463,6.8032064,256.28604,No WHO estimate,WHO estimate,WHO estimate
Saint Vincent and the Grenadines,VCT,2013,Americas,,28.097204,6.9409919,262.8931,No WHO estimate,WHO estimate,WHO estimate
Saint Vincent and the Grenadines,VCT,2014,Americas,,28.45496,7.0940512,316.07385,No WHO estimate,WHO estimate,WHO estimate
Saint Vincent and the Grenadines,VCT,2015,Americas,,28.822964,7.5583316,221.3325,No WHO estimate,WHO estimate,WHO estimate
Saint Vincent and the Grenadines,VCT,2016,Americas,,29.208788,8.096849,243.8316,No WHO estimate,WHO estimate,WHO estimate
Saint Vincent and the Grenadines,VCT,2017,Americas,,29.598501,8.441306,232.36421,No WHO estimate,WHO estimate,WHO estimate
Saint Vincent and the Grenadines,VCT,2018,Americas,,29.98662,8.4738659,248.05063,No WHO estimate,WHO estimate,WHO estimate
Saint Vincent and the Grenadines,VCT,2019,Americas,,30.37598,8.7440539,240.15053,No WHO estimate,WHO estimate,WHO estimate
Saint Vincent and the Grenadines,VCT,2020,Americas,,30.746464,7.5672735,283.98773,No WHO estimate,WHO estimate,WHO estimate
Saint Vincent and the Grenadines,VCT,2021,Americas,,31.097046,7.9159639,292.38162,No WHO estimate,WHO estimate,WHO estimate
Saint Vincent and the Grenadines,VCT,2022,Americas,,31.437099,8.5928489,281.44485,No WHO estimate,WHO estimate,WHO estimate
Saudi Arabia,SAU,2021,Eastern Mediterranean,14.65,49.81448,0,229.60562,Linear interpolation between WHO estimates,WHO estimate,WHO estimate
Saudi Arabia,SAU,2022,Eastern Mediterranean,14.7,49.593811,0,204.3763,WHO estimate,WHO estimate,WHO estimate
Saudi Arabia,SAU,2023,Eastern Mediterranean,14.7,,0,191.50468,WHO estimate,No WHO estimate,WHO estimate
Serbia,SRB,2000,Europe,41.8,50.818031,,489.67435,WHO estimate,WHO estimate,No WHO estimate
Serbia,SRB,2001,Europe,41.68,50.736217,,450.5142,Linear interpolation between WHO estimates,WHO estimate,No WHO estimate
Serbia,SRB,2002,Europe,41.56,50.658596,,459.51898,Linear interpolation between WHO estimates,WHO estimate,No WHO estimate
Serbia,SRB,2003,Europe,41.44,50.572556,,455.97418,Linear interpolation between WHO estimates,WHO estimate,No WHO estimate
Serbia,SRB,2004,Europe,41.32,50.482666,,435.97885,Linear interpolation between WHO estimates,WHO estimate,No WHO estimate
Serbia,SRB,2005,Europe,41.2,50.392048,,450.86652,WHO estimate,WHO estimate,No WHO estimate
Serbia,SRB,2006,Europe,41.05,50.308186,9.7090386,424.24976,Linear interpolation between WHO estimates,WHO estimate,WHO estimate
Serbia,SRB,2007,Europe,40.9,50.229538,9.7260427,405.81665,WHO estimate,WHO estimate,WHO estimate
Serbia,SRB,2008,Europe,40.8,50.1493,9.667029,391.98508,Linear interpolation between WHO estimates,WHO estimate,WHO estimate
Serbia,SRB,2009,Europe,40.7,50.070427,9.1056073,379.41046,Linear interpolation between WHO estimates,WHO estimate,WHO estimate
Serbia,SRB,2010,Europe,40.6,49.988426,9.0667868,367.97205,WHO estimate,WHO estimate,WHO estimate
Serbia,SRB,2011,Europe,40.5,49.888973,9.1329257,366.0836,Linear interpolation between WHO estimates,WHO estimate,WHO estimate
Serbia,SRB,2012,Europe,40.4,49.784695,9.084817,354.63004,Linear interpolation between WHO estimates,WHO estimate,WHO estimate
Serbia,SRB,2013,Europe,40.3,49.693035,8.8721949,336.38904,Linear interpolation between WHO estimates,WHO estimate,WHO estimate
Serbia,SRB,2014,Europe,40.2,49.605785,8.8375482,333.2707,Linear interpolation between WHO estimates,WHO estimate,WHO estimate
Serbia,SRB,2015,Europe,40.1,49.514587,9.133667,329.12,WHO estimate,WHO estimate,WHO estimate
Serbia,SRB,2016,Europe,40.04,49.42226,9.1462432,309.76102,Linear interpolation between WHO estimates,WHO estimate,WHO estimate
Serbia,SRB,2017,Europe,39.98,49.330204,9.3145273,314.21652,Linear interpolation between WHO estimates,WHO estimate,WHO estimate
Serbia,SRB,2018,Europe,39.92,49.256241,9.6011867,304.3287,Linear interpolation between WHO estimates,WHO estimate,WHO estimate
Serbia,SRB,2019,Europe,39.86,49.210175,9.6450237,276.95837,Linear interpolation between WHO estimates,WHO estimate,WHO estimate
Serbia,SRB,2020,Europe,39.8,49.149319,9.2779857,288.3274,WHO estimate,WHO estimate,WHO estimate
Serbia,SRB,2021,Europe,39.7,49.021801,9.5126446,294.32022,Linear interpolation between WHO estimates,WHO estimate,WHO estimate
Serbia,SRB,2022,Europe,39.6,48.867046,9.7543286,291.91196,WHO estimate,WHO estimate,WHO estimate
Serbia,SRB,2023,Europe,39.6,,9.7988367,285.91772,WHO estimate,No WHO estimate,WHO estimate
Seychelles,SYC,2001,Africa,26.94,20.977329,4.2928536,351.4828,Linear interpolation between WHO estimates,WHO estimate,WHO estimate
Seychelles,SYC,2002,Africa,26.38,20.942978,3.8827258,394.81064,Linear interpolation between WHO estimates,WHO estimate,WHO estimate
Seychelles,SYC,2003,Africa,25.82,20.908651,4.1926442,399.47845,Linear interpolation between WHO estimates,WHO estimate,WHO estimate
Seychelles,SYC,2004,Africa,25.26,20.868958,4.2644897,369.3255,Linear interpolation between WHO estimates,WHO estimate,WHO estimate
Seychelles,SYC,2005,Africa,24.7,20.824894,8.2767456,405.1529,WHO estimate,WHO estimate,WHO estimate
Seychelles,SYC,2006,Africa,24.2,20.786665,8.1447258,315.3953,Linear interpolation between WHO estimates,WHO estimate,WHO estimate
Seychelles,SYC,2007,Africa,23.7,20.742598,8.374227,226.22556,WHO estimate,WHO estimate,WHO estimate
Seychelles,SYC,2008,Africa,23.233333,20.692381,7.6113335,256.1616,Linear interpolation between WHO estimates,WHO estimate,WHO estimate
Seychelles,SYC,2009,Africa,22.766667,20.631027,6.3627734,295.73114,Linear interpolation between WHO estimates,WHO estimate,WHO estimate
Seychelles,SYC,2010,Africa,22.3,20.562738,7.5916945,237.69968,WHO estimate,WHO estimate,WHO estimate
Seychelles,SYC,2011,Africa,21.9,20.497379,8.2578953,282.86942,Linear interpolation between WHO estimates,WHO estimate,WHO estimate
Seychelles,SYC,2012,Africa,21.5,20.432575,9.1444311,286.4665,Linear interpolation between WHO estimates,WHO estimate,WHO estimate
Seychelles,SYC,2013,Africa,21.1,20.382032,8.4781955,229.22893,Linear interpolation between WHO estimates,WHO estimate,WHO estimate
Seychelles,SYC,2014,Africa,20.7,20.338799,8.7772585,244.59615,Linear interpolation between WHO estimates,WHO estimate,WHO estimate
Seychelles,SYC,2015,Africa,20.3,20.312548,9.2554945,239.67554,WHO estimate,WHO estimate,WHO estimate
Seychelles,SYC,2016,Africa,19.96,20.301012,9.4160082,257.11688,Linear interpolation between WHO estimates,WHO estimate,WHO estimate
Seychelles,SYC,2017,Africa,19.62,20.306513,8.9054066,270.72812,Linear interpolation between WHO estimates,WHO estimate,WHO estimate
Seychelles,SYC,2019,Africa,18.94,20.380774,10.085674,212.58238,Linear interpolation between WHO estimates,WHO estimate,WHO estimate
Seychelles,SYC,2020,Africa,18.6,20.451759,7.288091,221.5519,WHO estimate,WHO estimate,WHO estimate
Seychelles,SYC,2021,Africa,18.2,20.520851,7.6375128,250.81857,Linear interpolation between WHO estimates,WHO estimate,WHO estimate
Singapore,SGP,2000,Western Pacific,17.1,25.114712,1.5305436,189.36967,WHO estimate,WHO estimate,WHO estimate
Singapore,SGP,2001,Western Pacific,16.92,24.91518,1.5390085,176.61287,Linear interpolation between WHO estimates,WHO estimate,WHO estimate
Singapore,SGP,2002,Western Pacific,16.74,24.732185,1.5484597,161.1652,Linear interpolation between WHO estimates,WHO estimate,WHO estimate
Singapore,SGP,2003,Western Pacific,16.56,24.569311,1.6614902,163.79167,Linear interpolation between WHO estimates,WHO estimate,WHO estimate
Singapore,SGP,2004,Western Pacific,16.38,24.428915,1.6079573,145.53839,Linear interpolation between WHO estimates,WHO estimate,WHO estimate
Singapore,SGP,2005,Western Pacific,16.2,24.302752,1.6645646,138.48532,WHO estimate,WHO estimate,WHO estimate
Singapore,SGP,2006,Western Pacific,16.1,24.176199,1.7140279,132.9975,Linear interpolation between WHO estimates,WHO estimate,WHO estimate
Singapore,SGP,2007,Western Pacific,16,24.060946,1.7181583,140.60744,WHO estimate,WHO estimate,WHO estimate
Singapore,SGP,2008,Western Pacific,15.833333,23.966738,1.7742566,133.34079,Linear interpolation between WHO estimates,WHO estimate,WHO estimate
Singapore,SGP,2009,Western Pacific,15.666667,23.886189,1.7873319,122.28943,Linear interpolation between WHO estimates,WHO estimate,WHO estimate
Singapore,SGP,2010,Western Pacific,15.5,23.813265,1.9018185,119.3846,WHO estimate,WHO estimate,WHO estimate
Singapore,SGP,2011,Western Pacific,15.38,23.751524,1.9448186,112.89497,Linear interpolation between WHO estimates,WHO estimate,WHO estimate
Singapore,SGP,2012,Western Pacific,15.26,23.70504,1.9870175,107.18842,Linear interpolation between WHO estimates,WHO estimate,WHO estimate
Singapore,SGP,2013,Western Pacific,15.14,23.680563,1.8981228,102.86278,Linear interpolation between WHO estimates,WHO estimate,WHO estimate
Singapore,SGP,2014,Western Pacific,15.02,23.680098,1.881565,101.53472,Linear interpolation between WHO estimates,WHO estimate,WHO estimate
Singapore,SGP,2015,Western Pacific,14.9,23.709211,1.8634027,98.011314,WHO estimate,WHO estimate,WHO estimate
Singapore,SGP,2016,Western Pacific,14.78,23.771389,1.9087857,94.36931,Linear interpolation between WHO estimates,WHO estimate,WHO estimate
Singapore,SGP,2017,Western Pacific,14.66,23.856943,1.8751445,96.42774,Linear interpolation between WHO estimates,WHO estimate,WHO estimate
Singapore,SGP,2018,Western Pacific,14.54,23.961958,1.9544757,90.68081,Linear interpolation between WHO estimates,WHO estimate,WHO estimate
Singapore,SGP,2019,Western Pacific,14.42,24.087399,1.9696751,87.71024,Linear interpolation between WHO estimates,WHO estimate,WHO estimate
Singapore,SGP,2020,Western Pacific,14.3,24.234777,2.0321302,93.464386,WHO estimate,WHO estimate,WHO estimate
Singapore,SGP,2021,Western Pacific,14.2,24.402185,2.2765963,102.04664,Linear interpolation between WHO estimates,WHO estimate,WHO estimate
Singapore,SGP,2022,Western Pacific,14.1,24.596399,2.4494463,105.26298,WHO estimate,WHO estimate,WHO estimate
Slovakia,SVK,2000,Europe,32.8,27.710709,11.082287,397.6634,WHO estimate,WHO estimate,WHO estimate
Slovakia,SVK,2001,Europe,32.6,27.493006,10.746968,400.0776,Linear interpolation between WHO estimates,WHO estimate,WHO estimate
Slovakia,SVK,2002,Europe,32.4,27.300346,10.788097,387.15457,Linear interpolation between WHO estimates,WHO estimate,WHO estimate
Slovakia,SVK,2003,Europe,32.2,27.119068,9.8606284,385.47055,Linear interpolation between WHO estimates,WHO estimate,WHO estimate
Slovakia,SVK,2004,Europe,32,26.946085,10.040969,374.50177,Linear interpolation between WHO estimates,WHO estimate,WHO estimate
Slovakia,SVK,2005,Europe,31.8,26.775433,10.827283,378.46735,WHO estimate,WHO estimate,WHO estimate
Slovakia,SVK,2006,Europe,31.65,26.614431,10.291565,370.17896,Linear interpolation between WHO estimates,WHO estimate,WHO estimate
Slovakia,SVK,2007,Europe,31.5,26.476925,10.600968,360.45233,WHO estimate,WHO estimate,WHO estimate
Slovakia,SVK,2008,Europe,31.333333,26.360258,11.391705,342.3766,Linear interpolation between WHO estimates,WHO estimate,WHO estimate
Slovakia,SVK,2009,Europe,31.166667,26.263056,10.6553,331.55533,Linear interpolation between WHO estimates,WHO estimate,WHO estimate
Slovakia,SVK,2010,Europe,31,26.176908,10.172885,326.56995,WHO estimate,WHO estimate,WHO estimate
Slovakia,SVK,2012,Europe,30.72,26.037994,10.163765,258.78455,Linear interpolation between WHO estimates,WHO estimate,WHO estimate
Slovakia,SVK,2013,Europe,30.58,25.981316,9.9226787,258.23828,Linear interpolation between WHO estimates,WHO estimate,WHO estimate
Slovakia,SVK,2014,Europe,30.44,25.945272,10.274958,239.19888,Linear interpolation between WHO estimates,WHO estimate,WHO estimate
Slovakia,SVK,2016,Europe,30.18,25.913927,9.9298136,228.63351,Linear interpolation between WHO estimates,WHO estimate,WHO estimate
Slovakia,SVK,2017,Europe,30.06,25.922718,9.7092912,235.44151,Linear interpolation between WHO estimates,WHO estimate,WHO estimate
Slovakia,SVK,2018,Europe,29.94,25.945154,10.081473,219.1511,Linear interpolation between WHO estimates,WHO estimate,WHO estimate
Slovakia,SVK,2019,Europe,29.82,25.980759,10.450587,210.94542,Linear interpolation between WHO estimates,WHO estimate,WHO estimate
Slovakia,SVK,2020,Europe,29.7,26.022524,8.9131555,222.9051,WHO estimate,WHO estimate,WHO estimate
Slovakia,SVK,2021,Europe,29.65,26.050653,7.8502413,239.52461,Linear interpolation between WHO estimates,WHO estimate,WHO estimate
Slovakia,SVK,2022,Europe,29.6,25.834295,8.2111907,227.15858,WHO estimate,WHO estimate,WHO estimate
Slovakia,SVK,2023,Europe,29.6,,7.9673859,215.77681,WHO estimate,No WHO estimate,WHO estimate
Slovenia,SVN,2000,Europe,24.1,20.807289,13.516977,232.4933,WHO estimate,WHO estimate,WHO estimate
Slovenia,SVN,2001,Europe,23.96,20.868315,12.218391,220.24341,Linear interpolation between WHO estimates,WHO estimate,WHO estimate
Slovenia,SVN,2002,Europe,23.82,20.92041,10.464489,213.48265,Linear interpolation between WHO estimates,WHO estimate,WHO estimate
Slovenia,SVN,2003,Europe,23.68,20.953516,12.165461,216.04254,Linear interpolation between WHO estimates,WHO estimate,WHO estimate
Slovenia,SVN,2004,Europe,23.54,20.973755,10.649635,203.61281,Linear interpolation between WHO estimates,WHO estimate,WHO estimate
Slovenia,SVN,2005,Europe,23.4,20.982851,11.863801,211.01564,WHO estimate,WHO estimate,WHO estimate
Slovenia,SVN,2006,Europe,23.25,20.999886,12.2,191.37881,Linear interpolation between WHO estimates,WHO estimate,WHO estimate
Slovenia,SVN,2007,Europe,23.1,21.029465,11,189.56548,WHO estimate,WHO estimate,WHO estimate
Slovenia,SVN,2008,Europe,22.966667,21.058661,11,171.92351,Linear interpolation between WHO estimates,WHO estimate,WHO estimate
Slovenia,SVN,2009,Europe,22.833333,21.093039,10.6,169.15262,Linear interpolation between WHO estimates,WHO estimate,WHO estimate
Slovenia,SVN,2010,Europe,22.7,21.141369,10.4,159.93814,WHO estimate,WHO estimate,WHO estimate
Slovenia,SVN,2011,Europe,22.54,21.212444,10.6,150.83823,Linear interpolation between WHO estimates,WHO estimate,WHO estimate
Slovenia,SVN,2012,Europe,22.38,21.30205,11,149.7408,Linear interpolation between WHO estimates,WHO estimate,WHO estimate
Slovenia,SVN,2013,Europe,22.22,21.400408,9.6,144.31047,Linear interpolation between WHO estimates,WHO estimate,WHO estimate
Slovenia,SVN,2014,Europe,22.06,21.502848,10.9,143.54477,Linear interpolation between WHO estimates,WHO estimate,WHO estimate
Slovenia,SVN,2015,Europe,21.9,21.589689,11.5,143.26997,WHO estimate,WHO estimate,WHO estimate
Slovenia,SVN,2016,Europe,21.8,21.686495,10.5,135.14735,Linear interpolation between WHO estimates,WHO estimate,WHO estimate
Slovenia,SVN,2017,Europe,21.7,21.815863,10.1,133.33923,Linear interpolation between WHO estimates,WHO estimate,WHO estimate
Slovenia,SVN,2018,Europe,21.6,21.959486,10,129.64638,Linear interpolation between WHO estimates,WHO estimate,WHO estimate
Slovenia,SVN,2019,Europe,21.5,22.120893,11.1,122.54735,Linear interpolation between WHO estimates,WHO estimate,WHO estimate
Slovenia,SVN,2020,Europe,21.4,22.282421,9.8,118.27076,WHO estimate,WHO estimate,WHO estimate
Slovenia,SVN,2021,Europe,21.3,22.464489,10.6,115.11848,Linear interpolation between WHO estimates,WHO estimate,WHO estimate
Slovenia,SVN,2022,Europe,21.2,22.70644,9.9,104.65262,WHO estimate,WHO estimate,WHO estimate
Slovenia,SVN,2023,Europe,21,,9.7,112.49948,WHO estimate,No WHO estimate,WHO estimate
South Africa,ZAF,2000,Africa,22.6,47.216858,7.4533495,314.50928,WHO estimate,WHO estimate,WHO estimate
South Africa,ZAF,2001,Africa,22.64,47.224644,7.2825366,307.50693,Linear interpolation between WHO estimates,WHO estimate,WHO estimate
South Africa,ZAF,2002,Africa,22.68,47.219303,7.0185494,306.8712,Linear interpolation between WHO estimates,WHO estimate,WHO estimate
South Africa,ZAF,2003,Africa,22.72,47.199253,6.8039274,324.64517,Linear interpolation between WHO estimates,WHO estimate,WHO estimate
South Africa,ZAF,2004,Africa,22.76,47.167362,6.9574299,309.02185,Linear interpolation between WHO estimates,WHO estimate,WHO estimate
South Africa,ZAF,2005,Africa,22.8,47.118694,6.9617396,314.11224,WHO estimate,WHO estimate,WHO estimate
South Africa,ZAF,2006,Africa,22.8,47.04221,7.0057771,319.27298,Linear interpolation between WHO estimates,WHO estimate,WHO estimate
South Africa,ZAF,2007,Africa,22.8,46.934017,7.1818568,304.9065,WHO estimate,WHO estimate,WHO estimate
South Africa,ZAF,2008,Africa,22.866667,46.795395,7.0783484,283.26428,Linear interpolation between WHO estimates,WHO estimate,WHO estimate
South Africa,ZAF,2009,Africa,22.933333,46.617546,6.8262391,304.3875,Linear interpolation between WHO estimates,WHO estimate,WHO estimate
South Africa,ZAF,2010,Africa,23,46.404667,6.8236095,299.98862,WHO estimate,WHO estimate,WHO estimate
South Africa,ZAF,2011,Africa,23.04,46.162846,7.0595301,287.86816,Linear interpolation between WHO estimates,WHO estimate,WHO estimate
South Africa,ZAF,2012,Africa,23.08,45.903477,7.1208793,266.55212,Linear interpolation between WHO estimates,WHO estimate,WHO estimate
South Africa,ZAF,2013,Africa,23.12,45.637981,7.1032363,245.51738,Linear interpolation between WHO estimates,WHO estimate,WHO estimate
South Africa,ZAF,2014,Africa,23.16,45.35527,7.1129742,247.52818,Linear interpolation between WHO estimates,WHO estimate,WHO estimate
South Africa,ZAF,2015,Africa,23.2,45.045631,7.1561495,258.1394,WHO estimate,WHO estimate,WHO estimate
South Africa,ZAF,2016,Africa,23.24,44.815113,7.0018141,259.0387,Linear interpolation between WHO estimates,WHO estimate,WHO estimate
South Africa,ZAF,2017,Africa,23.28,44.643436,6.9447988,239.5727,Linear interpolation between WHO estimates,WHO estimate,WHO estimate
South Africa,ZAF,2018,Africa,23.32,44.441776,7.1277335,236.15663,Linear interpolation between WHO estimates,WHO estimate,WHO estimate
South Africa,ZAF,2019,Africa,23.36,44.250237,7.0564297,220.27602,Linear interpolation between WHO estimates,WHO estimate,WHO estimate
South Africa,ZAF,2020,Africa,23.4,44.055962,5.3079521,240.4961,WHO estimate,WHO estimate,WHO estimate
South Korea,KOR,2000,Western Pacific,35.5,26.561951,10.334888,148.75587,WHO estimate,WHO estimate,WHO estimate
South Korea,KOR,2001,Western Pacific,34.58,27.826326,11.454924,142.02875,Linear interpolation between WHO estimates,WHO estimate,WHO estimate
South Korea,KOR,2002,Western Pacific,33.66,29.146629,9.5491668,145.64764,Linear interpolation between WHO estimates,WHO estimate,WHO estimate
South Korea,KOR,2003,Western Pacific,32.74,30.498928,9.6628663,136.08694,Linear interpolation between WHO estimates,WHO estimate,WHO estimate
South Korea,KOR,2004,Western Pacific,31.82,31.880369,9.1814344,126.11659,Linear interpolation between WHO estimates,WHO estimate,WHO estimate
South Korea,KOR,2005,Western Pacific,30.9,33.290974,9.0307,116.95802,WHO estimate,WHO estimate,WHO estimate
South Korea,KOR,2006,Western Pacific,30.15,34.733135,8.83,111.57986,Linear interpolation between WHO estimates,WHO estimate,WHO estimate
South Korea,KOR,2007,Western Pacific,29.4,36.210972,9.05,109.33699,WHO estimate,WHO estimate,WHO estimate
South Korea,KOR,2008,Western Pacific,28.6,37.717922,9.31,99.026505,Linear interpolation between WHO estimates,WHO estimate,WHO estimate
South Korea,KOR,2009,Western Pacific,27.8,39.249607,8.97,91.89678,Linear interpolation between WHO estimates,WHO estimate,WHO estimate
South Korea,KOR,2010,Western Pacific,27,40.791504,8.903,90.252464,WHO estimate,WHO estimate,WHO estimate
South Korea,KOR,2011,Western Pacific,26.32,42.333923,8.861,87.21196,Linear interpolation between WHO estimates,WHO estimate,WHO estimate
South Korea,KOR,2012,Western Pacific,25.64,43.894665,8.984,85.607155,Linear interpolation between WHO estimates,WHO estimate,WHO estimate
South Korea,KOR,2013,Western Pacific,24.96,45.489441,8.77,78.37287,Linear interpolation between WHO estimates,WHO estimate,WHO estimate
South Korea,KOR,2014,Western Pacific,24.28,47.108501,8.9605878,74.96574,Linear interpolation between WHO estimates,WHO estimate,WHO estimate
South Korea,KOR,2015,Western Pacific,23.6,48.74765,9.102973,73.04623,WHO estimate,WHO estimate,WHO estimate
South Korea,KOR,2016,Western Pacific,23,50.401329,8.6799926,70.31079,Linear interpolation between WHO estimates,WHO estimate,WHO estimate
South Korea,KOR,2017,Western Pacific,22.4,52.078651,8.6389477,67.41473,Linear interpolation between WHO estimates,WHO estimate,WHO estimate
South Korea,KOR,2018,Western Pacific,21.8,53.777313,8.4701649,65.31516,Linear interpolation between WHO estimates,WHO estimate,WHO estimate
South Korea,KOR,2019,Western Pacific,21.2,55.482895,8.2814587,59.459312,Linear interpolation between WHO estimates,WHO estimate,WHO estimate
South Korea,KOR,2020,Western Pacific,20.6,57.201458,8.073193,55.99481,WHO estimate,WHO estimate,WHO estimate
South Korea,KOR,2021,Western Pacific,20.1,58.92215,7.6409809,55.318047,Linear interpolation between WHO estimates,WHO estimate,WHO estimate
South Korea,KOR,2022,Western Pacific,19.6,60.653431,7.9906106,58.050636,WHO estimate,WHO estimate,WHO estimate
Spain,ESP,2000,Europe,34.7,42.587452,12.386354,145.89314,WHO estimate,WHO estimate,WHO estimate
Spain,ESP,2001,Europe,34.38,42.021675,13.071075,140.64377,Linear interpolation between WHO estimates,WHO estimate,WHO estimate
Spain,ESP,2002,Europe,34.06,41.39629,11.376779,137.96916,Linear interpolation between WHO estimates,WHO estimate,WHO estimate
Spain,ESP,2003,Europe,33.74,40.725281,12.098617,137.61621,Linear interpolation between WHO estimates,WHO estimate,WHO estimate
Spain,ESP,2004,Europe,33.42,40.036961,12.395121,127.71081,Linear interpolation between WHO estimates,WHO estimate,WHO estimate
Spain,ESP,2005,Europe,33.1,39.323254,11.82912,126.552,WHO estimate,WHO estimate,WHO estimate
Spain,ESP,2006,Europe,32.75,38.589268,12.197923,117.03616,Linear interpolation between WHO estimates,WHO estimate,WHO estimate
Spain,ESP,2007,Europe,32.4,37.811123,12.0191,115.9666,WHO estimate,WHO estimate,WHO estimate
Spain,ESP,2008,Europe,32.1,37.002731,11.207006,111.19244,Linear interpolation between WHO estimates,WHO estimate,WHO estimate
Spain,ESP,2009,Europe,31.8,36.192726,10.784155,105.03436,Linear interpolation between WHO estimates,WHO estimate,WHO estimate
Spain,ESP,2010,Europe,31.5,35.387955,10.525446,100.78593,WHO estimate,WHO estimate,WHO estimate
Spain,ESP,2011,Europe,31.2,34.566235,10.273451,97.01397,Linear interpolation between WHO estimates,WHO estimate,WHO estimate
Spain,ESP,2012,Europe,30.9,33.722626,10.046598,95.29378,Linear interpolation between WHO estimates,WHO estimate,WHO estimate
Spain,ESP,2013,Europe,30.6,32.898685,10.013521,89.592094,Linear interpolation between WHO estimates,WHO estimate,WHO estimate
Spain,ESP,2014,Europe,30.3,32.07589,10.173851,87.15043,Linear interpolation between WHO estimates,WHO estimate,WHO estimate
Spain,ESP,2015,Europe,30,31.231564,10.361233,89.44597,WHO estimate,WHO estimate,WHO estimate
Spain,ESP,2016,Europe,29.7,30.381792,10.806735,84.943306,Linear interpolation between WHO estimates,WHO estimate,WHO estimate
Spain,ESP,2017,Europe,29.4,29.525133,10.812377,84.262985,Linear interpolation between WHO estimates,WHO estimate,WHO estimate
Spain,ESP,2018,Europe,29.1,28.656128,10.304697,81.98424,Linear interpolation between WHO estimates,WHO estimate,WHO estimate
Spain,ESP,2019,Europe,28.8,27.779165,10.601307,77.61572,Linear interpolation between WHO estimates,WHO estimate,WHO estimate
Spain,ESP,2020,Europe,28.5,26.920849,8.6112338,78.81062,WHO estimate,WHO estimate,WHO estimate
Spain,ESP,2021,Europe,28.3,26.091993,10.365984,77.32539,Linear interpolation between WHO estimates,WHO estimate,WHO estimate
Spain,ESP,2022,Europe,28.1,25.307911,11.619289,78.17566,WHO estimate,WHO estimate,WHO estimate
Spain,ESP,2023,Europe,27.9,,11.133481,74.23039,WHO estimate,No WHO estimate,WHO estimate
Sri Lanka,LKA,2000,South-East Asia,29.4,17.91325,1.715264,161.67302,WHO estimate,WHO estimate,WHO estimate
Sri Lanka,LKA,2001,South-East Asia,28.92,18.563572,1.9950006,158.0776,Linear interpolation between WHO estimates,WHO estimate,WHO estimate
Sri Lanka,LKA,2002,South-East Asia,28.44,19.24214,1.8880726,161.13297,Linear interpolation between WHO estimates,WHO estimate,WHO estimate
Sri Lanka,LKA,2003,South-East Asia,27.96,19.951689,2.0314813,161.77414,Linear interpolation between WHO estimates,WHO estimate,WHO estimate
Sri Lanka,LKA,2004,South-East Asia,27.48,20.690739,1.8077303,159.3165,Linear interpolation between WHO estimates,WHO estimate,WHO estimate
Sri Lanka,LKA,2005,South-East Asia,27,21.456799,2.0720079,160.27599,WHO estimate,WHO estimate,WHO estimate
Sri Lanka,LKA,2006,South-East Asia,26.5,22.253803,2.1114371,166.15962,Linear interpolation between WHO estimates,WHO estimate,WHO estimate
Sri Lanka,LKA,2007,South-East Asia,26,23.091299,2.4516344,163.93045,WHO estimate,WHO estimate,WHO estimate
Sri Lanka,LKA,2009,South-East Asia,25.2,24.833982,2.1908479,165.54736,Linear interpolation between WHO estimates,WHO estimate,WHO estimate
Sri Lanka,LKA,2010,South-East Asia,24.8,25.732098,2.4028237,169.16196,WHO estimate,WHO estimate,WHO estimate
Sri Lanka,LKA,2011,South-East Asia,24.46,26.646284,2.7593946,153.80112,Linear interpolation between WHO estimates,WHO estimate,WHO estimate
Sri Lanka,LKA,2012,South-East Asia,24.12,27.604595,2.8390689,147.18388,Linear interpolation between WHO estimates,WHO estimate,WHO estimate
Sri Lanka,LKA,2013,South-East Asia,23.78,28.598482,2.5971737,148.4997,Linear interpolation between WHO estimates,WHO estimate,WHO estimate
Sri Lanka,LKA,2014,South-East Asia,23.44,29.615906,2.394419,148.33586,Linear interpolation between WHO estimates,WHO estimate,WHO estimate
Sri Lanka,LKA,2015,South-East Asia,23.1,30.657825,2.6437881,135.39516,WHO estimate,WHO estimate,WHO estimate
Sri Lanka,LKA,2019,South-East Asia,21.98,35.092087,2.3692636,128.71701,Linear interpolation between WHO estimates,WHO estimate,WHO estimate
Suriname,SUR,2000,Americas,,34.161514,4.3339607,236.38187,No WHO estimate,WHO estimate,WHO estimate
Suriname,SUR,2001,Americas,,34.834412,4.1770967,221.0358,No WHO estimate,WHO estimate,WHO estimate
Suriname,SUR,2002,Americas,,35.523197,4.2946755,247.08908,No WHO estimate,WHO estimate,WHO estimate
Suriname,SUR,2003,Americas,,36.22374,4.3681702,251.42421,No WHO estimate,WHO estimate,WHO estimate
Suriname,SUR,2004,Americas,,36.882484,4.4549164,257.3709,No WHO estimate,WHO estimate,WHO estimate
Suriname,SUR,2005,Americas,,37.498043,4.3437756,262.77924,No WHO estimate,WHO estimate,WHO estimate
Suriname,SUR,2006,Americas,,38.116653,4.4402101,230.75278,No WHO estimate,WHO estimate,WHO estimate
Suriname,SUR,2007,Americas,,38.737804,4.5485135,221.59962,No WHO estimate,WHO estimate,WHO estimate
Suriname,SUR,2008,Americas,,39.366913,4.6561108,205.92513,No WHO estimate,WHO estimate,WHO estimate
Suriname,SUR,2009,Americas,,40.009739,4.7934705,197.74368,No WHO estimate,WHO estimate,WHO estimate
Suriname,SUR,2010,Americas,,40.6689,5.1298084,208.59071,No WHO estimate,WHO estimate,WHO estimate
Suriname,SUR,2011,Americas,,41.33709,5.4767614,188.39594,No WHO estimate,WHO estimate,WHO estimate
Suriname,SUR,2012,Americas,,42.006683,5.601746,183.5046,No WHO estimate,WHO estimate,WHO estimate
Suriname,SUR,2013,Americas,,42.671829,5.7331323,190.16536,No WHO estimate,WHO estimate,WHO estimate
Suriname,SUR,2014,Americas,,43.336231,5.260012,199.2727,No WHO estimate,WHO estimate,WHO estimate
Sweden,SWE,2000,Europe,49.5,32.972412,6.4310159,187.6218,WHO estimate,WHO estimate,WHO estimate
Sweden,SWE,2001,Europe,47.76,31.789251,6.5,182.32806,Linear interpolation between WHO estimates,WHO estimate,WHO estimate
Sweden,SWE,2002,Europe,46.02,30.595627,6.88,178.01309,Linear interpolation between WHO estimates,WHO estimate,WHO estimate
Sweden,SWE,2003,Europe,44.28,29.399862,6.88,171.70108,Linear interpolation between WHO estimates,WHO estimate,WHO estimate
Sweden,SWE,2004,Europe,42.54,28.211874,6.51,160.11342,Linear interpolation between WHO estimates,WHO estimate,WHO estimate
Sweden,SWE,2005,Europe,40.8,27.024487,6.53,155.0144,WHO estimate,WHO estimate,WHO estimate
Sweden,SWE,2006,Europe,39.45,25.835939,6.81,151.17409,Linear interpolation between WHO estimates,WHO estimate,WHO estimate
Sweden,SWE,2007,Europe,38.1,24.649897,6.98,146.48396,WHO estimate,WHO estimate,WHO estimate
Sweden,SWE,2008,Europe,36.7,23.471733,7.02,142.38087,Linear interpolation between WHO estimates,WHO estimate,WHO estimate
Sweden,SWE,2009,Europe,35.3,22.30932,7.31,135.9909,Linear interpolation between WHO estimates,WHO estimate,WHO estimate
Sweden,SWE,2010,Europe,33.9,21.162785,7.38,132.21217,WHO estimate,WHO estimate,WHO estimate
Sweden,SWE,2011,Europe,32.76,20.039135,7.31,127.03948,Linear interpolation between WHO estimates,WHO estimate,WHO estimate
Sweden,SWE,2012,Europe,31.62,18.952108,7.23,125.70926,Linear interpolation between WHO estimates,WHO estimate,WHO estimate
Sweden,SWE,2013,Europe,30.48,17.915934,7.32,120.55748,Linear interpolation between WHO estimates,WHO estimate,WHO estimate
Sweden,SWE,2014,Europe,29.34,16.937267,7.2,114.992,Linear interpolation between WHO estimates,WHO estimate,WHO estimate
Sweden,SWE,2015,Europe,28.2,16.01161,7.13,113.21178,WHO estimate,WHO estimate,WHO estimate
Sweden,SWE,2016,Europe,27.26,15.137156,7.15,108.96037,Linear interpolation between WHO estimates,WHO estimate,WHO estimate
Sweden,SWE,2017,Europe,26.32,14.306736,7.04,105.19345,Linear interpolation between WHO estimates,WHO estimate,WHO estimate
Sweden,SWE,2018,Europe,25.38,13.515232,7.19,101.92124,Linear interpolation between WHO estimates,WHO estimate,WHO estimate
Sweden,SWE,2019,Europe,24.44,12.765737,7.1412525,93.72891,Linear interpolation between WHO estimates,WHO estimate,WHO estimate
Sweden,SWE,2020,Europe,23.5,12.046158,7.4652908,91.98121,WHO estimate,WHO estimate,WHO estimate
Sweden,SWE,2021,Europe,22.65,11.361217,7.6014097,88.52293,Linear interpolation between WHO estimates,WHO estimate,WHO estimate
Sweden,SWE,2022,Europe,21.8,10.72988,7.562324,88.247734,WHO estimate,WHO estimate,WHO estimate
Sweden,SWE,2023,Europe,21,,7.3860739,84.07465,WHO estimate,No WHO estimate,WHO estimate
Switzerland,CHE,2000,Europe,30.4,30.759781,10.465791,153.11679,WHO estimate,WHO estimate,WHO estimate
Switzerland,CHE,2001,Europe,30.04,30.328045,10.6,145.02597,Linear interpolation between WHO estimates,WHO estimate,WHO estimate
Switzerland,CHE,2002,Europe,29.68,29.885536,10.3,137.20668,Linear interpolation between WHO estimates,WHO estimate,WHO estimate
Switzerland,CHE,2003,Europe,29.32,29.442539,10.4,136.7212,Linear interpolation between WHO estimates,WHO estimate,WHO estimate
Switzerland,CHE,2004,Europe,28.96,29.004713,10.1,126.25015,Linear interpolation between WHO estimates,WHO estimate,WHO estimate
Switzerland,CHE,2005,Europe,28.6,28.569607,9.7,125.41915,WHO estimate,WHO estimate,WHO estimate
Switzerland,CHE,2006,Europe,28.25,28.132721,9.7,119.58033,Linear interpolation between WHO estimates,WHO estimate,WHO estimate
Switzerland,CHE,2007,Europe,27.9,27.674904,9.9,116.94346,WHO estimate,WHO estimate,WHO estimate
Switzerland,CHE,2008,Europe,27.566667,27.190205,9.9,112.21883,Linear interpolation between WHO estimates,WHO estimate,WHO estimate
Switzerland,CHE,2009,Europe,27.233333,26.706675,9.6,109.01611,Linear interpolation between WHO estimates,WHO estimate,WHO estimate
Switzerland,CHE,2010,Europe,26.9,26.220381,9.6,104.98753,WHO estimate,WHO estimate,WHO estimate
Switzerland,CHE,2011,Europe,26.64,25.741268,9.5,98.97231,Linear interpolation between WHO estimates,WHO estimate,WHO estimate
Switzerland,CHE,2012,Europe,26.38,25.284122,9.3,99.515396,Linear interpolation between WHO estimates,WHO estimate,WHO estimate
Switzerland,CHE,2013,Europe,26.12,24.840006,9.3,96.05223,Linear interpolation between WHO estimates,WHO estimate,WHO estimate
Switzerland,CHE,2014,Europe,25.86,24.419903,9,90.4282,Linear interpolation between WHO estimates,WHO estimate,WHO estimate
Switzerland,CHE,2015,Europe,25.6,24.024189,9,91.11351,WHO estimate,WHO estimate,WHO estimate
Switzerland,CHE,2016,Europe,25.3,23.653187,8.8,85.36551,Linear interpolation between WHO estimates,WHO estimate,WHO estimate
Switzerland,CHE,2017,Europe,25,23.311371,8.7,84.62571,Linear interpolation between WHO estimates,WHO estimate,WHO estimate
Switzerland,CHE,2018,Europe,24.7,22.994049,8.5,80.74782,Linear interpolation between WHO estimates,WHO estimate,WHO estimate
Switzerland,CHE,2019,Europe,24.4,22.694305,8.7,76.247475,Linear interpolation between WHO estimates,WHO estimate,WHO estimate
Switzerland,CHE,2020,Europe,24.1,22.397167,8.5,76.17278,WHO estimate,WHO estimate,WHO estimate
Switzerland,CHE,2021,Europe,23.85,22.13409,8.5632516,71.339035,Linear interpolation between WHO estimates,WHO estimate,WHO estimate
Switzerland,CHE,2022,Europe,23.6,21.915808,8.3843814,71.36338,WHO estimate,WHO estimate,WHO estimate
Switzerland,CHE,2023,Europe,23.4,,8.1010988,69.12406,WHO estimate,No WHO estimate,WHO estimate
Syria,SYR,2000,Eastern Mediterranean,,28.627771,0.89209945,401.13794,No WHO estimate,WHO estimate,WHO estimate
Syria,SYR,2001,Eastern Mediterranean,,28.918222,0.90175831,315.6816,No WHO estimate,WHO estimate,WHO estimate
Syria,SYR,2002,Eastern Mediterranean,,29.218271,0.85168736,333.69998,No WHO estimate,WHO estimate,WHO estimate
Syria,SYR,2003,Eastern Mediterranean,,29.522306,0.80683452,303.56033,No WHO estimate,WHO estimate,WHO estimate
Syria,SYR,2004,Eastern Mediterranean,,29.825788,0.77353959,347.45898,No WHO estimate,WHO estimate,WHO estimate
Syria,SYR,2005,Eastern Mediterranean,,30.126766,0.72127898,394.90607,No WHO estimate,WHO estimate,WHO estimate
Syria,SYR,2006,Eastern Mediterranean,,30.39485,0.67954531,363.47592,No WHO estimate,WHO estimate,WHO estimate
Syria,SYR,2007,Eastern Mediterranean,,30.637127,0.63807975,354.37512,No WHO estimate,WHO estimate,WHO estimate
Syria,SYR,2008,Eastern Mediterranean,,30.950329,0.62864333,387.68094,No WHO estimate,WHO estimate,WHO estimate
Syria,SYR,2009,Eastern Mediterranean,,31.312397,0.62474061,312.33627,No WHO estimate,WHO estimate,WHO estimate
Syria,SYR,2010,Eastern Mediterranean,,31.661583,0.61656225,366.594,No WHO estimate,WHO estimate,WHO estimate
Tajikistan,TJK,2000,Europe,,23.766457,0.99321923,397.4276,No WHO estimate,WHO estimate,WHO estimate
Tajikistan,TJK,2001,Europe,,24.042006,0.92116996,432.79578,No WHO estimate,WHO estimate,WHO estimate
Tajikistan,TJK,2002,Europe,,24.334448,0.93249224,465.07727,No WHO estimate,WHO estimate,WHO estimate
Tajikistan,TJK,2003,Europe,,24.641626,0.91361861,460.31696,No WHO estimate,WHO estimate,WHO estimate
Tajikistan,TJK,2004,Europe,,24.966957,0.88192661,429.08948,No WHO estimate,WHO estimate,WHO estimate
Tajikistan,TJK,2005,Europe,,25.311909,0.84185838,542.7948,No WHO estimate,WHO estimate,WHO estimate
Tajikistan,TJK,2016,Europe,,30.395123,0.88434425,454.58536,No WHO estimate,WHO estimate,WHO estimate
Tajikistan,TJK,2017,Europe,,30.941069,0.86688192,394.29648,No WHO estimate,WHO estimate,WHO estimate
Tajikistan,TJK,2018,Europe,,31.499142,0.85467741,436.9578,No WHO estimate,WHO estimate,WHO estimate
Tajikistan,TJK,2019,Europe,,32.073395,0.81197795,416.24805,No WHO estimate,WHO estimate,WHO estimate
Tajikistan,TJK,2020,Europe,,32.641117,0.72748272,495.25552,No WHO estimate,WHO estimate,WHO estimate
Tajikistan,TJK,2021,Europe,,33.217316,0.71537922,459.19952,No WHO estimate,WHO estimate,WHO estimate
Tajikistan,TJK,2022,Europe,,33.816933,0.70259199,312.70502,No WHO estimate,WHO estimate,WHO estimate
Thailand,THA,2000,South-East Asia,27.1,14.727683,6.846527,58.540257,WHO estimate,WHO estimate,WHO estimate
Thailand,THA,2002,South-East Asia,26.14,15.750223,7.3995172,59.094315,Linear interpolation between WHO estimates,WHO estimate,WHO estimate
Thailand,THA,2003,South-East Asia,25.66,16.289417,7.8557873,67.75658,Linear interpolation between WHO estimates,WHO estimate,WHO estimate
Thailand,THA,2004,South-East Asia,25.18,16.849895,7.8962747,63.752388,Linear interpolation between WHO estimates,WHO estimate,WHO estimate
Thailand,THA,2005,South-East Asia,24.7,17.436846,8.1261683,57.346985,WHO estimate,WHO estimate,WHO estimate
Thailand,THA,2006,South-East Asia,24.2,18.052746,8.1502251,51.39232,Linear interpolation between WHO estimates,WHO estimate,WHO estimate
Thailand,THA,2007,South-East Asia,23.7,18.694456,7.8835217,56.61501,WHO estimate,WHO estimate,WHO estimate
Thailand,THA,2008,South-East Asia,23.333333,19.356085,6.0703389,56.677002,Linear interpolation between WHO estimates,WHO estimate,WHO estimate
Thailand,THA,2009,South-East Asia,22.966667,20.035498,6.0937757,54.562817,Linear interpolation between WHO estimates,WHO estimate,WHO estimate
Thailand,THA,2010,South-East Asia,22.6,20.744717,6.1723883,59.436314,WHO estimate,WHO estimate,WHO estimate
Thailand,THA,2011,South-East Asia,22.24,21.478201,6.589174,63.991558,Linear interpolation between WHO estimates,WHO estimate,WHO estimate
Thailand,THA,2012,South-East Asia,21.88,22.221037,7.0715015,64.96284,Linear interpolation between WHO estimates,WHO estimate,WHO estimate
Thailand,THA,2013,South-East Asia,21.52,22.984926,6.8553151,72.81616,Linear interpolation between WHO estimates,WHO estimate,WHO estimate
Thailand,THA,2014,South-East Asia,21.16,23.780556,6.8805141,74.890274,Linear interpolation between WHO estimates,WHO estimate,WHO estimate
Thailand,THA,2015,South-East Asia,20.8,24.610531,6.907459,75.73187,WHO estimate,WHO estimate,WHO estimate
Thailand,THA,2016,South-East Asia,20.44,25.471697,7.0769199,82.35507,Linear interpolation between WHO estimates,WHO estimate,WHO estimate
Thailand,THA,2017,South-East Asia,20.08,26.362583,7.2932065,77.35702,Linear interpolation between WHO estimates,WHO estimate,WHO estimate
Thailand,THA,2018,South-East Asia,19.72,27.283182,5.9451513,74.487755,Linear interpolation between WHO estimates,WHO estimate,WHO estimate
Thailand,THA,2019,South-East Asia,19.36,28.233484,6.8119059,79.4984,Linear interpolation between WHO estimates,WHO estimate,WHO estimate
Thailand,THA,2021,South-East Asia,18.7,30.183899,6.071,75.94273,Linear interpolation between WHO estimates,WHO estimate,WHO estimate
Thailand,THA,2023,South-East Asia,18.1,,6.8125532,80.32579,WHO estimate,No WHO estimate,WHO estimate
Trinidad and Tobago,TTO,2000,Americas,,34.887825,3.9641395,344.0034,No WHO estimate,WHO estimate,WHO estimate
Trinidad and Tobago,TTO,2001,Americas,,35.315098,3.9592766,336.7387,No WHO estimate,WHO estimate,WHO estimate
Trinidad and Tobago,TTO,2002,Americas,,35.754707,4.3375207,326.6207,No WHO estimate,WHO estimate,WHO estimate
Trinidad and Tobago,TTO,2003,Americas,,36.199833,4.5485956,329.84076,No WHO estimate,WHO estimate,WHO estimate
Trinidad and Tobago,TTO,2004,Americas,,36.65102,4.7749968,306.41116,No WHO estimate,WHO estimate,WHO estimate
Trinidad and Tobago,TTO,2005,Americas,,37.108795,4.9289395,292.7761,No WHO estimate,WHO estimate,WHO estimate
Trinidad and Tobago,TTO,2006,Americas,,37.562023,5.1743965,279.21762,No WHO estimate,WHO estimate,WHO estimate
Trinidad and Tobago,TTO,2007,Americas,,38.014988,5.1985935,254.964,No WHO estimate,WHO estimate,WHO estimate
Trinidad and Tobago,TTO,2008,Americas,,38.475521,5.0944227,263.56085,No WHO estimate,WHO estimate,WHO estimate
Trinidad and Tobago,TTO,2009,Americas,,38.953194,4.991861,240.34967,No WHO estimate,WHO estimate,WHO estimate
Trinidad and Tobago,TTO,2010,Americas,,39.446022,4.9866791,245.16962,No WHO estimate,WHO estimate,WHO estimate
Trinidad and Tobago,TTO,2011,Americas,,39.946495,4.9131226,215.54198,No WHO estimate,WHO estimate,WHO estimate
Trinidad and Tobago,TTO,2012,Americas,,40.454937,4.9843162,224.33752,No WHO estimate,WHO estimate,WHO estimate
Trinidad and Tobago,TTO,2013,Americas,,40.96983,4.9205908,223.02531,No WHO estimate,WHO estimate,WHO estimate
Trinidad and Tobago,TTO,2014,Americas,,41.494389,4.9550501,238.45906,No WHO estimate,WHO estimate,WHO estimate
Trinidad and Tobago,TTO,2015,Americas,,42.030682,4.8864609,229.16219,No WHO estimate,WHO estimate,WHO estimate
Trinidad and Tobago,TTO,2016,Americas,,42.56963,4.6006004,237.75084,No WHO estimate,WHO estimate,WHO estimate
Trinidad and Tobago,TTO,2017,Americas,,43.100971,4.5359407,223.20544,No WHO estimate,WHO estimate,WHO estimate
Trinidad and Tobago,TTO,2018,Americas,,43.527637,4.5738274,221.09686,No WHO estimate,WHO estimate,WHO estimate
Trinidad and Tobago,TTO,2019,Americas,,44.017063,4.6175299,229.36299,No WHO estimate,WHO estimate,WHO estimate
Trinidad and Tobago,TTO,2020,Americas,,44.609406,4.4453209,202.98926,No WHO estimate,WHO estimate,WHO estimate
Turkey,TUR,2009,Europe,31.833333,40.383347,1.4785171,187.7948,Linear interpolation between WHO estimates,WHO estimate,WHO estimate
Turkey,TUR,2010,Europe,31.8,40.687386,1.5133604,184.57266,WHO estimate,WHO estimate,WHO estimate
Turkey,TUR,2011,Europe,31.74,40.983631,1.5520043,181.9235,Linear interpolation between WHO estimates,WHO estimate,WHO estimate
Turkey,TUR,2012,Europe,31.68,41.27029,1.5598283,174.34535,Linear interpolation between WHO estimates,WHO estimate,WHO estimate
Turkey,TUR,2013,Europe,31.62,41.572796,1.4225212,195.07582,Linear interpolation between WHO estimates,WHO estimate,WHO estimate
Turkey,TUR,2014,Europe,31.56,41.884933,1.4514297,200.84702,Linear interpolation between WHO estimates,WHO estimate,WHO estimate
Turkey,TUR,2015,Europe,31.5,42.194508,1.3695154,199.50668,WHO estimate,WHO estimate,WHO estimate
Turkey,TUR,2016,Europe,31.44,42.517258,1.2553872,200.6665,Linear interpolation between WHO estimates,WHO estimate,WHO estimate
Turkey,TUR,2017,Europe,31.38,42.844807,1.3128111,195.293,Linear interpolation between WHO estimates,WHO estimate,WHO estimate
Turkey,TUR,2018,Europe,31.32,43.182186,1.3633354,180.27013,Linear interpolation between WHO estimates,WHO estimate,WHO estimate
Turkey,TUR,2019,Europe,31.26,43.520142,1.2191356,171.54158,Linear interpolation between WHO estimates,WHO estimate,WHO estimate
Turkey,TUR,2020,Europe,31.2,43.838963,1.2066133,187.55933,WHO estimate,WHO estimate,WHO estimate
Turkey,TUR,2021,Europe,31.15,44.140125,1.4107384,190.5933,Linear interpolation between WHO estimates,WHO estimate,WHO estimate
Turkey,TUR,2022,Europe,31.1,44.461884,1.538455,176.73947,WHO estimate,WHO estimate,WHO estimate
Turkey,TUR,2023,Europe,31.1,,1.6375535,169.07153,WHO estimate,No WHO estimate,WHO estimate
Turkmenistan,TKM,2000,Europe,14.4,15.647946,1.8599709,592.894,WHO estimate,WHO estimate,WHO estimate
Turkmenistan,TKM,2001,Europe,13.84,15.333737,1.8467731,572.2757,Linear interpolation between WHO estimates,WHO estimate,WHO estimate
Turkmenistan,TKM,2002,Europe,13.28,15.019094,1.8849367,624.9409,Linear interpolation between WHO estimates,WHO estimate,WHO estimate
Turkmenistan,TKM,2003,Europe,12.72,14.708382,2.0235748,618.9201,Linear interpolation between WHO estimates,WHO estimate,WHO estimate
Turkmenistan,TKM,2004,Europe,12.16,14.40577,2.0229968,610.68713,Linear interpolation between WHO estimates,WHO estimate,WHO estimate
Turkmenistan,TKM,2005,Europe,11.6,14.113203,2.0769295,624.02356,WHO estimate,WHO estimate,WHO estimate
Turkmenistan,TKM,2006,Europe,11.15,13.838837,2.0700678,580.63495,Linear interpolation between WHO estimates,WHO estimate,WHO estimate
Turkmenistan,TKM,2007,Europe,10.7,13.586305,1.8761372,564.6019,WHO estimate,WHO estimate,WHO estimate
Turkmenistan,TKM,2008,Europe,10.266667,13.352757,1.7911417,548.38666,Linear interpolation between WHO estimates,WHO estimate,WHO estimate
Turkmenistan,TKM,2009,Europe,9.8333333,13.133664,1.7489015,470.20273,Linear interpolation between WHO estimates,WHO estimate,WHO estimate
Turkmenistan,TKM,2010,Europe,9.4,12.923715,1.8698001,459.23972,WHO estimate,WHO estimate,WHO estimate
Turkmenistan,TKM,2011,Europe,9.06,12.721069,1.8825416,461.03033,Linear interpolation between WHO estimates,WHO estimate,WHO estimate
Turkmenistan,TKM,2012,Europe,8.72,12.52149,1.9900754,456.1826,Linear interpolation between WHO estimates,WHO estimate,WHO estimate
Turkmenistan,TKM,2013,Europe,8.38,12.323888,2.1366644,449.11835,Linear interpolation between WHO estimates,WHO estimate,WHO estimate
Turkmenistan,TKM,2014,Europe,8.04,12.133219,2.0997611,440.27875,Linear interpolation between WHO estimates,WHO estimate,WHO estimate
Turkmenistan,TKM,2015,Europe,7.7,11.957615,2.0786636,429.99884,WHO estimate,WHO estimate,WHO estimate
Ukraine,UKR,2000,Europe,42,11.345941,5.6471206,593.6343,WHO estimate,WHO estimate,WHO estimate
Ukraine,UKR,2001,Europe,41.06,11.463113,5.7712683,582.35016,Linear interpolation between WHO estimates,WHO estimate,WHO estimate
Ukraine,UKR,2002,Europe,40.12,11.572731,5.3024815,600.3251,Linear interpolation between WHO estimates,WHO estimate,WHO estimate
Ukraine,UKR,2003,Europe,39.18,11.660392,4.8395577,615.0593,Linear interpolation between WHO estimates,WHO estimate,WHO estimate
Ukraine,UKR,2004,Europe,38.24,11.746721,4.4000938,607.0711,Linear interpolation between WHO estimates,WHO estimate,WHO estimate
Ukraine,UKR,2005,Europe,37.3,11.856963,4.7079913,621.81,WHO estimate,WHO estimate,WHO estimate
Ukraine,UKR,2006,Europe,36.45,11.995028,5.0817391,603.02844,Linear interpolation between WHO estimates,WHO estimate,WHO estimate
Ukraine,UKR,2007,Europe,35.6,12.16817,5.3179037,596.57227,WHO estimate,WHO estimate,WHO estimate
Ukraine,UKR,2008,Europe,34.766667,12.358787,6.5995997,589.4538,Linear interpolation between WHO estimates,WHO estimate,WHO estimate
Ukraine,UKR,2009,Europe,33.933333,12.550635,6.342731,554.50757,Linear interpolation between WHO estimates,WHO estimate,WHO estimate
Ukraine,UKR,2010,Europe,33.1,12.733305,5.1628669,550.055,WHO estimate,WHO estimate,WHO estimate
Ukraine,UKR,2011,Europe,32.34,12.901102,6.174774,512.90735,Linear interpolation between WHO estimates,WHO estimate,WHO estimate
Ukraine,UKR,2012,Europe,31.58,13.048153,6.1092601,501.4748,Linear interpolation between WHO estimates,WHO estimate,WHO estimate
Ukraine,UKR,2014,Europe,30.06,13.280066,5.4631502,506.37878,Linear interpolation between WHO estimates,WHO estimate,WHO estimate
Ukraine,UKR,2015,Europe,29.3,13.419193,4.2694115,476.65793,WHO estimate,WHO estimate,WHO estimate
Ukraine,UKR,2017,Europe,28.02,13.839911,3.4307478,440.9673,Linear interpolation between WHO estimates,WHO estimate,WHO estimate
Ukraine,UKR,2018,Europe,27.38,14.093229,3.7938517,446.88403,Linear interpolation between WHO estimates,WHO estimate,WHO estimate
Ukraine,UKR,2019,Europe,26.74,14.36279,4.0776338,441.3176,Linear interpolation between WHO estimates,WHO estimate,WHO estimate
United Arab Emirates,ARE,2018,Eastern Mediterranean,10.42,59.905018,0.83776845,131.36433,Linear interpolation between WHO estimates,WHO estimate,WHO estimate
United Arab Emirates,ARE,2019,Eastern Mediterranean,10.16,60.93819,0.91371445,123.29929,Linear interpolation between WHO estimates,WHO estimate,WHO estimate
United Arab Emirates,ARE,2020,Eastern Mediterranean,9.9,61.981098,0.83532841,83.12392,WHO estimate,WHO estimate,WHO estimate
United Arab Emirates,ARE,2023,Eastern Mediterranean,9.2,,0.86585792,73.27718,WHO estimate,No WHO estimate,WHO estimate
United Kingdom,GBR,2000,Europe,38.2,40.020123,10.79159,191.27956,WHO estimate,WHO estimate,WHO estimate
United Kingdom,GBR,2001,Europe,36.62,39.292591,11.258592,191.49309,Linear interpolation between WHO estimates,WHO estimate,WHO estimate
United Kingdom,GBR,2002,Europe,35.04,38.532658,11.276702,186.5036,Linear interpolation between WHO estimates,WHO estimate,WHO estimate
United Kingdom,GBR,2003,Europe,33.46,37.734409,11.236867,180.69041,Linear interpolation between WHO estimates,WHO estimate,WHO estimate
United Kingdom,GBR,2004,Europe,31.88,36.911331,11.547899,166.46188,Linear interpolation between WHO estimates,WHO estimate,WHO estimate
United Kingdom,GBR,2005,Europe,30.3,36.067692,11.34529,157.06685,WHO estimate,WHO estimate,WHO estimate
United Kingdom,GBR,2006,Europe,29,35.209347,10.911872,146.46947,Linear interpolation between WHO estimates,WHO estimate,WHO estimate
United Kingdom,GBR,2007,Europe,27.7,34.343086,11.061537,139.8344,WHO estimate,WHO estimate,WHO estimate
United Kingdom,GBR,2008,Europe,26.533333,33.462025,10.685333,134.8586,Linear interpolation between WHO estimates,WHO estimate,WHO estimate
United Kingdom,GBR,2009,Europe,25.366667,32.569481,10.037206,125.58292,Linear interpolation between WHO estimates,WHO estimate,WHO estimate
United Kingdom,GBR,2010,Europe,24.2,31.667065,10.093167,121.78128,WHO estimate,WHO estimate,WHO estimate
United Kingdom,GBR,2011,Europe,23.2,30.754038,9.8719899,107.42336,Linear interpolation between WHO estimates,WHO estimate,WHO estimate
United Kingdom,GBR,2012,Europe,22.2,29.842392,9.6034478,106.45209,Linear interpolation between WHO estimates,WHO estimate,WHO estimate
United Kingdom,GBR,2013,Europe,21.2,28.944275,9.4943585,104.25039,Linear interpolation between WHO estimates,WHO estimate,WHO estimate
United Kingdom,GBR,2014,Europe,20.2,28.070566,9.5134008,98.987366,Linear interpolation between WHO estimates,WHO estimate,WHO estimate
United Kingdom,GBR,2015,Europe,19.2,27.217796,9.6327031,99.68656,WHO estimate,WHO estimate,WHO estimate
United Kingdom,GBR,2016,Europe,18.42,26.395781,9.7266883,95.3241,Linear interpolation between WHO estimates,WHO estimate,WHO estimate
United Kingdom,GBR,2017,Europe,17.64,25.611364,9.9009671,93.27445,Linear interpolation between WHO estimates,WHO estimate,WHO estimate
United Kingdom,GBR,2018,Europe,16.86,24.843401,10.022222,93.689415,Linear interpolation between WHO estimates,WHO estimate,WHO estimate
United Kingdom,GBR,2019,Europe,16.08,24.090059,9.8990869,87.690834,Linear interpolation between WHO estimates,WHO estimate,WHO estimate
United Kingdom,GBR,2020,Europe,15.3,23.343218,9.8625584,90.82219,WHO estimate,WHO estimate,WHO estimate
United Kingdom,GBR,2021,Europe,14.65,22.60659,10.220613,89.21022,Linear interpolation between WHO estimates,WHO estimate,WHO estimate
United States,USA,2000,Americas,38.6,30.782986,8.4315707,198.92432,WHO estimate,WHO estimate,WHO estimate
United States,USA,2001,Americas,37.26,31.122717,8.3954366,191.0485,Linear interpolation between WHO estimates,WHO estimate,WHO estimate
United States,USA,2002,Americas,35.92,31.45112,8.4755012,186.02496,Linear interpolation between WHO estimates,WHO estimate,WHO estimate
United States,USA,2003,Americas,34.58,31.778931,8.5445768,179.61908,Linear interpolation between WHO estimates,WHO estimate,WHO estimate
United States,USA,2004,Americas,33.24,32.095356,8.6008115,168.4497,Linear interpolation between WHO estimates,WHO estimate,WHO estimate
United States,USA,2005,Americas,31.9,32.382835,8.6530406,163.34738,WHO estimate,WHO estimate,WHO estimate
United States,USA,2006,Americas,30.8,32.671444,8.7583894,154.67557,Linear interpolation between WHO estimates,WHO estimate,WHO estimate
United States,USA,2007,Americas,29.7,32.961422,8.863143,149.16867,WHO estimate,WHO estimate,WHO estimate
United States,USA,2008,Americas,28.633333,33.235764,8.8492726,148.0418,Linear interpolation between WHO estimates,WHO estimate,WHO estimate
United States,USA,2009,Americas,27.566667,33.497871,8.7663663,141.39267,Linear interpolation between WHO estimates,WHO estimate,WHO estimate
United States,USA,2010,Americas,26.5,33.738415,8.6521323,138.3458,WHO estimate,WHO estimate,WHO estimate
United States,USA,2011,Americas,25.6,33.952988,8.7504064,134.80379,Linear interpolation between WHO estimates,WHO estimate,WHO estimate
United States,USA,2012,Americas,24.7,34.143711,8.91104,132.41144,Linear interpolation between WHO estimates,WHO estimate,WHO estimate
United States,USA,2013,Americas,23.8,34.33186,8.8614516,132.06017,Linear interpolation between WHO estimates,WHO estimate,WHO estimate
United States,USA,2014,Americas,22.9,34.527119,8.8199275,130.99333,Linear interpolation between WHO estimates,WHO estimate,WHO estimate
United States,USA,2015,Americas,22,34.722393,8.8164829,132.92258,WHO estimate,WHO estimate,WHO estimate
United States,USA,2016,Americas,21.26,34.938751,8.9001079,131.07285,Linear interpolation between WHO estimates,WHO estimate,WHO estimate
United States,USA,2017,Americas,20.52,35.169247,8.8437381,131.03789,Linear interpolation between WHO estimates,WHO estimate,WHO estimate
United States,USA,2018,Americas,19.78,35.39856,8.8650266,130.0983,Linear interpolation between WHO estimates,WHO estimate,WHO estimate
United States,USA,2019,Americas,19.04,35.624588,8.8951977,126.21044,Linear interpolation between WHO estimates,WHO estimate,WHO estimate
United States,USA,2020,Americas,18.3,35.856758,9.1480077,132.97804,WHO estimate,WHO estimate,WHO estimate
United States,USA,2021,Americas,17.65,36.127174,9.5099108,134.24542,Linear interpolation between WHO estimates,WHO estimate,WHO estimate
United States,USA,2022,Americas,17,36.40873,9.4058105,129.45773,WHO estimate,WHO estimate,WHO estimate
Uruguay,URY,2000,Americas,34.5,30.957249,7.3761794,196.2997,WHO estimate,WHO estimate,WHO estimate
Uruguay,URY,2001,Americas,33.76,31.151855,7.1272287,195.16841,Linear interpolation between WHO estimates,WHO estimate,WHO estimate
Uruguay,URY,2002,Americas,33.02,31.355324,6.296065,187.07153,Linear interpolation between WHO estimates,WHO estimate,WHO estimate
Uruguay,URY,2003,Americas,32.28,31.56299,5.5921525,195.43385,Linear interpolation between WHO estimates,WHO estimate,WHO estimate
Uruguay,URY,2004,Americas,31.54,31.771925,6.0401324,187.66515,Linear interpolation between WHO estimates,WHO estimate,WHO estimate
Uruguay,URY,2005,Americas,30.8,31.985188,6.380494,180.0007,WHO estimate,WHO estimate,WHO estimate
Uruguay,URY,2006,Americas,30,32.200684,6.6259916,165.96814,Linear interpolation between WHO estimates,WHO estimate,WHO estimate
Uruguay,URY,2007,Americas,29.2,32.417419,6.7033926,173.63098,WHO estimate,WHO estimate,WHO estimate
Uruguay,URY,2008,Americas,28.5,32.635357,6.7389048,155.80576,Linear interpolation between WHO estimates,WHO estimate,WHO estimate
Uruguay,URY,2009,Americas,27.8,32.854473,6.6254841,146.86967,Linear interpolation between WHO estimates,WHO estimate,WHO estimate
Uruguay,URY,2010,Americas,27.1,33.080631,6.2600266,151.77582,WHO estimate,WHO estimate,WHO estimate
Uruguay,URY,2012,Americas,25.86,33.566448,6.1402464,141.84737,Linear interpolation between WHO estimates,WHO estimate,WHO estimate
Uruguay,URY,2013,Americas,25.24,33.824333,6.200717,133.36638,Linear interpolation between WHO estimates,WHO estimate,WHO estimate
Uruguay,URY,2014,Americas,24.62,34.092575,6.3932445,127.17292,Linear interpolation between WHO estimates,WHO estimate,WHO estimate
Uruguay,URY,2015,Americas,24,34.368443,6.2828469,133.26936,WHO estimate,WHO estimate,WHO estimate
Uruguay,URY,2016,Americas,23.46,34.651669,5.822834,132.5821,Linear interpolation between WHO estimates,WHO estimate,WHO estimate
Uruguay,URY,2017,Americas,22.92,34.938126,5.9061323,123.69707,Linear interpolation between WHO estimates,WHO estimate,WHO estimate
Uruguay,URY,2018,Americas,22.38,35.22686,5.8480169,120.95905,Linear interpolation between WHO estimates,WHO estimate,WHO estimate
Uruguay,URY,2019,Americas,21.84,35.518623,5.6606905,116.10632,Linear interpolation between WHO estimates,WHO estimate,WHO estimate
Uruguay,URY,2020,Americas,21.3,35.821217,5.8634739,106.46751,WHO estimate,WHO estimate,WHO estimate
Uruguay,URY,2021,Americas,20.8,36.108669,5.9465167,113.28059,Linear interpolation between WHO estimates,WHO estimate,WHO estimate
Uruguay,URY,2022,Americas,20.3,36.401634,5.61197,107.78839,WHO estimate,WHO estimate,WHO estimate
Uzbekistan,UZB,2000,Europe,28.9,7.5457625,1.3090485,578.819,WHO estimate,WHO estimate,WHO estimate
Uzbekistan,UZB,2001,Europe,28.24,8.0912027,1.3654137,562.49927,Linear interpolation between WHO estimates,WHO estimate,WHO estimate
Uzbekistan,UZB,2002,Europe,27.58,8.6776228,1.4129353,580.9394,Linear interpolation between WHO estimates,WHO estimate,WHO estimate
Uzbekistan,UZB,2003,Europe,26.92,9.3091125,1.4710625,560.19635,Linear interpolation between WHO estimates,WHO estimate,WHO estimate
Uzbekistan,UZB,2004,Europe,26.26,9.9883766,1.5311259,528.3416,Linear interpolation between WHO estimates,WHO estimate,WHO estimate
Uzbekistan,UZB,2005,Europe,25.6,10.713345,1.6096689,568.2264,WHO estimate,WHO estimate,WHO estimate
Uzbekistan,UZB,2009,Europe,23.033333,14.11608,1.7706764,513.3439,Linear interpolation between WHO estimates,WHO estimate,WHO estimate
Uzbekistan,UZB,2010,Europe,22.4,15.093077,1.7425425,529.81573,WHO estimate,WHO estimate,WHO estimate
Uzbekistan,UZB,2011,Europe,21.88,16.120745,1.7338105,536.1273,Linear interpolation between WHO estimates,WHO estimate,WHO estimate
Uzbekistan,UZB,2012,Europe,21.36,17.195997,1.9549505,528.57666,Linear interpolation between WHO estimates,WHO estimate,WHO estimate
Uzbekistan,UZB,2013,Europe,20.84,18.319344,1.9492616,507.85742,Linear interpolation between WHO estimates,WHO estimate,WHO estimate
Uzbekistan,UZB,2014,Europe,20.32,19.490564,2.5104681,506.98273,Linear interpolation between WHO estimates,WHO estimate,WHO estimate
Uzbekistan,UZB,2015,Europe,19.8,20.708336,2.6071421,487.6102,WHO estimate,WHO estimate,WHO estimate
Uzbekistan,UZB,2016,Europe,19.38,21.973385,2.4152032,484.2495,Linear interpolation between WHO estimates,WHO estimate,WHO estimate
Uzbekistan,UZB,2017,Europe,18.96,23.282585,2.8121932,483.45926,Linear interpolation between WHO estimates,WHO estimate,WHO estimate
Uzbekistan,UZB,2018,Europe,18.54,24.633791,2.4577125,456.01877,Linear interpolation between WHO estimates,WHO estimate,WHO estimate
Uzbekistan,UZB,2019,Europe,18.12,26.028044,2.4829495,441.96405,Linear interpolation between WHO estimates,WHO estimate,WHO estimate
Uzbekistan,UZB,2020,Europe,17.7,27.460983,3.4733036,667.87646,WHO estimate,WHO estimate,WHO estimate
Uzbekistan,UZB,2021,Europe,17.35,28.929901,2.0683201,524.6609,Linear interpolation between WHO estimates,WHO estimate,WHO estimate
Uzbekistan,UZB,2022,Europe,17,30.439865,1.8656702,564.03345,WHO estimate,WHO estimate,WHO estimate
Uzbekistan,UZB,2023,Europe,16.6,,2.130663,594.05206,WHO estimate,No WHO estimate,WHO estimate
Venezuela,VEN,2000,Americas,,34.200386,8.0101541,231.7668,No WHO estimate,WHO estimate,WHO estimate
Venezuela,VEN,2001,Americas,,34.771881,8.0446956,233.36794,No WHO estimate,WHO estimate,WHO estimate
Venezuela,VEN,2002,Americas,,35.338913,6.915443,216.02838,No WHO estimate,WHO estimate,WHO estimate
Venezuela,VEN,2003,Americas,,35.903561,6.3292511,227.60887,No WHO estimate,WHO estimate,WHO estimate
Venezuela,VEN,2004,Americas,,36.462059,7.5739884,215.55257,No WHO estimate,WHO estimate,WHO estimate
Venezuela,VEN,2005,Americas,,37.018982,7.9237725,210.79869,No WHO estimate,WHO estimate,WHO estimate
Venezuela,VEN,2006,Americas,,37.570839,8.2635741,209.23705,No WHO estimate,WHO estimate,WHO estimate
Venezuela,VEN,2007,Americas,,38.119278,8.7550344,206.16945,No WHO estimate,WHO estimate,WHO estimate
Venezuela,VEN,2008,Americas,,38.662445,8.2582276,210.36505,No WHO estimate,WHO estimate,WHO estimate
Venezuela,VEN,2009,Americas,,39.199127,7.6717988,203.0272,No WHO estimate,WHO estimate,WHO estimate
Venezuela,VEN,2010,Americas,,39.733643,7.3370483,208.44048,No WHO estimate,WHO estimate,WHO estimate
Venezuela,VEN,2011,Americas,,40.264557,6.8314242,209.00166,No WHO estimate,WHO estimate,WHO estimate
Venezuela,VEN,2012,Americas,,40.789612,6.799249,201.83017,No WHO estimate,WHO estimate,WHO estimate
Venezuela,VEN,2013,Americas,,41.306339,6.8421166,196.01802,No WHO estimate,WHO estimate,WHO estimate
Venezuela,VEN,2014,Americas,,41.813515,6.5792241,212.63083,No WHO estimate,WHO estimate,WHO estimate
Venezuela,VEN,2015,Americas,,42.310287,6.1620002,208.01509,No WHO estimate,WHO estimate,WHO estimate
Venezuela,VEN,2016,Americas,,42.808159,4.0366517,224.29936,No WHO estimate,WHO estimate,WHO estimate
